signal,top_n,trend_filter,vol_screen,regime,weight,dates,sel,ctrl,edge,win,worst,p
mom126_s21,10,,,spy_up,equal,93,7.043591860470631,3.634754009647757,3.4088378508228754,67.74193548387096,-20.479221427565623,0.0
mom126,10,,,spy_up,equal,93,7.022400186766557,3.634754009647757,3.387646177118802,67.74193548387096,-16.0716168482905,0.0
mom126_s21,10,above200,,spy_up,equal,93,6.960425732652885,3.634754009647757,3.325671723005129,69.89247311827957,-20.479221427565623,0.0
mom126,10,above200,,spy_up,equal,93,6.914797314687428,3.634754009647757,3.280043305039672,67.74193548387096,-16.0716168482905,0.0
mom126,10,,,,equal,105,7.380544584435624,4.236315033867098,3.1442295505685265,64.76190476190476,-16.0716168482905,0.0
mom126,10,above200,,,equal,105,7.29512780524299,4.236315033867098,3.058812771375892,64.76190476190476,-16.0716168482905,0.0
mom189,10,above200,,spy_up,equal,93,6.669308792158395,3.634754009647757,3.0345547825106385,64.51612903225806,-14.125641166332464,0.0
mom189,10,,,spy_up,equal,93,6.657842472852965,3.634754009647757,3.0230884632052097,64.51612903225806,-14.125641166332464,0.0
mom126_s21,10,,,,equal,105,7.2455909997908075,4.236315033867098,3.00927596592371,63.8095238095238,-20.479221427565623,0.0
mom126,10,above50,,spy_up,equal,93,6.638085743733912,3.634754009647757,3.003331734086156,67.74193548387096,-14.023506448443685,0.0
mom126_s21,10,above200,,,equal,105,7.233447993284468,4.236315033867098,2.997132959417371,66.66666666666666,-20.479221427565623,0.0
mom63,10,above200,,spy_up,equal,93,6.621063473278113,3.634754009647757,2.986309463630355,68.81720430107528,-11.419248961639674,0.0
mom126_s21,10,above50,,spy_up,equal,93,6.517929408981583,3.634754009647757,2.883175399333825,64.51612903225806,-16.852757928331517,0.0
mom189,10,,,,equal,105,7.089943324480551,4.236315033867098,2.8536282906134534,61.904761904761905,-14.125641166332464,0.0
mom189,10,above200,,,equal,105,7.038618072738101,4.236315033867098,2.8023030388710053,60.952380952380956,-14.125641166332464,0.0
mom126,10,above50,,,equal,105,7.0267125043106216,4.236315033867098,2.7903974704435233,65.71428571428571,-14.023506448443685,
mom126_s21,10,,,spy_up,invvol,93,6.416719259317305,3.634754009647757,2.781965249669548,66.66666666666666,-19.522186672750582,
mom63,10,above200,,,equal,105,6.987980061267993,4.236315033867098,2.7516650274008954,66.66666666666666,-11.419248961639674,
mom63,10,above50,,spy_up,equal,93,6.308616268670959,3.634754009647757,2.673862259023201,65.59139784946237,-11.419248961639674,
mom126_s21,10,above200,,spy_up,invvol,93,6.305190379440427,3.634754009647757,2.6704363697926716,68.81720430107528,-19.522186672750582,
mom63,10,,,spy_up,equal,93,6.287890974044502,3.634754009647757,2.6531369643967433,64.51612903225806,-11.419248961639674,
mom126_s21,10,above50,,,equal,105,6.835379988431392,4.236315033867098,2.5990649545642954,61.904761904761905,-16.852757928331517,
blend,10,above200,,spy_up,equal,93,6.218923913002039,3.634754009647757,2.5841699033542826,62.365591397849464,-13.258944285291674,
blend,10,,,spy_up,equal,93,6.218923913002039,3.634754009647757,2.5841699033542826,62.365591397849464,-13.258944285291674,
blend,10,,,,equal,105,6.790945192221713,4.236315033867098,2.554630158354615,62.857142857142854,-13.258944285291674,
blend,10,above200,,,equal,105,6.790945192221713,4.236315033867098,2.554630158354615,62.857142857142854,-13.258944285291674,
mom126,10,,,spy_up,invvol,93,6.16209390977429,3.634754009647757,2.527339900126533,66.66666666666666,-15.02684379839655,
mom63,10,,,,equal,105,6.718836987237483,4.236315033867098,2.482521953370386,64.76190476190476,-11.419248961639674,
mom126,10,above200,,spy_up,invvol,93,6.079497168899459,3.634754009647757,2.444743159251701,66.66666666666666,-15.02684379839655,
mom126_s21,10,,,,invvol,105,6.626732316180667,4.236315033867098,2.3904172823135688,62.857142857142854,-19.522186672750582,
mom63,10,above50,,,equal,105,6.622115165254824,4.236315033867098,2.3858001313877257,63.8095238095238,-11.419248961639674,
blend,10,above50,,spy_up,equal,93,5.984610588697727,3.634754009647757,2.34985657904997,62.365591397849464,-13.258944285291674,
mom126,10,,,,invvol,105,6.559619326767899,4.236315033867098,2.3233042929008003,63.8095238095238,-15.02684379839655,
mom126_s21,10,above200,,,invvol,105,6.5521192986281935,4.236315033867098,2.3158042647610966,65.71428571428571,-19.522186672750582,
mom189,10,above50,,spy_up,equal,93,5.930509556953243,3.634754009647757,2.295755547305487,62.365591397849464,-9.993039880877898,
blend,10,above50,,,equal,105,6.524999654599845,4.236315033867098,2.288684620732747,61.904761904761905,-13.258944285291674,
mom126,10,above200,,,invvol,105,6.490066167731482,4.236315033867098,2.2537511338643834,63.8095238095238,-15.02684379839655,
mom189,10,above200,,spy_up,invvol,93,5.881118863405361,3.634754009647757,2.2463648537576053,62.365591397849464,-14.723034833830114,
mom189,10,,,spy_up,invvol,93,5.867557229453029,3.634754009647757,2.2328032198052723,62.365591397849464,-14.723034833830114,
mom126,10,above50,,spy_up,invvol,93,5.8472410195286555,3.634754009647757,2.212487009880898,66.66666666666666,-13.29237086509586,
mom189,10,above50,,,equal,105,6.422500146417606,4.236315033867098,2.186185112550509,60.0,-9.993039880877898,
mom63,10,above200,,spy_up,invvol,93,5.80877451273851,3.634754009647757,2.1740205030907527,62.365591397849464,-13.67206419795505,
mom126_s21,10,above50,,spy_up,invvol,93,5.756076580178235,3.634754009647757,2.1213225705304795,63.44086021505376,-16.130264919797465,
mom126,10,above50,,,invvol,105,6.315898931274544,4.236315033867098,2.079583897407446,64.76190476190476,-13.29237086509586,
mom252_s21,10,,,,equal,105,6.276749410114488,4.236315033867098,2.040434376247389,62.857142857142854,-16.84598094508405,
mom189,10,,,,invvol,105,6.261966466517318,4.236315033867098,2.025651432650221,59.04761904761905,-14.723034833830114,
mom252,10,,,spy_up,equal,93,5.656579707008137,3.634754009647757,2.021825697360379,60.215053763440864,-16.025725655377375,
mom252,10,above200,,spy_up,equal,93,5.647135377986208,3.634754009647757,2.012381368338451,61.29032258064516,-16.025725655377375,
mom126,20,,,spy_up,equal,93,5.628927632012418,3.625500421375437,2.0034272106369806,67.74193548387096,-11.670281098037618,
mom63,10,,,spy_up,invvol,93,5.6234148688301895,3.634754009647757,1.9886608591824322,62.365591397849464,-13.67206419795505,
mom189,10,above200,,,invvol,105,6.2227273009584145,4.236315033867098,1.9864122670913171,58.0952380952381,-14.723034833830114,
mom63,10,above50,,spy_up,invvol,93,5.596502625994152,3.634754009647757,1.9617486163463946,64.51612903225806,-13.67206419795505,
mom126,20,above200,,spy_up,equal,93,5.583588022382082,3.625500421375437,1.9580876010066428,66.66666666666666,-11.670281098037618,
mom252,10,,,,equal,105,6.180201991112684,4.236315033867098,1.9438869572455861,60.952380952380956,-16.025725655377375,
mom63,10,above200,,,invvol,105,6.1716147220839765,4.236315033867098,1.9352996882168805,60.0,-13.67206419795505,
mom126_s21,10,above50,,,invvol,105,6.156593315323127,4.236315033867098,1.9202782814560295,60.952380952380956,-16.130264919797465,
mom252,10,above200,,,equal,105,6.153554883889502,4.236315033867098,1.917239850022404,61.904761904761905,-16.025725655377375,
mom252_s21,10,,,spy_up,equal,93,5.551460518389164,3.634754009647757,1.9167065087414072,63.44086021505376,-16.84598094508405,
mom63,20,above200,,spy_up,equal,93,5.542026389839914,3.625500421375437,1.9165259684644769,68.81720430107528,-8.21923475402222,
mom252_s21,10,above200,,spy_up,equal,93,5.511357988585816,3.634754009647757,1.8766039789380593,62.365591397849464,-16.84598094508405,
mom63,20,,,spy_up,equal,93,5.4716859157624445,3.625500421375437,1.8461854943870066,68.81720430107528,-8.21923475402222,
mom252_s21,10,above200,,,equal,105,6.066982601698573,4.236315033867098,1.8306675678314757,61.904761904761905,-16.84598094508405,
mom126,20,,,,equal,105,6.034584564949679,4.224185323906812,1.8103992410428662,65.71428571428571,-11.670281098037618,
mom63,10,,,,invvol,105,6.028138140595975,4.236315033867098,1.7918231067288781,61.904761904761905,-13.67206419795505,
mom126_s21,20,,,spy_up,equal,93,5.4076242501106995,3.625500421375437,1.782123828735262,65.59139784946237,-15.543485468447077,
mom126,20,above200,,,equal,105,5.989661554640022,4.224185323906812,1.7654762307332088,65.71428571428571,-11.670281098037618,
mom189,20,above200,,spy_up,equal,93,5.377625452612152,3.625500421375437,1.752125031236714,62.365591397849464,-13.90241383729286,
mom189,20,,,spy_up,equal,93,5.354871260631644,3.625500421375437,1.7293708392562062,62.365591397849464,-13.90241383729286,
mom63,10,above50,,,invvol,105,5.92722796471132,4.236315033867098,1.6909129308442226,61.904761904761905,-13.67206419795505,
mom126,20,above50,,spy_up,equal,93,5.313959096364827,3.625500421375437,1.688458674989389,62.365591397849464,-11.16374427701008,
mom126_s21,20,above200,,spy_up,equal,93,5.310550316916459,3.625500421375437,1.685049895541023,64.51612903225806,-15.543485468447077,
mom63,20,above200,,,equal,105,5.903979553628853,4.224185323906812,1.6797942297220407,65.71428571428571,-8.21923475402222,
mom63,20,,,,equal,105,5.8955817560931765,4.224185323906812,1.6713964321863641,67.61904761904762,-8.21923475402222,
mom126_s21,20,,,,equal,105,5.859505369762357,4.224185323906812,1.6353200458555446,62.857142857142854,-15.543485468447077,
mom63,20,above50,,spy_up,equal,93,5.231823432912804,3.625500421375437,1.6063230115373663,67.74193548387096,-9.561431688571744,
mom252_s21,10,above50,,,equal,105,5.8203669331636805,4.236315033867098,1.5840518992965829,63.8095238095238,-18.158052130698334,
mom252_s21,10,above50,,spy_up,equal,93,5.211135058525781,3.634754009647757,1.5763810488780257,63.44086021505376,-18.158052130698334,
mom126_s21,20,above200,,,equal,105,5.8001405478840695,4.224185323906812,1.575955223977257,61.904761904761905,-15.543485468447077,
mom189,20,,,,equal,105,5.790514090004857,4.224185323906812,1.5663287660980452,60.0,-13.90241383729286,
blend,10,above200,,spy_up,invvol,93,5.199112541609058,3.634754009647757,1.5643585319613007,59.13978494623656,-13.852936071093952,
blend,10,,,spy_up,invvol,93,5.199112541609058,3.634754009647757,1.5643585319613007,59.13978494623656,-13.852936071093952,
blend,10,,,,invvol,105,5.7955974637340395,4.236315033867098,1.5592824298669423,59.04761904761905,-13.852936071093952,
blend,10,above200,,,invvol,105,5.7955974637340395,4.236315033867098,1.5592824298669423,59.04761904761905,-13.852936071093952,
blend,20,,,spy_up,equal,93,5.1833163371796385,3.625500421375437,1.5578159158042033,66.66666666666666,-7.727038561984031,
blend,20,above200,,spy_up,equal,93,5.1833163371796385,3.625500421375437,1.5578159158042033,66.66666666666666,-7.727038561984031,
mom252,10,above50,,,equal,105,5.791489207725607,4.236315033867098,1.5551741738585105,57.14285714285714,-16.025725655377375,
mom189,20,above200,,,equal,105,5.7743591595121995,4.224185323906812,1.550173835605386,60.0,-13.90241383729286,
mom126,20,above50,,,equal,104,5.792574807049284,4.269502127686027,1.5230726793632565,60.57692307692307,-11.16374427701008,
mom189,10,above50,,spy_up,invvol,93,5.102099049387562,3.634754009647757,1.4673450397398047,59.13978494623656,-11.814880937348377,
mom252,10,above50,,spy_up,equal,93,5.0984828522101715,3.634754009647757,1.463728842562414,56.98924731182796,-16.025725655377375,
blend,10,above50,,,invvol,105,5.6474645182696435,4.236315033867098,1.4111494844025458,60.0,-13.852936071093952,
blend,10,above50,,spy_up,invvol,93,5.042939407229562,3.634754009647757,1.408185397581805,60.215053763440864,-13.852936071093952,
mom189,10,above50,,,invvol,105,5.637396282125988,4.236315033867098,1.4010812482588908,58.0952380952381,-11.814880937348377,
blend,20,,,,equal,105,5.619256609970414,4.224185323906812,1.395071286063601,64.76190476190476,-9.925799820035849,
blend,20,above200,,,equal,105,5.619256609970414,4.224185323906812,1.395071286063601,64.76190476190476,-9.925799820035849,
mom126,30,,,spy_up,equal,93,4.987409217546944,3.6045080590398437,1.3829011585071012,63.44086021505376,-12.552250993435019,
mom126,20,,,spy_up,invvol,93,4.970684129671172,3.625500421375437,1.3451837082957339,62.365591397849464,-11.863468922487383,
mom63,20,,,spy_up,invvol,93,4.970200546396902,3.625500421375437,1.3447001250214643,67.74193548387096,-7.408515097788975,
mom63,20,above200,,spy_up,invvol,93,4.960788894252686,3.625500421375437,1.3352884728772496,67.74193548387096,-7.408515097788975,
mom126,30,above200,,spy_up,equal,93,4.934605024722349,3.6045080590398437,1.3300969656825044,63.44086021505376,-12.552250993435019,
mom63,20,above50,,,equal,104,5.599530408546979,4.269502127686027,1.3300282808609536,66.34615384615384,-9.561431688571744,
mom63,30,above200,,spy_up,equal,93,4.924681237049329,3.6045080590398437,1.3201731780094859,68.81720430107528,-8.26359316125005,
mom126,20,above200,,spy_up,invvol,93,4.9370181910503135,3.625500421375437,1.3115177696748752,61.29032258064516,-11.863468922487383,
mom126,30,,,,equal,105,5.47999628820693,4.197725115970058,1.2822711722368705,60.952380952380956,-12.552250993435019,
mom126_s21,30,,,spy_up,equal,93,4.834843378614187,3.6045080590398437,1.2303353195743432,64.51612903225806,-12.309825887827925,
mom63,30,,,spy_up,equal,93,4.833604500856044,3.6045080590398437,1.2290964418161998,69.89247311827957,-8.26359316125005,
mom126_s21,30,above200,,spy_up,equal,93,4.833006097645665,3.6045080590398437,1.2284980386058226,63.44086021505376,-12.309825887827925,
mom126_s21,20,above50,,spy_up,equal,93,4.844854198050313,3.625500421375437,1.219353776674875,58.06451612903226,-13.559086654069896,
blend,20,above50,,spy_up,equal,93,4.840363982724963,3.625500421375437,1.2148635613495267,65.59139784946237,-8.405195723244615,
mom126,30,above200,,,equal,105,5.411274688992389,4.197725115970058,1.2135495730223296,60.952380952380956,-12.552250993435019,
mom63,20,,,,invvol,105,5.4224698423957065,4.224185323906812,1.1982845184888937,66.66666666666666,-7.408515097788975,
mom126,20,,,,invvol,105,5.390057693442642,4.224185323906812,1.1658723695358288,60.0,-11.863468922487383,
mom63,30,above200,,,equal,105,5.360587548231927,4.197725115970058,1.1628624322618686,66.66666666666666,-8.26359316125005,
mom189,20,above50,,spy_up,equal,93,4.775837773638178,3.625500421375437,1.1503373522627398,64.51612903225806,-12.170435937484049,
mom126,30,above50,,spy_up,equal,93,4.751596958735432,3.6045080590398437,1.1470888996955875,62.365591397849464,-11.667690420037689,
mom63,20,above200,,,invvol,105,5.370347349040556,4.224185323906812,1.146162025133743,63.8095238095238,-7.408515097788975,
mom189,20,above200,,spy_up,invvol,93,4.767050651643903,3.625500421375437,1.1415502302684635,62.365591397849464,-15.551183471664054,
mom126,20,above200,,,invvol,105,5.3607524644402185,4.224185323906812,1.1365671405334061,59.04761904761905,-11.863468922487383,
mom252,10,above200,,spy_up,invvol,93,4.761648925125264,3.634754009647757,1.126894915477506,60.215053763440864,-15.59050148381726,
mom252,10,,,spy_up,invvol,93,4.761026863775564,3.634754009647757,1.126272854127807,60.215053763440864,-15.59050148381726,
mom63,20,above50,,spy_up,invvol,93,4.750958741017775,3.625500421375437,1.125458319642338,64.51612903225806,-8.539156399767343,
mom126_s21,20,,,spy_up,invvol,93,4.748816177846578,3.625500421375437,1.1233157564711393,60.215053763440864,-16.207018834232546,
mom189,20,,,spy_up,invvol,93,4.741019623900921,3.625500421375437,1.1155192025254816,61.29032258064516,-15.551183471664054,
mom252_s21,10,,,,invvol,105,5.334281692314582,4.236315033867098,1.097966658447485,58.0952380952381,-16.006865621737738,
mom126_s21,30,,,,equal,105,5.291978434675973,4.197725115970058,1.0942533187059142,61.904761904761905,-12.309825887827925,
mom63,30,,,,equal,105,5.290317278558792,4.197725115970058,1.0925921625887334,68.57142857142857,-8.26359316125005,
mom189,30,above200,,spy_up,equal,93,4.685767233065275,3.6045080590398437,1.0812591740254305,62.365591397849464,-12.144907821427056,
mom189,30,,,spy_up,equal,93,4.672621545283871,3.6045080590398437,1.068113486244027,61.29032258064516,-12.144907821427056,
mom63,30,above50,,spy_up,equal,93,4.668705331046312,3.6045080590398437,1.0641972720064694,66.66666666666666,-8.315617502963034,
mom126_s21,30,above50,,spy_up,equal,93,4.667148045094051,3.6045080590398437,1.0626399860542068,62.365591397849464,-11.1518817410474,
mom126,20,above50,,spy_up,invvol,93,4.68400636858174,3.625500421375437,1.058505947206302,60.215053763440864,-11.476971532862693,
mom126,30,above50,,,equal,103,5.121537711963872,4.065137123289002,1.0564005886748682,61.165048543689316,-11.667690420037689,
mom126_s21,30,above200,,,equal,105,5.241299494355185,4.197725115970058,1.0435743783851263,60.952380952380956,-12.309825887827925,
mom126_s21,20,above200,,spy_up,invvol,93,4.656646366258644,3.625500421375437,1.0311459448832057,59.13978494623656,-16.207018834232546,
mom252_s21,10,,,spy_up,invvol,93,4.651156254567937,3.634754009647757,1.01640224492018,59.13978494623656,-16.006865621737738,
mom126_s21,20,above50,,,equal,104,5.2844080754843885,4.269502127686027,1.0149059477983622,55.769230769230774,-13.559086654069896,
mom252_s21,10,above200,,spy_up,invvol,93,4.638817659981015,3.634754009647757,1.0040636503332576,59.13978494623656,-16.006865621737738,
mom252,10,,,,invvol,105,5.236822323962655,4.236315033867098,1.0005072900955585,60.0,-15.59050148381726,
mom126_s21,20,,,,invvol,105,5.213170511219715,4.224185323906812,0.9889851873129029,58.0952380952381,-16.207018834232546,
blend,30,above200,,spy_up,equal,93,4.577210654885562,3.6045080590398437,0.9727025958457182,65.59139784946237,-7.936624320107481,
blend,30,,,spy_up,equal,93,4.577210654885562,3.6045080590398437,0.9727025958457182,65.59139784946237,-7.936624320107481,
mom252,10,above200,,,invvol,105,5.208987878720564,4.236315033867098,0.9726728448534675,60.0,-15.59050148381726,
mom189,20,above50,,,equal,104,5.239376515196,4.269502127686027,0.9698743875099728,61.53846153846154,-12.170435937484049,
blend,20,above50,,,equal,104,5.234480872021726,4.269502127686027,0.9649787443356993,62.5,-9.424428498038498,
mom189,30,,,,equal,105,5.157105186756164,4.197725115970058,0.9593800707861047,58.0952380952381,-12.144907821427056,
mom189,20,,,,invvol,105,5.1807619179799325,4.224185323906812,0.9565765940731201,59.04761904761905,-15.551183471664054,
mom189,30,above200,,,equal,105,5.15159786186113,4.197725115970058,0.9538727458910709,59.04761904761905,-12.144907821427056,
mom252_s21,20,,,,equal,105,5.175948639431818,4.224185323906812,0.9517633155250051,54.285714285714285,-12.250303311312036,
mom189,20,above200,,,invvol,105,5.1748372718299605,4.224185323906812,0.9506519479231481,60.0,-15.551183471664054,
mom63,50,above200,,spy_up,equal,93,4.557202269633735,3.64115909852316,0.9160431711105737,66.66666666666666,-5.902953797164848,
mom126_s21,30,above50,,,equal,103,4.979839693369789,4.065137123289002,0.9147025700807861,60.19417475728155,-11.1518817410474,
mom126,50,,,spy_up,equal,93,4.55509842507158,3.64115909852316,0.9139393265484199,60.215053763440864,-12.738934450153222,
mom126_s21,20,above200,,,invvol,105,5.137981950122447,4.224185323906812,0.9137966262156341,57.14285714285714,-16.207018834232546,
mom252_s21,20,,,spy_up,equal,93,4.539130974774238,3.625500421375437,0.9136305533988011,54.83870967741935,-12.250303311312036,
mom126_s21,50,,,spy_up,equal,93,4.551503853240814,3.64115909852316,0.9103447547176541,62.365591397849464,-10.410854862453478,
mom126,20,above50,,,invvol,104,5.167785265482046,4.269502127686027,0.8982831377960198,58.65384615384615,-11.476971532862693,
mom252_s21,10,above200,,,invvol,105,5.1269752274727844,4.236315033867098,0.8906601936056885,59.04761904761905,-16.006865621737738,
mom63,50,,,spy_up,equal,93,4.530995573796879,3.64115909852316,0.8898364752737195,63.44086021505376,-5.902953797164848,
mom63,30,above50,,,equal,103,4.943509047105249,4.065137123289002,0.8783719238162478,65.0485436893204,-8.315617502963034,
mom126_s21,50,above200,,spy_up,equal,93,4.507858373540654,3.64115909852316,0.8666992750174937,61.29032258064516,-10.925506008081182,
mom126,50,above200,,spy_up,equal,93,4.50736825970111,3.64115909852316,0.8662091611779492,60.215053763440864,-12.738934450153222,
mom63,20,above50,,,invvol,104,5.123974396053814,4.269502127686027,0.854472268367789,62.5,-8.539156399767343,
blend,30,,,,equal,105,5.0442771111462035,4.197725115970058,0.8465519951761447,63.8095238095238,-8.215287186296544,
blend,30,above200,,,equal,105,5.043022219118553,4.197725115970058,0.8452971031484948,63.8095238095238,-8.215287186296544,
mom126,50,,,,equal,105,5.05924888807315,4.234273954656367,0.8249749334167833,59.04761904761905,-12.738934450153222,
mom252_s21,20,above200,,spy_up,equal,93,4.437168672069404,3.625500421375437,0.8116682506939678,51.61290322580645,-12.250303311312036,
mom189,30,above50,,spy_up,equal,93,4.413696345199631,3.6045080590398437,0.8091882861597901,64.51612903225806,-11.415856051178668,
blend,20,above200,,spy_up,invvol,93,4.413006522649402,3.625500421375437,0.7875061012739646,62.365591397849464,-9.20331442218473,
blend,20,,,spy_up,invvol,93,4.413006522649402,3.625500421375437,0.7875061012739646,62.365591397849464,-9.20331442218473,
mom189,50,,,spy_up,equal,93,4.427946220881268,3.64115909852316,0.7867871223581069,61.29032258064516,-12.359466325751715,
mom126,50,above200,,,equal,104,4.838238090297307,4.052861726758901,0.7853763635384052,59.61538461538461,-12.738934450153222,
mom63,50,above200,,,equal,104,4.827405699499914,4.052861726758901,0.7745439727410144,63.46153846153846,-6.158817728332862,
mom252,20,,,spy_up,equal,93,4.396169018480559,3.625500421375437,0.7706685971051217,56.98924731182796,-12.38686508523557,
mom126_s21,50,,,,equal,105,5.002618354016051,4.234273954656367,0.7683443993596831,60.0,-10.410854862453478,
mom189,50,above200,,spy_up,equal,93,4.409457659044535,3.64115909852316,0.7682985605213745,61.29032258064516,-12.359466325751715,
mom63,50,,,,equal,105,4.997482426150996,4.234273954656367,0.7632084714946282,62.857142857142854,-5.902953797164848,
blend,30,above50,,spy_up,equal,93,4.365693002932789,3.6045080590398437,0.7611849438929442,66.66666666666666,-7.936624320107481,
mom252,20,,,,equal,105,4.969520565562211,4.224185323906812,0.7453352416553983,56.19047619047619,-12.38686508523557,
mom63,30,above200,,spy_up,invvol,93,4.3470760736919285,3.6045080590398437,0.742568014652085,62.365591397849464,-7.786280387819422,
mom126,30,,,spy_up,invvol,93,4.342702863884902,3.6045080590398437,0.7381948048450568,60.215053763440864,-12.973145302944406,
mom252,20,above200,,spy_up,equal,93,4.363095561114411,3.625500421375437,0.7375951397389735,56.98924731182796,-12.38686508523557,
mom63,30,,,spy_up,invvol,93,4.327938093591514,3.6045080590398437,0.7234300345516692,60.215053763440864,-7.786280387819422,
mom189,30,above50,,,equal,103,4.788219710737283,4.065137123289002,0.7230825874482819,63.10679611650486,-11.415856051178668,
mom252_s21,20,above200,,,equal,105,4.939532222451082,4.224185323906812,0.7153468985442706,50.476190476190474,-12.250303311312036,
mom252,10,above50,,,invvol,105,4.950692534638478,4.236315033867098,0.7143775007713808,54.285714285714285,-15.59050148381726,
mom189,50,,,,equal,105,4.9470170534082785,4.234273954656367,0.7127430987519114,59.04761904761905,-12.359466325751715,
mom252_s21,10,above50,,,invvol,105,4.926797889000995,4.236315033867098,0.6904828551338974,60.952380952380956,-17.645110270595644,
mom126,30,above200,,spy_up,invvol,93,4.293003241875417,3.6045080590398437,0.6884951828355723,59.13978494623656,-12.973145302944406,
mom126_s21,50,above200,,,equal,104,4.739897660179764,4.052861726758901,0.6870359334208641,58.65384615384615,-10.925506008081182,
mom189,50,above200,,,equal,104,4.737189652305,4.052861726758901,0.6843279255460998,59.61538461538461,-12.359466325751715,
mom252_s21,10,above50,,spy_up,invvol,93,4.300350811188076,3.634754009647757,0.665596801540319,62.365591397849464,-17.645110270595644,
mom126,30,,,,invvol,105,4.8539794776087986,4.197725115970058,0.6562543616387388,59.04761904761905,-12.973145302944406,
mom63,30,above200,,,invvol,105,4.850085371788867,4.197725115970058,0.6523602558188084,61.904761904761905,-7.786280387819422,
blend,20,,,,invvol,105,4.868588918654376,4.224185323906812,0.6444035947475639,60.952380952380956,-9.81061991352899,
blend,20,above200,,,invvol,105,4.868588918654376,4.224185323906812,0.6444035947475639,60.952380952380956,-9.81061991352899,
mom252,20,above200,,,equal,105,4.866631161373696,4.224185323906812,0.6424458374668836,54.285714285714285,-12.38686508523557,
mom63,30,,,,invvol,105,4.832139319923027,4.197725115970058,0.6344142039529691,60.0,-7.786280387819422,
mom252,10,above50,,spy_up,invvol,93,4.261200809980107,3.634754009647757,0.6264468003323501,54.83870967741935,-15.59050148381726,
mom126_s21,30,,,spy_up,invvol,93,4.227296546964766,3.6045080590398437,0.6227884879249215,61.29032258064516,-12.634036433456064,
mom126_s21,30,above200,,spy_up,invvol,93,4.224350273979292,3.6045080590398437,0.6198422149394471,59.13978494623656,-12.634036433456064,
mom126,50,above50,,spy_up,equal,93,4.257013786293324,3.64115909852316,0.615854687770164,64.51612903225806,-10.851306267688047,
mom126_s21,20,above50,,spy_up,invvol,93,4.238442334798501,3.625500421375437,0.6129419134230634,56.98924731182796,-13.704549442259545,
mom189,30,above200,,spy_up,invvol,93,4.2114491429218175,3.6045080590398437,0.6069410838819735,61.29032258064516,-13.361156887158495,
mom63,50,above50,,spy_up,equal,93,4.241257427594069,3.64115909852316,0.6000983290709081,59.13978494623656,-7.362576251108166,
mom126,30,above50,,spy_up,invvol,93,4.203847367034645,3.6045080590398437,0.5993393079948012,61.29032258064516,-12.141456568577738,
mom189,30,,,spy_up,invvol,93,4.200043945163945,3.6045080590398437,0.5955358861241017,61.29032258064516,-13.361156887158495,
mom126,30,above200,,,invvol,105,4.787966197352605,4.197725115970058,0.5902410813825467,57.14285714285714,-12.973145302944406,
mom189,20,above50,,spy_up,invvol,93,4.215417363592753,3.625500421375437,0.5899169422173153,61.29032258064516,-13.422508803230013,
blend,30,above50,,,equal,103,4.650603369524322,4.065137123289002,0.5854662462353192,64.07766990291263,-8.591597824012236,
mom63,30,above50,,spy_up,invvol,93,4.163037453701297,3.6045080590398437,0.5585293946614537,60.215053763440864,-7.730915836785279,
mom126_s21,30,above50,,spy_up,invvol,93,4.1491170915010205,3.6045080590398437,0.5446090324611769,60.215053763440864,-11.47033298549835,
mom126,50,above50,,,equal,103,4.632946641093039,4.097798591582213,0.5351480495108257,63.10679611650486,-10.851306267688047,
blend,20,above50,,spy_up,invvol,93,4.155378370230673,3.625500421375437,0.529877948855235,61.29032258064516,-9.20331442218473,
mom126,30,above50,,,invvol,103,4.589793793759657,4.065137123289002,0.5246566704706569,60.19417475728155,-12.141456568577738,
mom63,50,above50,,,equal,103,4.610409135242986,4.097798591582213,0.5126105436607725,57.28155339805825,-7.362576251108166,
mom126_s21,30,,,,invvol,105,4.703566795940741,4.197725115970058,0.5058416799706821,58.0952380952381,-12.634036433456064,
mom252,20,above50,,spy_up,equal,93,4.13069272377714,3.625500421375437,0.5051923024017023,58.06451612903226,-12.7669553787405,
mom189,30,,,,invvol,105,4.702256381070348,4.197725115970058,0.5045312651002897,58.0952380952381,-13.361156887158495,
mom189,30,above200,,,invvol,105,4.694050221075825,4.197725115970058,0.49632510510576494,58.0952380952381,-13.361156887158495,
mom252_s21,30,,,,equal,105,4.681423568057308,4.197725115970058,0.48369845208724943,55.23809523809524,-9.58648475888166,
mom252,30,,,,equal,105,4.679147493042747,4.197725115970058,0.4814223770726879,57.14285714285714,-10.94377893797583,
mom252,30,above200,,spy_up,equal,93,4.074218382937735,3.6045080590398437,0.4697103238978916,56.98924731182796,-10.94377893797583,
mom252,30,,,spy_up,equal,93,4.07140741189302,3.6045080590398437,0.4668993528531767,56.98924731182796,-10.94377893797583,
blend,50,above200,,spy_up,equal,93,4.106298817278884,3.64115909852316,0.46513971875572413,65.59139784946237,-6.393429649978982,
blend,50,,,spy_up,equal,93,4.106298817278884,3.64115909852316,0.46513971875572413,65.59139784946237,-6.393429649978982,
mom126_s21,30,above200,,,invvol,105,4.642724528405711,4.197725115970058,0.4449994124356518,55.23809523809524,-12.634036433456064,
mom189,50,above50,,spy_up,equal,93,4.074386420443039,3.64115909852316,0.43322732191987895,64.51612903225806,-11.366050916415007,
mom126_s21,20,above50,,,invvol,104,4.699325964469106,4.269502127686027,0.42982383678307895,54.807692307692314,-13.704549442259545,
mom252_s21,30,,,spy_up,equal,93,4.029473957082102,3.6045080590398437,0.4249658980422592,55.91397849462365,-9.58648475888166,
mom126_s21,50,,,spy_up,invvol,93,4.062941441243329,3.64115909852316,0.4217823427201691,58.06451612903226,-10.779275444508524,
mom252,30,above200,,,equal,105,4.619168301573586,4.197725115970058,0.421443185603527,55.23809523809524,-10.94377893797583,
mom126_s21,30,above50,,,invvol,103,4.486252488526617,4.065137123289002,0.42111536523761456,58.252427184466015,-11.47033298549835,
mom189,20,above50,,,invvol,104,4.687334634377017,4.269502127686027,0.4178325066909908,58.65384615384615,-13.422508803230013,
mom63,30,above50,,,invvol,103,4.478405081381029,4.065137123289002,0.4132679580920273,59.22330097087378,-7.730915836785279,
mom252,20,above50,,,equal,104,4.670795301382385,4.269502127686027,0.4012931736963594,55.769230769230774,-12.7669553787405,
mom126_s21,50,above50,,spy_up,equal,93,4.042070568484232,3.64115909852316,0.4009114699610714,61.29032258064516,-9.843476956430782,
mom126,50,,,spy_up,invvol,93,4.0373418659887275,3.64115909852316,0.3961827674655669,60.215053763440864,-13.44749009537775,
mom126_s21,50,above200,,spy_up,invvol,93,4.034600531826371,3.64115909852316,0.3934414333032108,58.06451612903226,-11.415580882716931,
mom63,50,,,spy_up,invvol,93,4.033584624926123,3.64115909852316,0.39242552640296297,56.98924731182796,-5.950621207387878,
blend,50,above200,,,equal,104,4.438519245396003,4.052861726758901,0.3856575186371028,63.46153846153846,-6.393429649978982,
mom63,50,above200,,spy_up,invvol,93,4.025845068298752,3.64115909852316,0.38468596977559133,58.06451612903226,-6.187844119502441,
mom252_s21,30,above200,,spy_up,equal,93,3.989163731122083,3.6045080590398437,0.3846556720822394,53.76344086021505,-9.58648475888166,
mom126,50,above200,,spy_up,invvol,93,4.006037184157511,3.64115909852316,0.3648780856343504,59.13978494623656,-13.44749009537775,
blend,50,,,,equal,105,4.595256920449879,4.234273954656367,0.3609829657935108,62.857142857142854,-6.393429649978982,
mom126,50,,,,invvol,105,4.573375126829091,4.234273954656367,0.33910117217272306,59.04761904761905,-13.44749009537775,
mom189,50,,,spy_up,invvol,93,3.9707506528464673,3.64115909852316,0.3295915543233065,60.215053763440864,-13.562633344195682,
blend,30,above200,,spy_up,invvol,93,3.927553091080871,3.6045080590398437,0.323045032041027,58.06451612903226,-9.053111026885304,
blend,30,,,spy_up,invvol,93,3.927553091080871,3.6045080590398437,0.323045032041027,58.06451612903226,-9.053111026885304,
mom126,50,above200,,,invvol,104,4.374254607543682,4.052861726758901,0.32139288078478073,58.65384615384615,-13.44749009537775,
mom189,50,above200,,spy_up,invvol,93,3.959125270896189,3.64115909852316,0.3179661723730289,60.215053763440864,-13.562633344195682,
mom126_s21,50,above50,,,equal,103,4.414469561090133,4.097798591582213,0.31667096950792084,60.19417475728155,-9.843476956430782,
mom189,30,above50,,spy_up,invvol,93,3.918851599580475,3.6045080590398437,0.31434354054063113,64.51612903225806,-12.490432094471482,
mom189,50,above50,,,equal,103,4.4114790953231635,4.097798591582213,0.31368050374095113,62.13592233009708,-11.366050916415007,
blend,20,above50,,,invvol,104,4.578105851119995,4.269502127686027,0.3086037234339679,58.65384615384615,-9.20331442218473,
mom63,50,above200,,,invvol,104,4.359794100127574,4.052861726758901,0.3069323733686726,55.769230769230774,-6.187844119502441,
mom63,50,,,,invvol,105,4.540940507394856,4.234273954656367,0.3066665527384892,56.19047619047619,-6.278365182084681,
mom126_s21,50,,,,invvol,105,4.538483925974828,4.234273954656367,0.3042099713184597,57.14285714285714,-10.779275444508524,
mom252_s21,20,,,,invvol,105,4.52558419132622,4.224185323906812,0.30139886741940736,57.14285714285714,-12.729332881635653,
mom252_s21,20,,,spy_up,invvol,93,3.9163722168656365,3.625500421375437,0.29087179549019865,56.98924731182796,-12.729332881635653,
mom189,50,,,,invvol,105,4.51985568259194,4.234273954656367,0.28558172793557224,59.04761904761905,-13.562633344195682,
mom189,50,above200,,,invvol,104,4.323212691327608,4.052861726758901,0.27035096456870783,59.61538461538461,-13.562633344195682,
mom189,30,above50,,,invvol,103,4.317846066865657,4.065137123289002,0.2527089435766546,64.07766990291263,-12.490432094471482,
mom252,50,,,,equal,105,4.486054729189543,4.234273954656367,0.25178077453317477,54.285714285714285,-9.197965677061195,
mom252_s21,30,above200,,,equal,105,4.4479898781186575,4.197725115970058,0.25026476214859905,51.42857142857142,-9.58648475888166,
mom126_s21,50,above200,,,invvol,104,4.289841581249017,4.052861726758901,0.23697985449011552,56.730769230769226,-11.415580882716931,
mom252,50,above200,,spy_up,equal,93,3.874110243344093,3.64115909852316,0.23295114482093296,55.91397849462365,-8.308961178456155,
blend,30,,,,invvol,105,4.416434621629393,4.197725115970058,0.21870950565933403,57.14285714285714,-9.053111026885304,
blend,30,above200,,,invvol,105,4.415540852566962,4.197725115970058,0.21781573659690284,57.14285714285714,-9.053111026885304,
blend,50,above50,,spy_up,equal,93,3.8515961206662412,3.64115909852316,0.2104370221430807,63.44086021505376,-8.575947594106069,
mom252_s21,50,,,,equal,105,4.444085713062835,4.234273954656367,0.20981175840646743,58.0952380952381,-8.036793500248002,
mom252,50,,,spy_up,equal,93,3.8414056262687084,3.64115909852316,0.20024652774554808,55.91397849462365,-9.197965677061195,
mom252_s21,50,,,spy_up,equal,93,3.837257833467446,3.64115909852316,0.19609873494428579,59.13978494623656,-8.036793500248002,
mom252_s21,20,above200,,spy_up,invvol,93,3.8129843320004615,3.625500421375437,0.18748391062502465,52.68817204301075,-12.729332881635653,
blend,30,above50,,spy_up,invvol,93,3.7914967535433193,3.6045080590398437,0.18698869450347586,59.13978494623656,-9.053111026885304,
mom252,50,above200,,,equal,104,4.238205491656969,4.052861726758901,0.18534376489806892,53.84615384615385,-8.308961178456155,
mom252_s21,20,above50,,spy_up,equal,93,3.7969991535398435,3.625500421375437,0.17149873216440686,56.98924731182796,-11.303601517294187,
mom126,50,above50,,spy_up,invvol,93,3.796589148118195,3.64115909852316,0.15543004959503479,56.98924731182796,-11.735614142030986,
mom63,50,above50,,spy_up,invvol,93,3.7831880978527375,3.64115909852316,0.14202899932957772,54.83870967741935,-6.946587619131122,
blend,50,above50,,,equal,103,4.221518385533504,4.097798591582213,0.12371979395129228,61.165048543689316,-8.575947594106069,
mom252_s21,50,above200,,spy_up,equal,93,3.741106322419827,3.64115909852316,0.09994722389666713,59.13978494623656,-8.365507236677205,
mom126,50,above50,,,invvol,103,4.193180361319512,4.097798591582213,0.095381769737299,56.310679611650485,-11.735614142030986,
mom63,50,above50,,,invvol,103,4.178838131630655,4.097798591582213,0.08103954004844105,54.36893203883495,-6.946587619131122,
mom252_s21,20,above50,,,equal,104,4.335130304876181,4.269502127686027,0.06562817719015406,54.807692307692314,-11.303601517294187,
mom252_s21,20,above200,,,invvol,105,4.285958141260271,4.224185323906812,0.061772817353459034,49.523809523809526,-12.729332881635653,
blend,30,above50,,,invvol,103,4.104898785999466,4.065137123289002,0.03976166271046334,57.28155339805825,-9.053111026885304,
mom252_s21,50,above200,,,equal,104,4.080102878072058,4.052861726758901,0.027241151313157377,56.730769230769226,-8.365507236677205,
mom189,50,above50,,spy_up,invvol,93,3.66391937960756,3.64115909852316,0.02276028108439929,62.365591397849464,-12.517951376949652,
mom126_s21,50,above50,,spy_up,invvol,93,3.6303649549327135,3.64115909852316,-0.010794143590446618,54.83870967741935,-9.900744393093566,
mom252,20,,,spy_up,invvol,93,3.6138085453383906,3.625500421375437,-0.011691876037046975,56.98924731182796,-14.046409296348452,
mom252,30,above50,,spy_up,equal,93,3.582171149893714,3.6045080590398437,-0.02233690914612974,55.91397849462365,-11.319718361540223,
mom252,20,above200,,spy_up,invvol,93,3.58312495328656,3.625500421375437,-0.0423754680888766,58.06451612903226,-14.046409296348452,
mom252,20,,,,invvol,105,4.175554152975795,4.224185323906812,-0.048631170931018,54.285714285714285,-14.046409296348452,
blend,50,,,spy_up,invvol,93,3.5912095057992643,3.64115909852316,-0.0499495927238953,59.13978494623656,-8.387769898922324,
blend,50,above200,,spy_up,invvol,93,3.5912095057992643,3.64115909852316,-0.0499495927238953,59.13978494623656,-8.387769898922324,
mom189,50,above50,,,invvol,103,4.044061869624801,4.097798591582213,-0.05373672195741226,62.13592233009708,-12.517951376949652,
mom252_s21,30,above50,,spy_up,equal,93,3.543225238165816,3.6045080590398437,-0.06128282087402852,59.13978494623656,-11.08880838051406,
mom252_s21,30,,,,invvol,105,4.134660882497161,4.197725115970058,-0.0630642334728968,55.23809523809524,-10.624081692686,
mom126_s21,50,above50,,,invvol,103,4.029149852006135,4.097798591582213,-0.06864873957607671,54.36893203883495,-9.900744393093566,
mom252_s21,30,,,spy_up,invvol,93,3.5086863473398755,3.6045080590398437,-0.09582171169996878,56.98924731182796,-10.624081692686,
blend,50,above200,,,invvol,104,3.9544174011936404,4.052861726758901,-0.09844432556526067,57.692307692307686,-8.387769898922324,
mom252_s21,30,above50,,,equal,103,3.963534687403944,4.065137123289002,-0.10160243588505742,57.28155339805825,-11.08880838051406,
mom252,30,above50,,,equal,103,3.9598432350724524,4.065137123289002,-0.10529388821655021,54.36893203883495,-11.319718361540223,
blend,50,,,,invvol,105,4.099176397647963,4.234273954656367,-0.13509755700840437,57.14285714285714,-8.387769898922324,
mom252,20,above200,,,invvol,105,4.083517475588259,4.224185323906812,-0.14066784831855197,56.19047619047619,-14.046409296348452,
mom252_s21,30,above200,,spy_up,invvol,93,3.4557969404509703,3.6045080590398437,-0.1487111185888738,54.83870967741935,-9.854791040333538,
mom252,30,,,,invvol,105,4.042072944290036,4.197725115970058,-0.15565217168002343,52.38095238095239,-10.757069528693282,
mom252,30,above200,,spy_up,invvol,93,3.4447438781451005,3.6045080590398437,-0.15976418089474356,52.68817204301075,-10.757069528693282,
mom252,30,,,spy_up,invvol,93,3.437955951601052,3.6045080590398437,-0.16655210743879198,52.68817204301075,-10.757069528693282,
mom252,20,above50,,spy_up,invvol,93,3.4583653801666303,3.625500421375437,-0.16713504120880643,54.83870967741935,-12.733255373985585,
mom252,30,above200,,,invvol,105,3.9937814305402117,4.197725115970058,-0.20394368542984753,50.476190476190474,-10.757069528693282,
mom252,50,above200,,spy_up,invvol,93,3.436980810483773,3.64115909852316,-0.204178288039387,56.98924731182796,-8.949742586737894,
mom252,50,,,,invvol,105,4.0291021646580925,4.234273954656367,-0.20517178999827512,55.23809523809524,-8.725026921801003,
mom252_s21,50,,,,invvol,105,4.012577966986232,4.234273954656367,-0.22169598767013624,55.23809523809524,-8.867273904835146,
mom252,50,above50,,spy_up,equal,93,3.4153353840855725,3.64115909852316,-0.22582371443758786,53.76344086021505,-11.17584977057042,
mom252_s21,50,,,spy_up,invvol,93,3.414633458693984,3.64115909852316,-0.22652563982917673,56.98924731182796,-8.867273904835146,
mom252_s21,50,above50,,spy_up,equal,93,3.414356898349273,3.64115909852316,-0.22680220017388797,58.06451612903226,-9.444810543318512,
mom252,50,above200,,,invvol,104,3.8147563510451334,4.052861726758901,-0.2381053757137666,55.769230769230774,-8.949742586737894,
mom252,50,,,spy_up,invvol,93,3.399607044246062,3.64115909852316,-0.24155205427709892,56.98924731182796,-8.725026921801003,
mom252,50,above50,,,equal,103,3.841830113890807,4.097798591582213,-0.2559684776914062,53.398058252427184,-11.17584977057042,
mom252,20,above50,,,invvol,104,4.005802829402019,4.269502127686027,-0.2636992982840073,52.88461538461539,-12.733255373985585,
mom189,10,above200,low_half,spy_up,equal,93,3.3693137447075907,3.634754009647757,-0.26544026494016515,52.68817204301075,-18.141284183355438,
mom189,10,,low_half,spy_up,equal,93,3.3693137447075907,3.634754009647757,-0.26544026494016515,52.68817204301075,-18.141284183355438,
blend,50,above50,,spy_up,invvol,93,3.371078963652331,3.64115909852316,-0.2700801348708288,58.06451612903226,-9.279423726098859,
mom252_s21,50,above50,,,equal,103,3.8152565682267436,4.097798591582213,-0.2825420233554705,57.28155339805825,-9.444810543318512,
mom252_s21,30,above200,,,invvol,105,3.907605990044117,4.197725115970058,-0.29011912592594186,51.42857142857142,-9.854791040333538,
mom189,10,,low_half,spy_up,invvol,93,3.3329765286458515,3.634754009647757,-0.30177748100190566,54.83870967741935,-18.86188564010544,
mom189,10,above200,low_half,spy_up,invvol,93,3.3329765286458515,3.634754009647757,-0.30177748100190566,54.83870967741935,-18.86188564010544,
mom252_s21,50,above200,,spy_up,invvol,93,3.334189467130101,3.64115909852316,-0.3069696313930597,53.76344086021505,-9.193403507984936,
blend,50,above50,,,invvol,103,3.768234530647457,4.097798591582213,-0.32956406093475565,56.310679611650485,-9.279423726098859,
mom189,10,above200,low_half,,equal,105,3.898188317258375,4.236315033867098,-0.33812671660872273,52.38095238095239,-18.141284183355438,
mom189,10,,low_half,,equal,105,3.898188317258375,4.236315033867098,-0.33812671660872273,52.38095238095239,-18.141284183355438,
mom252_s21,50,above200,,,invvol,104,3.686535796818239,4.052861726758901,-0.366325929940662,52.88461538461539,-9.193403507984936,
mom189,10,,low_half,,invvol,105,3.8552433275181626,4.236315033867098,-0.3810717063489343,53.333333333333336,-18.86188564010544,
mom189,10,above200,low_half,,invvol,105,3.8552433275181626,4.236315033867098,-0.3810717063489343,53.333333333333336,-18.86188564010544,
mom252_s21,20,above50,,spy_up,invvol,93,3.2092968795774257,3.625500421375437,-0.4162035417980122,52.68817204301075,-10.992916696140512,
mom126_s21,10,above50,low_half,spy_up,invvol,93,3.16561100982835,3.634754009647757,-0.4691429998194069,51.61290322580645,-12.952782986250888,
mom126_s21,10,above50,low_half,spy_up,equal,93,3.1311896433662447,3.634754009647757,-0.5035643662815124,49.46236559139785,-13.531258048159156,
mom189,10,,low_third,,equal,105,3.715017878015831,4.236315033867098,-0.5212971558512661,48.57142857142857,-17.468254229907913,
mom252_s21,30,above50,,spy_up,invvol,93,3.0828521690301427,3.6045080590398437,-0.5216558900097017,56.98924731182796,-10.511672709532807,
mom189,10,,low_third,spy_up,equal,93,3.111164287652119,3.634754009647757,-0.5235897219956375,49.46236559139785,-17.468254229907913,
mom189,10,above200,low_third,spy_up,equal,93,3.111164287652119,3.634754009647757,-0.5235897219956375,49.46236559139785,-17.468254229907913,
mom252_s21,20,above50,,,invvol,104,3.74302993186348,4.269502127686027,-0.5264721958225466,50.96153846153846,-10.992916696140512,
mom126_s21,10,above50,low_half,,invvol,104,3.731410101162849,4.277744678887503,-0.5463345777246531,50.0,-12.952782986250888,
mom189,10,above200,low_third,,equal,105,3.6896098114862728,4.236315033867098,-0.5467052223808244,47.61904761904761,-17.468254229907913,
mom252_s21,30,above50,,,invvol,103,3.5124089146062216,4.065137123289002,-0.5527282086827815,55.33980582524271,-10.511672709532807,
mom126_s21,10,above50,low_half,,equal,104,3.7144852568604634,4.277744678887503,-0.5632594220270389,49.03846153846153,-13.531258048159156,
mom252,30,above50,,spy_up,invvol,93,3.0392479535679895,3.6045080590398437,-0.5652601054718549,53.76344086021505,-11.328413083546273,
mom189,20,above200,low_half,spy_up,equal,93,3.0468837513889615,3.625500421375437,-0.5786166699864757,56.98924731182796,-15.017065665624225,
mom189,20,,low_half,spy_up,equal,93,3.0468837513889615,3.625500421375437,-0.5786166699864757,56.98924731182796,-15.017065665624225,
mom189,30,above200,low_half,spy_up,equal,93,3.0258447004339626,3.6045080590398437,-0.5786633586058811,56.98924731182796,-15.133939113578288,
mom189,10,,low_third,spy_up,invvol,93,3.0525940530950257,3.634754009647757,-0.5821599565527315,49.46236559139785,-17.812974591947,
mom189,10,above200,low_third,spy_up,invvol,93,3.0525940530950257,3.634754009647757,-0.5821599565527315,49.46236559139785,-17.812974591947,
mom189,30,,low_half,spy_up,equal,93,3.0201779042895853,3.6045080590398437,-0.5843301547502585,56.98924731182796,-15.133939113578288,
mom189,30,above200,low_half,,equal,104,3.4328345149198776,4.017214125839923,-0.5843796109200468,55.769230769230774,-15.133939113578288,
mom189,20,,low_half,spy_up,invvol,93,3.0398231173214807,3.625500421375437,-0.5856773040539568,54.83870967741935,-15.173313877225306,
mom189,20,above200,low_half,spy_up,invvol,93,3.0398231173214807,3.625500421375437,-0.5856773040539568,54.83870967741935,-15.173313877225306,
mom189,30,above200,low_half,spy_up,invvol,93,3.0180138902356544,3.6045080590398437,-0.5864941688041896,53.76344086021505,-15.52059960209529,
mom189,20,above200,low_third,,equal,104,3.4486435604426253,4.03825793150059,-0.5896143710579648,48.07692307692308,-16.137298757830596,
mom189,10,,low_third,,invvol,105,3.6456617082666183,4.236315033867098,-0.590653325600479,48.57142857142857,-17.812974591947,
mom189,30,,low_half,spy_up,invvol,93,3.0123199630737245,3.6045080590398437,-0.5921880959661197,53.76344086021505,-15.52059960209529,
mom189,30,above200,low_half,,invvol,104,3.4239652194716133,4.017214125839923,-0.5932489063683108,52.88461538461539,-15.52059960209529,
mom252_s21,50,above50,,spy_up,invvol,93,3.040802615314655,3.64115909852316,-0.6003564832085051,55.91397849462365,-9.395090931812316,
mom189,10,above200,low_third,,invvol,105,3.6217121754205723,4.236315033867098,-0.614602858446525,47.61904761904761,-17.812974591947,
mom252,50,above50,,spy_up,invvol,93,3.0210859744992864,3.64115909852316,-0.6200731240238739,52.68817204301075,-10.837497569282121,
mom252,30,above50,,,invvol,103,3.440836768428581,4.065137123289002,-0.6243003548604212,52.42718446601942,-11.328413083546273,
mom189,20,above200,low_third,spy_up,equal,93,2.995929550756409,3.625500421375437,-0.629570870619028,48.38709677419355,-16.137298757830596,
mom252,50,above50,,,invvol,103,3.4679586901130164,4.097798591582213,-0.6298399014691962,51.45631067961165,-10.837497569282121,
mom252_s21,50,above50,,,invvol,103,3.464252405913898,4.097798591582213,-0.633546185668315,54.36893203883495,-9.395090931812316,
mom189,30,,low_half,,equal,105,3.5633934574032735,4.197725115970058,-0.6343316585667849,55.23809523809524,-15.133939113578288,
mom189,20,above200,low_third,,invvol,104,3.4031644451188474,4.03825793150059,-0.6350934863817425,47.11538461538461,-16.524220137695327,
mom126_s21,20,above200,low_half,spy_up,invvol,93,2.986387969815211,3.625500421375437,-0.639112451560226,47.31182795698925,-12.2463720577342,
mom189,20,,low_third,,equal,105,3.5849154533751775,4.224185323906812,-0.6392698705316349,48.57142857142857,-16.137298757830596,
mom189,20,,low_third,spy_up,equal,93,2.9861182295286044,3.625500421375437,-0.6393821918468332,48.38709677419355,-16.137298757830596,
mom189,30,,low_half,,invvol,105,3.555176670712606,4.197725115970058,-0.6425484452574525,52.38095238095239,-15.52059960209529,
mom189,10,above50,low_third,spy_up,equal,93,2.992195758568015,3.634754009647757,-0.6425582510797417,49.46236559139785,-13.947936910424014,
mom189,10,above50,low_third,,equal,104,3.634223439122316,4.277744678887503,-0.6435212397651862,48.07692307692308,-13.947936910424014,
mom126_s21,20,,low_half,spy_up,invvol,93,2.9810088636076366,3.625500421375437,-0.6444915577677996,47.31182795698925,-12.2463720577342,
mom189,20,,low_half,,equal,105,3.570346052602845,4.224185323906812,-0.6538392713039668,55.23809523809524,-15.017065665624225,
mom126_s21,20,above200,low_half,spy_up,equal,93,2.9609650547162407,3.625500421375437,-0.664535366659196,47.31182795698925,-12.146101509632645,
mom189,20,above200,low_third,spy_up,invvol,93,2.9604094068602294,3.625500421375437,-0.665091014515208,48.38709677419355,-16.524220137695327,
mom189,20,,low_half,,invvol,105,3.5573813942506938,4.224185323906812,-0.6668039296561187,53.333333333333336,-15.173313877225306,
mom126_s21,20,,low_half,spy_up,equal,93,2.953977293089169,3.625500421375437,-0.671523128286268,47.31182795698925,-12.146101509632645,
mom189,20,,low_third,spy_up,invvol,93,2.9513027329195003,3.625500421375437,-0.6741976884559375,48.38709677419355,-16.524220137695327,
mom189,20,above200,low_half,,equal,105,3.544477267413695,4.224185323906812,-0.6797080564931172,55.23809523809524,-15.017065665624225,
mom189,20,,low_third,,invvol,105,3.5412170968881154,4.224185323906812,-0.682968227018696,47.61904761904761,-16.524220137695327,
mom189,50,above200,low_half,,equal,104,3.3683219182967608,4.052861726758901,-0.6845398084621396,50.96153846153846,-13.583199804532756,
mom126,10,above50,low_half,spy_up,invvol,93,2.949809184585648,3.634754009647757,-0.6849448250621093,51.61290322580645,-12.51641128656799,
mom126,10,above50,low_half,spy_up,equal,93,2.9485439366615736,3.634754009647757,-0.6862100729861833,53.76344086021505,-13.201034013950135,
mom252_s21,10,,low_third,spy_up,equal,93,2.9477358102996067,3.634754009647757,-0.6870181993481492,53.76344086021505,-17.691397012615678,
mom189,10,above50,low_third,spy_up,invvol,93,2.94726274031717,3.634754009647757,-0.6874912693305875,49.46236559139785,-14.274189665587429,
mom189,20,above200,low_half,,invvol,105,3.5326723074700075,4.224185323906812,-0.6915130164368049,52.38095238095239,-15.173313877225306,
mom189,50,above200,low_half,spy_up,equal,93,2.9493864860719086,3.64115909852316,-0.6917726124512522,50.53763440860215,-13.583199804532756,
mom189,50,,low_half,spy_up,equal,93,2.947369365385819,3.64115909852316,-0.6937897331373422,50.53763440860215,-13.583199804532756,
mom189,30,above50,low_half,spy_up,equal,92,2.8343496674997195,3.5301172350739876,-0.6957675675742672,51.08695652173913,-13.860375092807908,
mom126_s21,10,,low_third,spy_up,invvol,93,2.937419868206617,3.634754009647757,-0.6973341414411398,49.46236559139785,-12.551816106633817,
mom126_s21,30,,low_half,spy_up,equal,93,2.904729050331327,3.6045080590398437,-0.6997790087085172,44.086021505376344,-11.532803857468835,
mom189,10,above50,low_third,,invvol,104,3.577425931178306,4.277744678887503,-0.7003187477091958,48.07692307692308,-14.274189665587429,
mom189,30,above200,low_third,,equal,104,3.3159225754501955,4.017214125839923,-0.7012915503897288,50.0,-15.4912369036386,
mom126_s21,10,above200,low_third,spy_up,invvol,93,2.9306031787648545,3.634754009647757,-0.704150830882902,49.46236559139785,-12.551816106633817,
mom126_s21,10,,low_third,spy_up,equal,93,2.928445336836591,3.634754009647757,-0.7063086728111656,49.46236559139785,-12.239038758858204,
mom189,50,above200,low_half,,invvol,104,3.345049863126966,4.052861726758901,-0.7078118636319347,48.07692307692308,-13.842040522939817,
mom126_s21,30,above200,low_half,spy_up,equal,93,2.894480328763176,3.6045080590398437,-0.7100277302766675,45.16129032258064,-11.532803857468835,
mom126_s21,30,,low_half,spy_up,invvol,93,2.89332088927581,3.6045080590398437,-0.7111871697640328,46.236559139784944,-11.69290810251507,
mom126_s21,10,above200,low_third,spy_up,equal,93,2.920693466000929,3.634754009647757,-0.714060543646828,49.46236559139785,-12.239038758858204,
mom252_s21,10,,low_third,spy_up,invvol,93,2.920329975568179,3.634754009647757,-0.7144240340795778,54.83870967741935,-17.626002610273826,
mom189,50,,low_half,,equal,105,3.519159297297162,4.234273954656367,-0.715114657359206,50.476190476190474,-13.583199804532756,
mom189,30,above50,low_half,,equal,101,3.2759290536609607,3.9938470053076554,-0.7179179516466947,51.48514851485149,-13.860375092807908,
mom126_s21,20,,low_half,,invvol,105,3.50372729625505,4.224185323906812,-0.7204580276517624,46.666666666666664,-12.2463720577342,
mom126_s21,30,above200,low_half,spy_up,invvol,93,2.8835097811956834,3.6045080590398437,-0.7209982778441599,46.236559139784944,-11.69290810251507,
mom126_s21,20,above200,low_half,,invvol,105,3.5022173935726033,4.224185323906812,-0.721967930334209,46.666666666666664,-12.2463720577342,
mom189,50,above200,low_half,spy_up,invvol,93,2.9184381441312186,3.64115909852316,-0.7227209543919412,47.31182795698925,-13.842040522939817,
mom189,50,,low_half,spy_up,invvol,93,2.916475804830826,3.64115909852316,-0.7246832936923335,47.31182795698925,-13.842040522939817,
mom189,30,,low_third,spy_up,equal,93,2.879418475784643,3.6045080590398437,-0.7250895832551998,49.46236559139785,-15.323593114255834,
mom252_s21,10,above200,low_third,spy_up,equal,93,2.9081685152817514,3.634754009647757,-0.7265854943660042,53.76344086021505,-17.691397012615678,
mom189,30,above200,low_third,spy_up,equal,93,2.8776158543934307,3.6045080590398437,-0.7268922046464124,49.46236559139785,-15.4912369036386,
mom189,30,above50,low_half,spy_up,invvol,92,2.8004910210119407,3.5301172350739876,-0.7296262140620459,50.0,-14.114485684737366,
mom126,10,above50,low_half,,equal,104,3.5474983001320854,4.277744678887503,-0.7302463787554168,51.92307692307693,-13.201034013950135,
mom126,10,above50,low_half,,invvol,104,3.544447532067721,4.277744678887503,-0.7332971468197812,50.0,-12.51641128656799,
mom189,20,above50,low_half,,equal,102,3.2844218496502036,4.018872193498009,-0.7344503438478039,50.0,-15.535172814442324,
mom126_s21,10,above200,low_half,,equal,105,3.500192279470419,4.236315033867098,-0.7361227543966784,47.61904761904761,-13.614559314388714,
mom126_s21,20,,low_half,,equal,105,3.486542354266553,4.224185323906812,-0.737642969640259,46.666666666666664,-12.146101509632645,
mom189,20,above50,low_half,spy_up,equal,92,2.8124301167132693,3.5503143019512997,-0.7378841852380301,50.0,-15.535172814442324,
mom126_s21,20,above200,low_half,,equal,105,3.4849218970747677,4.224185323906812,-0.7392634268320452,46.666666666666664,-12.146101509632645,
mom189,50,,low_half,,invvol,105,3.4938108137277677,4.234273954656367,-0.7404631409285997,47.61904761904761,-13.842040522939817,
mom126_s21,30,,low_half,,equal,105,3.456789115463067,4.197725115970058,-0.7409360005069917,43.80952380952381,-11.532803857468835,
mom189,30,above200,low_third,,invvol,104,3.275437117454199,4.017214125839923,-0.741777008385725,49.03846153846153,-15.901361200091374,
mom189,30,above50,low_half,,invvol,101,3.2518759103504458,3.9938470053076554,-0.7419710949572101,50.495049504950494,-14.114485684737366,
mom126_s21,10,above200,low_half,spy_up,equal,93,2.891388378535592,3.634754009647757,-0.7433656311121649,48.38709677419355,-13.614559314388714,
mom126_s21,10,above200,low_half,spy_up,invvol,93,2.8910651740122915,3.634754009647757,-0.7436888356354648,49.46236559139785,-13.78123388892711,
mom189,30,,low_third,,equal,105,3.4531538688951806,4.197725115970058,-0.7445712470748785,48.57142857142857,-15.323593114255834,
mom126_s21,30,above200,low_half,,equal,104,3.271382305715799,4.017214125839923,-0.7458318201241242,45.19230769230769,-11.532803857468835,
mom189,20,above50,low_half,,invvol,102,3.2692610160767495,4.018872193498009,-0.7496111774212589,50.98039215686274,-15.930851500497415,
mom189,20,above50,low_half,spy_up,invvol,92,2.7948068365814844,3.5503143019512997,-0.7555074653698158,51.08695652173913,-15.930851500497415,
mom126_s21,30,,low_half,,invvol,105,3.441519549066753,4.197725115970058,-0.7562055669033059,45.714285714285715,-11.69290810251507,
mom252_s21,10,above200,low_third,spy_up,invvol,93,2.8769349624756146,3.634754009647757,-0.7578190471721419,54.83870967741935,-17.626002610273826,
mom189,30,,low_third,spy_up,invvol,93,2.845288125090647,3.6045080590398437,-0.7592199339491963,48.38709677419355,-15.696361813409549,
mom126_s21,30,above200,low_half,,invvol,104,3.2575488154436427,4.017214125839923,-0.7596653103962814,46.15384615384615,-11.69290810251507,
mom189,30,above200,low_third,spy_up,invvol,93,2.8430838306101975,3.6045080590398437,-0.7614242284296462,48.38709677419355,-15.901361200091374,
mom126_s21,10,above200,low_half,,invvol,105,3.4727316267958894,4.236315033867098,-0.7635834070712078,48.57142857142857,-13.78123388892711,
mom126_s21,10,,low_half,spy_up,invvol,93,2.8701281097842974,3.634754009647757,-0.764625899863459,49.46236559139785,-13.78123388892711,
mom126_s21,50,above50,low_third,,equal,86,2.646173654308475,3.4122860051712287,-0.7661123508627534,44.18604651162791,-12.601411049249478,
mom126_s21,10,,low_half,spy_up,equal,93,2.8675808019141407,3.634754009647757,-0.7671732077336157,48.38709677419355,-13.614559314388714,
mom126_s21,10,above200,low_third,,equal,105,3.4529366538734783,4.236315033867098,-0.783378379993619,48.57142857142857,-12.239038758858204,
mom189,30,,low_third,,invvol,105,3.410848138370006,4.197725115970058,-0.7868769776000526,47.61904761904761,-15.696361813409549,
blend,50,above50,low_third,,equal,86,2.623649226445101,3.4122860051712287,-0.7886367787261279,47.674418604651166,-12.684193995686977,
mom189,50,above50,low_third,,equal,86,2.6211611874932133,3.4122860051712287,-0.7911248176780147,45.348837209302324,-13.170699821256104,
mom126_s21,10,above200,low_third,,invvol,105,3.442458988900584,4.236315033867098,-0.7938560449665132,48.57142857142857,-12.551816106633817,
mom126_s21,50,above50,low_third,,invvol,86,2.614618898821499,3.4122860051712287,-0.7976671063497291,45.348837209302324,-12.789654271872713,
mom252_s21,10,,low_third,,equal,105,3.433625381345913,4.236315033867098,-0.8026896525211834,52.38095238095239,-17.691397012615678,
mom189,20,above50,low_third,,equal,101,3.138331409069464,3.9441864062755037,-0.805854997206039,46.53465346534654,-15.084344015966552,
mom126_s21,50,above50,low_third,spy_up,equal,80,2.214896418421319,3.022273074854025,-0.8073766564327057,43.75,-12.601411049249478,
mom189,10,above50,low_half,spy_up,equal,93,2.827234564375587,3.634754009647757,-0.8075194452721699,47.31182795698925,-14.677328383737814,
mom189,50,above50,low_half,,equal,96,2.9114299997665722,3.7226928989454344,-0.811262899178862,48.95833333333333,-12.356991806071143,
mom126_s21,10,,low_half,,equal,105,3.423095359725757,4.236315033867098,-0.8132196741413401,46.666666666666664,-13.614559314388714,
mom63,50,above200,low_half,,equal,104,3.2369998266203828,4.052861726758901,-0.8158619001385172,42.30769230769231,-11.813227737180092,
mom189,10,above50,low_half,,equal,104,3.4601125669962047,4.277744678887503,-0.8176321118912977,46.15384615384615,-14.677328383737814,
blend,50,above50,low_third,,invvol,86,2.593992732806504,3.4122860051712287,-0.8182932723647247,47.674418604651166,-12.943061630000754,
mom252,50,above50,low_third,,equal,86,2.593967074097765,3.4122860051712287,-0.8183189310734638,46.51162790697674,-13.236398591985681,
mom63,50,above50,low_third,,equal,86,2.593247665368929,3.4122860051712287,-0.8190383398022997,46.51162790697674,-13.040098365874492,
mom189,50,above50,low_half,,invvol,96,2.90135455441755,3.7226928989454344,-0.8213383445278841,46.875,-12.626697301164905,
mom126,50,above50,low_third,,equal,86,2.5878125812553585,3.4122860051712287,-0.8244734239158696,44.18604651162791,-12.55819531227999,
mom189,10,above50,low_half,spy_up,invvol,93,2.810202866417002,3.634754009647757,-0.8245511432307544,47.31182795698925,-15.227919495572328,
mom126_s21,50,,low_third,spy_up,equal,93,2.816450282661498,3.64115909852316,-0.8247088158616628,41.935483870967744,-12.91130211966956,
mom126_s21,10,above50,low_third,spy_up,invvol,93,2.808645160420248,3.634754009647757,-0.8261088492275085,48.38709677419355,-12.640868049688248,
mom189,50,above50,low_third,spy_up,equal,80,2.1937775594264193,3.022273074854025,-0.8284955154276057,46.25,-13.170699821256104,
mom126,10,,low_half,spy_up,equal,93,2.8059960285707386,3.634754009647757,-0.8287579810770184,52.68817204301075,-13.201034013950135,
mom126,10,above200,low_half,spy_up,equal,93,2.8059960285707386,3.634754009647757,-0.8287579810770184,52.68817204301075,-13.201034013950135,
mom252_s21,50,above50,low_third,,equal,86,2.5830368255764844,3.4122860051712287,-0.8292491795947435,44.18604651162791,-13.226525592659758,
mom189,50,above50,low_half,spy_up,equal,89,2.565009504568139,3.395348259835896,-0.8303387552677569,48.31460674157304,-12.356991806071143,
mom252,50,above50,low_third,spy_up,equal,80,2.190730808427389,3.022273074854025,-0.8315422664266363,47.5,-13.236398591985681,
mom126_s21,50,above200,low_half,,equal,104,3.22097866945841,4.052861726758901,-0.8318830573004905,43.269230769230774,-10.959308942716675,
mom126_s21,10,,low_third,,equal,105,3.4034384926301344,4.236315033867098,-0.8328765412369633,47.61904761904761,-12.239038758858204,
mom126_s21,50,,low_half,spy_up,equal,93,2.8076694273984506,3.64115909852316,-0.8334896711247095,45.16129032258064,-10.959308942716675,
mom126_s21,50,above200,low_half,spy_up,equal,93,2.8075534939712288,3.64115909852316,-0.8336056045519313,43.01075268817204,-10.959308942716675,
mom189,10,above50,low_half,,invvol,104,3.4432585614496087,4.277744678887503,-0.8344861174378939,46.15384615384615,-15.227919495572328,
mom126_s21,10,,low_third,,invvol,105,3.401049098541927,4.236315033867098,-0.8352659353251699,47.61904761904761,-12.551816106633817,
mom63,30,above200,low_third,,equal,104,3.1815274842379235,4.017214125839923,-0.8356866416020001,45.19230769230769,-15.545162457844153,
mom126_s21,50,,low_third,,equal,105,3.398527109082721,4.234273954656367,-0.8357468455736462,42.857142857142854,-12.91130211966956,
mom126,50,above200,low_half,,equal,104,3.2167914928803194,4.052861726758901,-0.8360702338785808,42.30769230769231,-9.466858983162671,
blend,50,above50,low_third,spy_up,equal,80,2.186185307101001,3.022273074854025,-0.836087767753024,47.5,-12.684193995686977,
mom189,50,above50,low_third,,invvol,86,2.5752330605849494,3.4122860051712287,-0.8370529445862784,46.51162790697674,-13.301258031129601,
mom126_s21,50,above50,low_third,spy_up,invvol,80,2.1842539079177534,3.022273074854025,-0.8380191669362717,45.0,-12.789654271872713,
mom126_s21,10,above50,low_third,spy_up,equal,93,2.795151202370556,3.634754009647757,-0.8396028072772008,49.46236559139785,-12.24286779581995,
mom63,30,above200,low_half,,equal,104,3.1772797819916114,4.017214125839923,-0.8399343438483124,42.30769230769231,-10.133607839202204,
mom126_s21,10,above50,low_third,,invvol,104,3.4370039217927375,4.277744678887503,-0.8407407570947647,47.11538461538461,-12.640868049688248,
mom126,10,above200,low_half,,equal,105,3.394357880749921,4.236315033867098,-0.8419571531171766,51.42857142857142,-13.201034013950135,
mom126,10,,low_half,,equal,105,3.394357880749921,4.236315033867098,-0.8419571531171766,51.42857142857142,-13.201034013950135,
mom126_s21,50,,low_half,spy_up,invvol,93,2.7982562809360485,3.64115909852316,-0.8429028175871116,46.236559139784944,-10.987741425857937,
mom126_s21,50,,low_third,spy_up,invvol,93,2.7960974763639292,3.64115909852316,-0.8450616221592304,41.935483870967744,-13.559956266345663,
mom126_s21,10,,low_half,,invvol,105,3.390993730490049,4.236315033867098,-0.845321303377048,47.61904761904761,-13.78123388892711,
mom126_s21,10,above50,low_third,,equal,104,3.4320719919633738,4.277744678887503,-0.8456726869241284,48.07692307692308,-12.24286779581995,
mom252_s21,50,above50,low_third,spy_up,equal,80,2.1758794461737128,3.022273074854025,-0.8463936286803123,45.0,-13.226525592659758,
mom126_s21,50,above200,low_half,,invvol,104,3.205498952927177,4.052861726758901,-0.8473627738317231,46.15384615384615,-10.987741425857937,
mom189,50,above50,low_half,spy_up,invvol,89,2.5464121929330834,3.395348259835896,-0.8489360669028125,46.06741573033708,-12.626697301164905,
mom126,50,above200,low_half,,invvol,104,3.2036371674473076,4.052861726758901,-0.8492245593115929,42.30769230769231,-9.665377486630733,
mom252_s21,10,,low_third,,invvol,105,3.3853127392300335,4.236315033867098,-0.8510022946370637,53.333333333333336,-17.626002610273826,
mom126_s21,50,above200,low_half,spy_up,invvol,93,2.7891627325821795,3.64115909852316,-0.8519963659409802,46.236559139784944,-10.987741425857937,
mom63,50,above200,low_half,spy_up,equal,93,2.7882515140072366,3.64115909852316,-0.8529075845159233,41.935483870967744,-11.813227737180092,
mom252,50,above50,low_third,,invvol,86,2.559327592693219,3.4122860051712287,-0.8529584124780087,47.674418604651166,-13.355130417519964,
mom126,10,above200,low_half,spy_up,invvol,93,2.7809278687223706,3.634754009647757,-0.8538261409253863,51.61290322580645,-12.51641128656799,
mom126,10,,low_half,spy_up,invvol,93,2.7809278687223706,3.634754009647757,-0.8538261409253863,51.61290322580645,-12.51641128656799,
mom126,50,above50,low_third,,invvol,86,2.557238688907781,3.4122860051712287,-0.8550473162634471,44.18604651162791,-12.805622765318569,
mom126_s21,50,,low_half,,equal,105,3.378506037656405,4.234273954656367,-0.8557679169999622,44.761904761904766,-10.959308942716675,
mom63,50,above200,low_half,,invvol,104,3.1944698575167045,4.052861726758901,-0.8583918692421961,44.230769230769226,-12.65576021680773,
mom63,50,above50,low_third,,invvol,86,2.5526744636295193,3.4122860051712287,-0.8596115415417099,44.18604651162791,-13.34345371831108,
mom126_s21,50,,low_third,,invvol,105,3.374446056607628,4.234273954656367,-0.859827898048739,41.904761904761905,-13.559956266345663,
mom63,50,,low_half,spy_up,equal,93,2.7807761526284915,3.64115909852316,-0.8603829458946685,41.935483870967744,-11.045258016460302,
mom189,50,,low_third,spy_up,equal,93,2.7796792070715797,3.64115909852316,-0.8614798914515807,47.31182795698925,-14.368894544107144,
mom189,20,above50,low_third,,invvol,101,3.0824712444710847,3.9441864062755037,-0.8617151618044183,44.554455445544555,-15.305327761199273,
mom126_s21,50,above50,low_half,,equal,96,2.8607733012693943,3.7226928989454344,-0.8619195976760406,40.625,-9.134897436205701,
mom63,50,,low_half,,equal,105,3.372353470380901,4.234273954656367,-0.8619204842754666,42.857142857142854,-11.045258016460302,
mom252_s21,50,above50,low_third,,invvol,86,2.5503295913509643,3.4122860051712287,-0.8619564138202649,44.18604651162791,-13.359396635334111,
mom189,50,above200,low_third,spy_up,equal,93,2.776901396630757,3.64115909852316,-0.8642577018924035,48.38709677419355,-14.742978237136771,
mom126_s21,50,above50,low_half,,invvol,96,2.858020740330458,3.7226928989454344,-0.8646721586149773,40.625,-9.629237829768797,
mom63,50,above50,low_third,spy_up,equal,80,2.1574901733919507,3.022273074854025,-0.8647829014620741,46.25,-13.040098365874492,
blend,50,above50,low_third,spy_up,invvol,80,2.156927336210479,3.022273074854025,-0.865345738643546,47.5,-12.943061630000754,
mom189,30,above50,low_third,,equal,97,2.7974694966627425,3.662872024428989,-0.8654025277662464,45.36082474226804,-15.911586269690526,
mom189,50,,low_third,,equal,105,3.3686333514068174,4.234273954656367,-0.8656406032495502,46.666666666666664,-14.368894544107144,
mom126_s21,50,,low_half,,invvol,105,3.3674781774146743,4.234273954656367,-0.8667957772416931,45.714285714285715,-10.987741425857937,
mom126,10,,low_half,,invvol,105,3.368223202670617,4.236315033867098,-0.8680918311964797,50.476190476190474,-12.51641128656799,
mom126,10,above200,low_half,,invvol,105,3.368223202670617,4.236315033867098,-0.8680918311964797,50.476190476190474,-12.51641128656799,
mom252,50,above50,low_third,spy_up,invvol,80,2.151683222752992,3.022273074854025,-0.8705898521010332,48.75,-13.355130417519964,
mom63,20,,low_half,spy_up,equal,93,2.7531715030312998,3.625500421375437,-0.8723289183441381,48.38709677419355,-12.010573105353592,
mom63,30,,low_third,spy_up,equal,93,2.7314777799388876,3.6045080590398437,-0.8730302791009559,43.01075268817204,-15.545162457844153,
mom63,30,above200,low_half,,invvol,104,3.1441503620038462,4.017214125839923,-0.8730637638360775,41.34615384615385,-10.736487438713226,
mom126,50,above50,low_third,spy_up,equal,80,2.1486541884203634,3.022273074854025,-0.8736188864336617,43.75,-12.55819531227999,
mom189,50,above50,low_third,spy_up,invvol,80,2.1480399712475515,3.022273074854025,-0.8742331036064737,47.5,-13.301258031129601,
mom63,30,above200,low_third,spy_up,equal,93,2.728945676610919,3.6045080590398437,-0.8755623824289248,44.086021505376344,-15.545162457844153,
blend,50,above200,low_half,,equal,104,3.1767166430268383,4.052861726758901,-0.8761450837320623,46.15384615384615,-10.081622163952195,
mom63,20,above200,low_half,spy_up,equal,93,2.7468314738287614,3.625500421375437,-0.8786689475466755,48.38709677419355,-12.010573105353592,
mom126,30,above200,low_third,,equal,104,3.1378545440242407,4.017214125839923,-0.8793595818156839,47.11538461538461,-11.673584041167151,
mom126,50,,low_half,,equal,105,3.35357850636707,4.234273954656367,-0.8806954482892968,41.904761904761905,-9.466858983162671,
mom63,30,above200,low_third,,invvol,104,3.1352319240639943,4.017214125839923,-0.8819822017759302,46.15384615384615,-16.400797549447294,
mom252_s21,50,above50,low_third,spy_up,invvol,80,2.1399391036707676,3.022273074854025,-0.8823339711832573,45.0,-13.359396635334111,
mom126,50,above200,low_half,spy_up,equal,93,2.757343141781656,3.64115909852316,-0.8838159567415049,40.86021505376344,-9.466858983162671,
mom252_s21,50,,low_third,spy_up,equal,93,2.7572772521804643,3.64115909852316,-0.8838818463426964,46.236559139784944,-14.070171764309766,
blend,50,above200,low_half,spy_up,equal,93,2.756766026801238,3.64115909852316,-0.8843930717219228,46.236559139784944,-10.081622163952195,
blend,50,,low_half,spy_up,equal,93,2.756766026801238,3.64115909852316,-0.8843930717219228,46.236559139784944,-10.081622163952195,
mom126,50,,low_half,spy_up,equal,93,2.7563871281652603,3.64115909852316,-0.8847719703579002,40.86021505376344,-9.466858983162671,
mom252_s21,10,above50,low_third,spy_up,equal,93,2.74666086485714,3.634754009647757,-0.8880931447906162,47.31182795698925,-15.326569124165301,
mom126,30,above200,low_third,,invvol,104,3.127566348556831,4.017214125839923,-0.8896477772830934,47.11538461538461,-11.820406835724045,
mom63,20,,low_half,,equal,105,3.332912994334186,4.224185323906812,-0.891272329572626,46.666666666666664,-12.010573105353592,
blend,30,above200,low_third,,equal,104,3.124573560297402,4.017214125839923,-0.8926405655425219,50.0,-13.028452362119229,
mom63,20,above200,low_half,,equal,105,3.3307466144875537,4.224185323906812,-0.8934387094192583,46.666666666666664,-12.010573105353592,
mom126,50,,low_half,,invvol,105,3.3403645372029516,4.234273954656367,-0.8939094174534159,41.904761904761905,-9.665377486630733,
mom126,30,above50,low_half,spy_up,equal,92,2.6355003702610516,3.5301172350739876,-0.8946168648129355,45.65217391304348,-10.59612115403286,
mom189,50,above200,low_third,,equal,101,3.1651143845286436,4.060148853790468,-0.8950344692618257,46.53465346534654,-14.742978237136771,
mom63,30,,low_third,,equal,105,3.3026432515164115,4.197725115970058,-0.8950818644536479,42.857142857142854,-15.545162457844153,
mom63,30,,low_half,,equal,105,3.3010709083566945,4.197725115970058,-0.8966542076133646,41.904761904761905,-10.133607839202204,
mom63,20,above200,low_third,,equal,104,3.1414712404124128,4.03825793150059,-0.8967866910881774,47.11538461538461,-14.78977853688015,
mom63,50,above200,low_half,spy_up,invvol,93,2.7435229044514022,3.64115909852316,-0.8976361940717575,44.086021505376344,-12.65576021680773,
mom126,20,above200,low_third,,equal,104,3.1405541945044018,4.03825793150059,-0.897703736996189,48.07692307692308,-14.698870868278902,
mom252_s21,30,,low_half,spy_up,equal,93,2.7064290301433718,3.6045080590398437,-0.898079028896473,44.086021505376344,-12.87048882917553,
mom63,20,,low_half,spy_up,invvol,93,2.72633263769904,3.625500421375437,-0.8991677836763979,48.38709677419355,-12.62899604317324,
mom252_s21,50,above200,low_third,spy_up,equal,93,2.741628346399184,3.64115909852316,-0.8995307521239766,46.236559139784944,-13.886512910537746,
mom63,30,,low_half,spy_up,equal,93,2.7045969426548035,3.6045080590398437,-0.8999111163850412,41.935483870967744,-10.133607839202204,
mom189,20,above50,low_third,spy_up,equal,91,2.5617007595677204,3.46227229754449,-0.9005715379767696,46.15384615384615,-15.084344015966552,
mom189,30,above50,low_third,,invvol,97,2.7619571751086354,3.662872024428989,-0.9009148493203534,45.36082474226804,-16.572335558223152,
mom126_s21,50,above50,low_half,spy_up,equal,89,2.4943462858566625,3.395348259835896,-0.9010019739792334,40.44943820224719,-9.134897436205701,
mom126,50,above200,low_half,spy_up,invvol,93,2.7400592275244393,3.64115909852316,-0.9010998709987216,40.86021505376344,-9.665377486630733,
mom126_s21,30,,low_third,spy_up,invvol,93,2.702861877802875,3.6045080590398437,-0.9016461812369685,50.53763440860215,-12.717413369215697,
mom126,50,,low_half,spy_up,invvol,93,2.7390594383628124,3.64115909852316,-0.9020996601603489,40.86021505376344,-9.665377486630733,
mom126_s21,50,above200,low_third,spy_up,equal,93,2.738777313042343,3.64115909852316,-0.9023817854808177,40.86021505376344,-12.917810408345964,
mom189,50,,low_third,spy_up,invvol,93,2.7378875831975784,3.64115909852316,-0.9032715153255811,47.31182795698925,-14.922470695590967,
mom126,50,above50,low_third,spy_up,invvol,80,2.1187598586310905,3.022273074854025,-0.9035132162229342,43.75,-12.805622765318569,
mom63,30,above200,low_half,spy_up,equal,93,2.700350394687067,3.6045080590398437,-0.904157664352777,41.935483870967744,-10.133607839202204,
mom252_s21,50,above200,low_half,spy_up,equal,93,2.7369274275084265,3.64115909852316,-0.904231671014733,43.01075268817204,-10.619060055619512,
mom252_s21,10,above200,low_third,,equal,105,3.331962953420643,4.236315033867098,-0.904352080446454,51.42857142857142,-17.691397012615678,
mom63,50,,low_half,spy_up,invvol,93,2.7366413378810597,3.64115909852316,-0.9045177606421002,41.935483870967744,-11.979717695337586,
mom63,50,above50,low_third,spy_up,invvol,80,2.11753401915874,3.022273074854025,-0.9047390556952849,43.75,-13.34345371831108,
mom63,20,above200,low_half,spy_up,invvol,93,2.72032221952925,3.625500421375437,-0.9051782018461881,48.38709677419355,-12.62899604317324,
mom126_s21,50,above50,low_half,spy_up,invvol,89,2.4895312528306346,3.395348259835896,-0.9058170070052617,40.44943820224719,-9.629237829768797,
mom189,50,above200,low_third,spy_up,invvol,93,2.734710992225013,3.64115909852316,-0.9064481062981472,47.31182795698925,-15.325532760817984,
mom63,50,,low_half,,invvol,105,3.3273223303199484,4.234273954656367,-0.9069516243364187,42.857142857142854,-11.979717695337586,
mom126_s21,30,,low_third,,equal,105,3.2903272804224066,4.197725115970058,-0.907397835547652,51.42857142857142,-12.830499232703204,
mom126_s21,30,,low_third,spy_up,equal,93,2.697022652906223,3.6045080590398437,-0.907485406133621,51.61290322580645,-12.830499232703204,
blend,50,above200,low_half,,invvol,104,3.1449786572613254,4.052861726758901,-0.907883069497575,47.11538461538461,-10.82712563104367,
mom189,50,,low_third,,invvol,105,3.325905701582322,4.234273954656367,-0.9083682530740458,47.61904761904761,-14.922470695590967,
mom252_s21,50,,low_third,spy_up,invvol,93,2.7321698197455495,3.64115909852316,-0.9089892787776102,46.236559139784944,-14.533796000666754,
mom252_s21,10,above50,low_third,spy_up,invvol,93,2.7227834626225165,3.634754009647757,-0.9119705470252396,44.086021505376344,-15.406097592959725,
blend,20,above200,low_third,,equal,104,3.125349017572436,4.03825793150059,-0.9129089139281544,48.07692307692308,-13.71287092903057,
blend,50,,low_half,,equal,105,3.3209069286186144,4.234273954656367,-0.9133670260377535,45.714285714285715,-10.081622163952195,
mom252_s21,50,,low_half,spy_up,equal,93,2.727174167548979,3.64115909852316,-0.9139849309741809,44.086021505376344,-11.418325522495865,
mom126_s21,30,,low_third,,invvol,105,3.2836694262918806,4.197725115970058,-0.9140556896781779,49.523809523809526,-12.717413369215697,
mom63,20,,low_half,,invvol,105,3.309470111682389,4.224185323906812,-0.9147152122244241,46.666666666666664,-12.62899604317324,
mom252_s21,30,,low_half,spy_up,invvol,93,2.689244746588735,3.6045080590398437,-0.9152633124511091,45.16129032258064,-13.337140427942742,
mom63,50,above50,low_half,,equal,96,2.8068417263599517,3.7226928989454344,-0.9158511725854834,41.66666666666667,-9.727535646080163,
mom63,20,above200,low_half,,invvol,105,3.3072492334531156,4.224185323906812,-0.916936090453697,46.666666666666664,-12.62899604317324,
mom126,20,above200,low_third,,invvol,104,3.121143318679801,4.03825793150059,-0.9171146128207899,50.0,-15.014459324834267,
mom126,30,,low_third,spy_up,equal,93,2.6858782337113625,3.6045080590398437,-0.9186298253284814,46.236559139784944,-11.673584041167151,
mom126,30,above200,low_third,spy_up,equal,93,2.6858782337113625,3.6045080590398437,-0.9186298253284814,46.236559139784944,-11.673584041167151,
mom63,30,above200,low_third,spy_up,invvol,93,2.6856715627244867,3.6045080590398437,-0.9188364963153574,45.16129032258064,-16.400797549447294,
mom63,30,,low_third,spy_up,invvol,93,2.6853693088499493,3.6045080590398437,-0.9191387501898947,46.236559139784944,-16.400797549447294,
blend,50,above200,low_half,spy_up,invvol,93,2.7211284149140904,3.64115909852316,-0.9200306836090691,47.31182795698925,-10.82712563104367,
blend,50,,low_half,spy_up,invvol,93,2.7211284149140904,3.64115909852316,-0.9200306836090691,47.31182795698925,-10.82712563104367,
mom126_s21,50,above200,low_third,spy_up,invvol,93,2.7204500146245882,3.64115909852316,-0.9207090838985715,40.86021505376344,-13.583590621884667,
mom126,30,above50,low_half,spy_up,invvol,92,2.6076437017945255,3.5301172350739876,-0.9224735332794611,45.65217391304348,-11.246348229462571,
mom126,50,above50,low_half,,equal,96,2.800047602383207,3.7226928989454344,-0.9226452965622276,39.58333333333333,-9.58778255563539,
mom63,20,above200,low_third,,invvol,104,3.1155926698002894,4.03825793150059,-0.9226652617003013,47.11538461538461,-15.677593164459813,
mom252,50,,low_half,spy_up,equal,93,2.71766161347979,3.64115909852316,-0.9234974850433705,45.16129032258064,-11.304707477626513,
mom126_s21,30,above200,low_third,,equal,104,3.0916766178986523,4.017214125839923,-0.9255375079412715,50.96153846153846,-12.830499232703204,
mom252,50,above200,low_half,spy_up,equal,93,2.7155307067686927,3.64115909852316,-0.925628391754468,46.236559139784944,-11.304707477626513,
mom252,50,above200,low_half,,equal,104,3.126735729518356,4.052861726758901,-0.9261259972405446,46.15384615384615,-11.304707477626513,
blend,30,above200,low_third,spy_up,equal,93,2.6782169383546663,3.6045080590398437,-0.9262911206851777,49.46236559139785,-13.028452362119229,
blend,30,,low_third,spy_up,equal,93,2.6782169383546663,3.6045080590398437,-0.9262911206851777,49.46236559139785,-13.028452362119229,
mom126,30,,low_third,spy_up,invvol,93,2.677617652095092,3.6045080590398437,-0.9268904069447517,46.236559139784944,-11.820406835724045,
mom126,30,above200,low_third,spy_up,invvol,93,2.677617652095092,3.6045080590398437,-0.9268904069447517,46.236559139784944,-11.820406835724045,
blend,50,above50,low_half,,equal,96,2.7953654350247628,3.7226928989454344,-0.927327463920672,45.83333333333333,-10.035409364787515,
mom126,50,above50,low_half,,invvol,96,2.7952547690076046,3.7226928989454344,-0.9274381299378298,39.58333333333333,-9.740801960413311,
mom126_s21,30,above200,low_third,spy_up,invvol,93,2.6768605775536423,3.6045080590398437,-0.9276474814862018,50.53763440860215,-12.717413369215697,
mom63,30,,low_half,spy_up,invvol,93,2.6752975706379227,3.6045080590398437,-0.9292104884019211,40.86021505376344,-10.736487438713226,
mom126_s21,50,above200,low_third,,equal,101,3.1308968442312937,4.060148853790468,-0.9292520095591764,39.603960396039604,-12.917810408345964,
mom252_s21,50,above200,low_third,spy_up,invvol,93,2.711808443323229,3.64115909852316,-0.9293506551999312,46.236559139784944,-14.516114224908899,
mom63,10,above200,low_half,spy_up,invvol,93,2.7045380884429617,3.634754009647757,-0.9302159212047945,43.01075268817204,-10.104111964341042,
mom126_s21,30,above200,low_third,spy_up,equal,93,2.673360824510762,3.6045080590398437,-0.9311472345290818,51.61290322580645,-12.830499232703204,
mom126_s21,30,above200,low_third,,invvol,104,3.085422154501891,4.017214125839923,-0.9317919713380332,50.0,-12.717413369215697,
mom252_s21,50,above200,low_half,,equal,104,3.121050843375027,4.052861726758901,-0.931810883383873,43.269230769230774,-10.619060055619512,
mom189,30,above50,low_third,spy_up,equal,89,2.3556524103726226,3.2879241138561563,-0.9322717034835346,44.9438202247191,-15.911586269690526,
mom252,50,,low_third,spy_up,equal,93,2.7086039502841066,3.64115909852316,-0.9325551482390532,47.31182795698925,-14.403247275854794,
mom63,30,,low_half,,invvol,105,3.2651494794992137,4.197725115970058,-0.9325756364708454,40.95238095238095,-10.736487438713226,
mom63,30,above200,low_half,spy_up,invvol,93,2.671844115152245,3.6045080590398437,-0.9326639438875985,40.86021505376344,-10.736487438713226,
mom63,50,above50,low_half,spy_up,equal,89,2.4620833932083728,3.395348259835896,-0.9332648666275238,42.69662921348314,-9.727535646080163,
mom63,10,above200,low_third,spy_up,equal,93,2.701042855901675,3.634754009647757,-0.9337111537460819,46.236559139784944,-15.221984876125733,
mom63,10,,low_third,spy_up,equal,93,2.701042855901675,3.634754009647757,-0.9337111537460819,46.236559139784944,-15.221984876125733,
mom63,10,above200,low_half,spy_up,equal,93,2.700770102807683,3.634754009647757,-0.933983906840074,43.01075268817204,-10.3958247333045,
mom63,10,,low_half,spy_up,invvol,93,2.700384089697271,3.634754009647757,-0.934369919950485,43.01075268817204,-10.104111964341042,
mom189,50,above200,low_third,,invvol,101,3.1246592787334215,4.060148853790468,-0.9354895750570478,46.53465346534654,-15.325532760817984,
mom126,30,above200,low_half,,equal,104,3.0800324285390883,4.017214125839923,-0.9371816973008358,44.230769230769226,-11.224046325476724,
mom252_s21,30,above200,low_half,spy_up,equal,93,2.6671482943530664,3.6045080590398437,-0.9373597646867772,41.935483870967744,-12.87048882917553,
mom252_s21,50,above200,low_half,spy_up,invvol,93,2.7032813821427224,3.64115909852316,-0.9378777163804379,45.16129032258064,-11.549411599116215,
mom126,30,above50,low_half,,equal,101,3.055873271787099,3.9938470053076554,-0.9379737335205562,45.54455445544555,-10.59612115403286,
mom126,30,,low_third,,equal,105,3.259009909015375,4.197725115970058,-0.938715206954684,46.666666666666664,-11.673584041167151,
mom63,10,,low_half,spy_up,equal,93,2.6955936404077856,3.634754009647757,-0.9391603692399714,43.01075268817204,-10.3958247333045,
mom63,50,above50,low_half,,invvol,96,2.782112875256043,3.7226928989454344,-0.940580023689392,44.79166666666667,-9.898299584996256,
blend,20,above200,low_third,spy_up,equal,93,2.683831078250921,3.625500421375437,-0.9416693431245164,48.38709677419355,-13.71287092903057,
blend,20,,low_third,spy_up,equal,93,2.683831078250921,3.625500421375437,-0.9416693431245164,48.38709677419355,-13.71287092903057,
blend,30,above200,low_third,,invvol,104,3.075080667119689,4.017214125839923,-0.9421334587202351,50.96153846153846,-13.228077524033912,
blend,20,above200,low_third,,invvol,104,3.095343831140095,4.03825793150059,-0.9429141003604952,46.15384615384615,-13.754818160457315,
blend,50,above50,low_half,spy_up,equal,89,2.452317520619111,3.395348259835896,-0.9430307392167853,46.06741573033708,-10.035409364787515,
mom63,30,,low_third,,invvol,105,3.2542715564013016,4.197725115970058,-0.943453559568758,45.714285714285715,-16.400797549447294,
blend,50,above50,low_half,,invvol,96,2.778094294772616,3.7226928989454344,-0.944598604172819,45.83333333333333,-10.563105052315947,
mom252,50,above200,low_third,spy_up,equal,93,2.6959570214311905,3.64115909852316,-0.9452020770919695,48.38709677419355,-14.366693107620174,
mom63,20,above50,low_half,spy_up,equal,92,2.603077806609746,3.5503143019512997,-0.947236495341553,45.65217391304348,-12.010573105353592,
mom63,10,,low_third,spy_up,invvol,93,2.6870895187131825,3.634754009647757,-0.9476644909345738,47.31182795698925,-15.47516430412849,
mom63,10,above200,low_third,spy_up,invvol,93,2.6870895187131825,3.634754009647757,-0.9476644909345738,47.31182795698925,-15.47516430412849,
blend,50,,low_half,,invvol,105,3.286192855485449,4.234273954656367,-0.948081099170919,46.666666666666664,-10.82712563104367,
mom252,50,above200,low_half,,invvol,104,3.104385043387679,4.052861726758901,-0.9484766833712216,49.03846153846153,-11.785978669998215,
mom252_s21,50,,low_half,spy_up,invvol,93,2.692556051268313,3.64115909852316,-0.9486030472548469,45.16129032258064,-12.099552392875921,
mom126,20,,low_half,,equal,105,3.2755338001453906,4.224185323906812,-0.9486515237614225,46.666666666666664,-13.942660178633856,
mom63,10,above200,low_half,,invvol,105,3.2871363483994385,4.236315033867098,-0.949178685467659,43.80952380952381,-10.639054262167798,
mom126,30,,low_third,,invvol,105,3.2483923160475006,4.197725115970058,-0.9493327999225587,46.666666666666664,-11.820406835724045,
mom126_s21,50,above200,low_third,,invvol,101,3.1107702484404958,4.060148853790468,-0.9493786053499739,39.603960396039604,-13.583590621884667,
mom252,30,,low_third,spy_up,equal,93,2.65459094090711,3.6045080590398437,-0.9499171181327339,51.61290322580645,-14.410747691524781,
mom126,20,,low_third,spy_up,equal,93,2.6747971225383904,3.625500421375437,-0.9507032988370464,48.38709677419355,-14.698870868278902,
mom126,20,above200,low_third,spy_up,equal,93,2.6747971225383904,3.625500421375437,-0.9507032988370464,48.38709677419355,-14.698870868278902,
mom63,10,,low_third,,equal,105,3.285269310631736,4.236315033867098,-0.9510457232353606,46.666666666666664,-15.221984876125733,
mom63,10,above200,low_third,,equal,105,3.285269310631736,4.236315033867098,-0.9510457232353606,46.666666666666664,-15.221984876125733,
mom252,50,above200,low_half,spy_up,invvol,93,2.6896872378326777,3.64115909852316,-0.9514718606904824,48.38709677419355,-11.785978669998215,
mom63,10,above200,low_half,,equal,105,3.284441753428348,4.236315033867098,-0.9518732804387489,43.80952380952381,-10.521164909879232,
mom252,50,,low_half,spy_up,invvol,93,2.6891650722674068,3.64115909852316,-0.9519940262557539,47.31182795698925,-11.785978669998215,
mom63,30,above50,low_third,,equal,97,2.710576102447513,3.662872024428989,-0.9522959219814763,43.29896907216495,-15.911586269690527,
mom252_s21,50,,low_third,,equal,105,3.281502696925705,4.234273954656367,-0.9527712577306626,44.761904761904766,-14.070171764309766,
mom63,10,above50,low_third,spy_up,equal,93,2.6819475242306394,3.634754009647757,-0.9528064854171175,47.31182795698925,-15.221984876125733,
blend,30,,low_third,,equal,105,3.2448193934963205,4.197725115970058,-0.9529057224737385,49.523809523809526,-13.028452362119229,
mom189,20,above50,low_third,spy_up,invvol,91,2.5089809143716058,3.46227229754449,-0.9532913831728841,45.05494505494506,-15.305327761199273,
mom252_s21,30,above200,low_half,spy_up,invvol,93,2.650162968447513,3.6045080590398437,-0.9543450905923309,43.01075268817204,-13.337140427942742,
mom252,50,,low_third,spy_up,invvol,93,2.686606989086391,3.64115909852316,-0.9545521094367694,47.31182795698925,-14.912178089992384,
mom126,30,above200,low_half,,invvol,104,3.0623675042255125,4.017214125839923,-0.9548466216144111,44.230769230769226,-11.312976988333997,
mom126,20,,low_third,,equal,105,3.2688271499790043,4.224185323906812,-0.9553581739278083,47.61904761904761,-14.698870868278902,
mom126,20,above50,low_half,,equal,102,3.062949543762559,4.018872193498009,-0.9559226497354479,45.09803921568628,-13.246872019171136,
mom252_s21,10,above50,low_third,,equal,104,3.321408818316519,4.277744678887503,-0.9563358605709837,46.15384615384615,-15.326569124165301,
mom126_s21,20,,low_third,spy_up,invvol,93,2.668806385361995,3.625500421375437,-0.9566940360134416,47.31182795698925,-12.68535544020733,
mom252_s21,10,above200,low_third,,invvol,105,3.27894593328778,4.236315033867098,-0.957369100579317,52.38095238095239,-17.626002610273826,
mom63,50,above50,low_half,spy_up,invvol,89,2.437845578723587,3.395348259835896,-0.9575026811123093,43.82022471910113,-9.898299584996256,
mom63,20,above200,low_third,spy_up,equal,93,2.6679608255526532,3.625500421375437,-0.9575395958227843,48.38709677419355,-14.78977853688015,
mom252_s21,30,above200,low_third,spy_up,equal,93,2.6455895093888975,3.6045080590398437,-0.9589185496509472,49.46236559139785,-14.395611597469838,
mom252_s21,50,above200,low_half,,invvol,104,3.0932908086195523,4.052861726758901,-0.9595709181393479,45.19230769230769,-11.549411599116215,
blend,50,,low_third,spy_up,equal,93,2.681355566594248,3.64115909852316,-0.9598035319289125,46.236559139784944,-14.65925133951701,
mom126,20,above200,low_half,,equal,105,3.264071081744571,4.224185323906812,-0.9601142421622407,46.666666666666664,-13.942660178633856,
mom252,50,,low_third,,equal,105,3.2740013878040917,4.234273954656367,-0.9602725668522758,46.666666666666664,-14.403247275854794,
mom252,30,above200,low_third,spy_up,equal,93,2.6433144152043506,3.6045080590398437,-0.9611936438354929,51.61290322580645,-14.17233193140414,
blend,50,,low_third,,equal,105,3.2727407477017403,4.234273954656367,-0.9615332069546269,46.666666666666664,-14.65925133951701,
mom63,10,,low_half,,invvol,105,3.274477576613831,4.236315033867098,-0.9618374572532666,43.80952380952381,-10.639054262167798,
mom252_s21,20,,low_third,spy_up,equal,93,2.6634164821706894,3.625500421375437,-0.9620839392047484,46.236559139784944,-15.633191794523505,
mom126,30,above50,low_half,,invvol,101,3.031762331651338,3.9938470053076554,-0.962084673656317,45.54455445544555,-11.246348229462571,
mom126,20,,low_third,spy_up,invvol,93,2.662549957979454,3.625500421375437,-0.9629504633959831,50.53763440860215,-15.014459324834267,
mom126,20,above200,low_third,spy_up,invvol,93,2.662549957979454,3.625500421375437,-0.9629504633959831,50.53763440860215,-15.014459324834267,
mom63,10,above50,low_third,spy_up,invvol,93,2.6716439554341482,3.634754009647757,-0.9631100542136084,48.38709677419355,-15.47516430412849,
mom252_s21,50,above200,low_third,,equal,101,3.0965028560038124,4.060148853790468,-0.9636459977866574,44.554455445544555,-13.886512910537746,
mom63,10,,low_half,,equal,105,3.272319806242153,4.236315033867098,-0.963995227624944,43.80952380952381,-10.521164909879232,
mom126_s21,30,above50,low_third,,equal,97,2.698717139871688,3.662872024428989,-0.9641548845573013,45.36082474226804,-15.911586269690526,
mom126,20,above50,low_third,,equal,101,2.9800237833096404,3.9441864062755037,-0.9641626229658624,43.56435643564357,-13.490880571406876,
mom63,10,,low_third,,invvol,105,3.2717063053312385,4.236315033867098,-0.9646087285358582,47.61904761904761,-15.47516430412849,
mom63,10,above200,low_third,,invvol,105,3.2717063053312385,4.236315033867098,-0.9646087285358582,47.61904761904761,-15.47516430412849,
blend,20,,low_third,,equal,105,3.2594998960660906,4.224185323906812,-0.9646854278407218,47.61904761904761,-13.71287092903057,
blend,50,above200,low_third,spy_up,equal,93,2.676024750106966,3.64115909852316,-0.9651343484161942,46.236559139784944,-14.65925133951701,
mom126,50,above50,low_half,spy_up,equal,89,2.429456570009816,3.395348259835896,-0.9658916898260803,39.325842696629216,-9.58778255563539,
mom252,50,above200,low_third,,equal,101,3.092480356496883,4.060148853790468,-0.9676684972935862,47.524752475247524,-14.366693107620174,
mom126,20,,low_half,spy_up,equal,93,2.6576608535891175,3.625500421375437,-0.9678395677863195,46.236559139784944,-13.942660178633856,
mom126,20,above200,low_half,spy_up,equal,93,2.6576608535891175,3.625500421375437,-0.9678395677863195,46.236559139784944,-13.942660178633856,
mom126_s21,20,,low_third,spy_up,equal,93,2.657269690727841,3.625500421375437,-0.9682307306475957,47.31182795698925,-12.797646011412686,
blend,30,above200,low_half,spy_up,equal,93,2.636252144971173,3.6045080590398437,-0.9682559140686704,40.86021505376344,-10.200709516971235,
blend,30,,low_half,spy_up,equal,93,2.636252144971173,3.6045080590398437,-0.9682559140686704,40.86021505376344,-10.200709516971235,
blend,50,above50,low_half,spy_up,invvol,89,2.42704237343758,3.395348259835896,-0.9683058863983163,46.06741573033708,-10.563105052315947,
mom63,50,,low_third,,equal,105,3.2652800646636657,4.234273954656367,-0.9689938899927021,47.61904761904761,-15.889056048556071,
mom252,50,above200,low_third,spy_up,invvol,93,2.6711599064542013,3.64115909852316,-0.9699991920689581,48.38709677419355,-14.938072911903284,
mom189,30,above50,low_third,spy_up,invvol,89,2.3168345892050364,3.2879241138561563,-0.9710895246511195,44.9438202247191,-16.572335558223152,
blend,20,,low_third,spy_up,invvol,93,2.6539626898653044,3.625500421375437,-0.9715377315101325,46.236559139784944,-13.754818160457315,
blend,20,above200,low_third,spy_up,invvol,93,2.6539626898653044,3.625500421375437,-0.9715377315101325,46.236559139784944,-13.754818160457315,
mom126,20,above50,low_half,,invvol,102,3.0462889235375012,4.018872193498009,-0.9725832699605065,47.05882352941176,-13.099912903249427,
mom126,20,,low_half,,invvol,105,3.2510665089827557,4.224185323906812,-0.9731188149240566,45.714285714285715,-13.660330934251958,
blend,30,above200,low_third,spy_up,invvol,93,2.630513780958427,3.6045080590398437,-0.9739942780814163,50.53763440860215,-13.228077524033912,
blend,30,,low_third,spy_up,invvol,93,2.630513780958427,3.6045080590398437,-0.9739942780814163,50.53763440860215,-13.228077524033912,
mom126,20,,low_third,,invvol,105,3.250046362037339,4.224185323906812,-0.9741389618694736,49.523809523809526,-15.014459324834267,
mom63,20,,low_third,,equal,105,3.249920779983321,4.224185323906812,-0.9742645439234917,46.666666666666664,-14.78977853688015,
mom63,20,,low_third,spy_up,equal,93,2.6506906152159893,3.625500421375437,-0.9748098061594483,48.38709677419355,-14.78977853688015,
mom63,30,above50,low_third,spy_up,equal,89,2.3129857660600113,3.2879241138561563,-0.9749383477961455,43.82022471910113,-15.911586269690527,
mom126_s21,30,above50,low_half,spy_up,invvol,92,2.5546965314883865,3.5301172350739876,-0.975420703585601,45.65217391304348,-10.88369348904249,
mom126_s21,30,above50,low_half,spy_up,equal,92,2.554605842353883,3.5301172350739876,-0.9755113927201038,44.565217391304344,-11.044431777916488,
mom63,20,above50,low_half,,equal,102,3.0428735548432604,4.018872193498009,-0.9759986386547475,44.11764705882353,-12.010573105353592,
mom126,50,above50,low_half,spy_up,invvol,89,2.4186979662142787,3.395348259835896,-0.9766502936216177,39.325842696629216,-9.740801960413311,
mom63,20,above50,low_half,spy_up,invvol,92,2.572714589550051,3.5503143019512997,-0.9775997124012491,45.65217391304348,-12.844130512903146,
mom252,30,,low_third,spy_up,invvol,93,2.626620253910024,3.6045080590398437,-0.9778878051298194,50.53763440860215,-14.976420253177647,
mom252_s21,50,,low_half,,equal,105,3.255501821612573,4.234273954656367,-0.9787721330437942,42.857142857142854,-11.418325522495865,
mom252,30,above200,low_third,,equal,104,3.0381793002873225,4.017214125839923,-0.9790348255526015,50.96153846153846,-14.17233193140414,
blend,30,above200,low_half,,equal,104,3.0380758285155527,4.017214125839923,-0.9791382973243711,40.38461538461539,-10.200709516971235,
mom63,20,above200,low_third,spy_up,invvol,93,2.6463462707197483,3.625500421375437,-0.9791541506556888,48.38709677419355,-15.677593164459813,
mom126_s21,20,above200,low_third,spy_up,invvol,93,2.645927990983702,3.625500421375437,-0.9795724303917355,47.31182795698925,-12.68535544020733,
mom252,50,,low_third,,invvol,105,3.253933673685154,4.234273954656367,-0.9803402809712135,46.666666666666664,-14.912178089992384,
mom252_s21,50,,low_third,,invvol,105,3.2534568386037708,4.234273954656367,-0.9808171160525967,45.714285714285715,-14.533796000666754,
mom126,30,above50,low_third,,equal,97,2.679893361985174,3.662872024428989,-0.9829786624438144,45.36082474226804,-15.911586269690527,
mom252_s21,20,above200,low_third,spy_up,equal,93,2.64198425932775,3.625500421375437,-0.9835161620476877,46.236559139784944,-14.641055166439315,
mom126,20,above200,low_half,,invvol,105,3.239805143182977,4.224185323906812,-0.9843801807238352,45.714285714285715,-13.660330934251958,
mom252_s21,30,above200,low_third,,equal,104,3.032761965079133,4.017214125839923,-0.9844521607607907,49.03846153846153,-14.395611597469838,
mom126,30,above200,low_half,spy_up,equal,93,2.6196473202794466,3.6045080590398437,-0.9848607387603968,43.01075268817204,-11.224046325476724,
mom126,30,,low_half,spy_up,equal,93,2.6196473202794466,3.6045080590398437,-0.9848607387603968,43.01075268817204,-11.224046325476724,
mom252,30,above200,low_half,,equal,104,3.0315052899302306,4.017214125839923,-0.9857088359096933,43.269230769230774,-11.697334183227323,
mom126,20,above50,low_half,spy_up,equal,92,2.5640235573120806,3.5503143019512997,-0.986290744639219,44.565217391304344,-13.246872019171136,
blend,50,above200,low_third,,equal,101,3.0736198545804796,4.060148853790468,-0.9865289992099902,45.54455445544555,-14.65925133951701,
mom252_s21,10,above50,low_third,,invvol,104,3.2905734069388055,4.277744678887503,-0.9871712719486968,43.269230769230774,-15.406097592959725,
mom126,20,,low_half,spy_up,invvol,93,2.6380973535186314,3.625500421375437,-0.9874030678568055,45.16129032258064,-13.660330934251958,
mom126,20,above200,low_half,spy_up,invvol,93,2.6380973535186314,3.625500421375437,-0.9874030678568055,45.16129032258064,-13.660330934251958,
mom63,10,above50,low_half,spy_up,invvol,93,2.646280537156678,3.634754009647757,-0.9884734724910783,43.01075268817204,-10.537585561818572,
mom252_s21,30,,low_third,spy_up,equal,93,2.615788672156279,3.6045080590398437,-0.9887193868835655,49.46236559139785,-14.452753135219808,
mom126_s21,20,above200,low_third,,invvol,104,3.049496562384094,4.03825793150059,-0.9887613691164967,47.11538461538461,-12.68535544020733,
blend,30,above50,low_third,,equal,97,2.6734951071391406,3.662872024428989,-0.9893769172898488,49.48453608247423,-15.911586269690527,
mom252,50,above200,low_third,,invvol,101,3.070707902283153,4.060148853790468,-0.9894409515073161,47.524752475247524,-14.938072911903284,
blend,50,,low_third,spy_up,invvol,93,2.6511938923455576,3.64115909852316,-0.9899652061776023,46.236559139784944,-15.444642657569151,
mom126_s21,20,above200,low_third,,equal,104,3.0477417740947295,4.03825793150059,-0.9905161574058605,47.11538461538461,-12.797646011412686,
mom252_s21,50,above200,low_third,,invvol,101,3.0695806466845053,4.060148853790468,-0.9905682071059633,44.554455445544555,-14.516114224908899,
blend,30,,low_half,spy_up,invvol,93,2.6138832442525444,3.6045080590398437,-0.9906248147872992,41.935483870967744,-10.689400719418387,
blend,30,above200,low_half,spy_up,invvol,93,2.6138832442525444,3.6045080590398437,-0.9906248147872992,41.935483870967744,-10.689400719418387,
blend,50,,low_third,,invvol,105,3.2432281150234963,4.234273954656367,-0.991045839632871,46.666666666666664,-15.444642657569151,
mom252,30,above200,low_third,spy_up,invvol,93,2.61315787551241,3.6045080590398437,-0.9913501835274335,50.53763440860215,-14.757742468651502,
mom126,10,above200,low_third,,equal,105,3.243053429992708,4.236315033867098,-0.9932616038743893,43.80952380952381,-13.035048504025887,
mom126,10,,low_third,,equal,105,3.243053429992708,4.236315033867098,-0.9932616038743893,43.80952380952381,-13.035048504025887,
mom126_s21,20,above200,low_third,spy_up,equal,93,2.6318250213141283,3.625500421375437,-0.9936754000613088,47.31182795698925,-12.797646011412686,
mom63,30,above50,low_third,,invvol,97,2.6687439950006278,3.662872024428989,-0.9941280294283615,45.36082474226804,-16.572335558223156,
mom252_s21,30,above200,low_third,spy_up,invvol,93,2.6103485802607294,3.6045080590398437,-0.9941594787791139,46.236559139784944,-14.89965879579338,
blend,20,,low_third,,invvol,105,3.2300005713361917,4.224185323906812,-0.9941847525706204,45.714285714285715,-13.754818160457315,
mom252,50,,low_half,,equal,105,3.240047528282905,4.234273954656367,-0.9942264263734629,43.80952380952381,-11.304707477626513,
mom63,10,above50,low_half,spy_up,equal,93,2.6396378297420244,3.634754009647757,-0.9951161799057325,43.01075268817204,-10.3958247333045,
blend,50,above200,low_third,spy_up,invvol,93,2.645988104807271,3.64115909852316,-0.9951709937158884,46.236559139784944,-15.444642657569151,
mom252_s21,30,above200,low_half,,equal,104,3.0215750019286216,4.017214125839923,-0.9956391239113025,41.34615384615385,-12.87048882917553,
blend,30,above200,low_half,,invvol,104,3.020260374748384,4.017214125839923,-0.9969537510915397,42.30769230769231,-10.689400719418387,
mom126,20,above50,low_third,,invvol,101,2.947019030285662,3.9441864062755037,-0.9971673759898406,44.554455445544555,-13.744602778055597,
mom252_s21,20,,low_third,spy_up,invvol,93,2.6282787594227446,3.625500421375437,-0.9972216619526921,46.236559139784944,-15.865819589103658,
mom252,30,above200,low_half,spy_up,equal,93,2.607026912860776,3.6045080590398437,-0.9974811461790668,43.01075268817204,-11.697334183227323,
mom63,20,,low_third,spy_up,invvol,93,2.6278578442286333,3.625500421375437,-0.9976425771468037,48.38709677419355,-15.677593164459813,
mom126_s21,30,above50,low_third,,invvol,97,2.6650592934311197,3.662872024428989,-0.9978127309978692,45.36082474226804,-16.572335558223152,
mom63,20,,low_third,,invvol,105,3.2247477385883108,4.224185323906812,-0.9994375853185014,46.666666666666664,-15.677593164459813,
mom252,30,above200,low_half,,invvol,104,3.0170941883616096,4.017214125839923,-1.0001199374783145,43.269230769230774,-12.095160076471524,
mom252,30,,low_third,,equal,105,3.1975798864944385,4.197725115970058,-1.00014522947562,51.42857142857142,-14.410747691524781,
mom252_s21,30,,low_half,,equal,105,3.1958761863819705,4.197725115970058,-1.001848929588089,42.857142857142854,-12.87048882917553,
mom126,30,,low_half,spy_up,invvol,93,2.601419451231967,3.6045080590398437,-1.0030886078078765,43.01075268817204,-11.312976988333997,
mom126,30,above200,low_half,spy_up,invvol,93,2.601419451231967,3.6045080590398437,-1.0030886078078765,43.01075268817204,-11.312976988333997,
mom252,30,,low_half,spy_up,equal,93,2.6011720927252298,3.6045080590398437,-1.0033359663146142,44.086021505376344,-11.697334183227323,
mom126,20,above50,low_half,spy_up,invvol,92,2.54678598196338,3.5503143019512997,-1.00352831998792,46.73913043478261,-13.099912903249427,
blend,30,,low_third,,invvol,105,3.193924724386829,4.197725115970058,-1.00380039158323,50.476190476190474,-13.228077524033912,
mom63,20,above50,low_half,,invvol,102,3.014920004620796,4.018872193498009,-1.0039521888772123,44.11764705882353,-12.844130512903146,
mom126_s21,30,above50,low_third,spy_up,equal,89,2.2838302085691833,3.2879241138561563,-1.004093905286973,46.06741573033708,-15.911586269690526,
mom126,30,,low_half,,equal,105,3.192938292772629,4.197725115970058,-1.0047868231974293,43.80952380952381,-11.224046325476724,
mom252_s21,50,above50,low_half,spy_up,equal,89,2.390432481824181,3.395348259835896,-1.0049157780117153,42.69662921348314,-12.66993968134415,
mom63,50,above200,low_third,,equal,101,3.055066547193614,4.060148853790468,-1.0050823065968557,46.53465346534654,-15.272987669529018,
mom126,30,above50,low_third,,invvol,97,2.657033501518833,3.662872024428989,-1.005838522910156,45.36082474226804,-16.572335558223152,
mom252_s21,50,above50,low_half,spy_up,invvol,89,2.388945232979365,3.395348259835896,-1.0064030268565314,43.82022471910113,-12.922953853423492,
mom252,30,above200,low_half,spy_up,invvol,93,2.596224344540964,3.6045080590398437,-1.0082837144988792,43.01075268817204,-12.095160076471524,
mom252,30,above200,low_third,,invvol,104,3.008113722418817,4.017214125839923,-1.0091004034211066,50.0,-14.757742468651502,
mom63,30,above50,low_half,spy_up,equal,92,2.5206446505928946,3.5301172350739876,-1.0094725844810926,40.21739130434783,-13.040240764349868,
mom126,10,,low_third,spy_up,equal,93,2.6249619343478225,3.634754009647757,-1.0097920752999336,44.086021505376344,-13.035048504025887,
mom126,10,above200,low_third,spy_up,equal,93,2.6249619343478225,3.634754009647757,-1.0097920752999336,44.086021505376344,-13.035048504025887,
mom63,50,,low_third,,invvol,105,3.2236716011881965,4.234273954656367,-1.0106023534681712,43.80952380952381,-16.594173699088284,
mom252_s21,50,above50,low_half,,invvol,96,2.710734118070936,3.7226928989454344,-1.011958780874499,43.75,-12.922953853423492,
mom252_s21,50,,low_half,,invvol,105,3.22192149855256,4.234273954656367,-1.0123524561038075,43.80952380952381,-12.099552392875921,
mom252_s21,30,above200,low_half,,invvol,104,3.003412012073259,4.017214125839923,-1.013802113766665,43.269230769230774,-13.337140427942742,
mom252,50,above50,low_half,,invvol,96,2.7083654044992485,3.7226928989454344,-1.0143274944461866,43.75,-12.767068955188702,
mom63,50,above200,low_third,spy_up,equal,93,2.6265137273505172,3.64115909852316,-1.0146453711726435,46.236559139784944,-15.272987669529018,
mom63,50,,low_third,spy_up,equal,93,2.6258330074847587,3.64115909852316,-1.015326091038402,46.236559139784944,-15.889056048556071,
mom63,30,above50,low_third,spy_up,invvol,89,2.272039728229228,3.2879241138561563,-1.0158843856269282,46.06741573033708,-16.572335558223156,
mom252,30,,low_half,spy_up,invvol,93,2.5885479034206935,3.6045080590398437,-1.0159601556191509,43.01075268817204,-12.095160076471524,
blend,50,above200,low_third,,invvol,101,3.043895944872617,4.060148853790468,-1.0162529089178514,45.54455445544555,-15.444642657569151,
blend,30,,low_half,,equal,105,3.181173927550185,4.197725115970058,-1.0165511884198737,40.0,-10.200709516971235,
mom252_s21,50,above50,low_half,,equal,96,2.7053264248754547,3.7226928989454344,-1.0173664740699806,41.66666666666667,-12.66993968134415,
mom252,50,,low_half,,invvol,105,3.216884485116922,4.234273954656367,-1.0173894695394448,45.714285714285715,-11.785978669998215,
mom252_s21,30,,low_third,spy_up,invvol,93,2.586212326439104,3.6045080590398437,-1.0182957326007396,47.31182795698925,-14.87457406423856,
mom126,20,above50,low_third,spy_up,equal,91,2.4426525579207348,3.46227229754449,-1.019619739623755,43.956043956043956,-13.490880571406876,
mom252,50,above50,low_half,spy_up,equal,89,2.3752634653455353,3.395348259835896,-1.020084794490361,42.69662921348314,-12.544217598326046,
mom252,50,above50,low_half,,equal,96,2.701936059021314,3.7226928989454344,-1.0207568399241207,42.70833333333333,-12.544217598326046,
mom252_s21,30,above200,low_third,,invvol,104,2.995716577227037,4.017214125839923,-1.0214975486128874,46.15384615384615,-14.89965879579338,
mom252_s21,30,,low_half,,invvol,105,3.1762029823641624,4.197725115970058,-1.0215221336058966,43.80952380952381,-13.337140427942742,
mom126_s21,20,,low_third,,invvol,105,3.2014888530785974,4.224185323906812,-1.022696470828215,46.666666666666664,-12.68535544020733,
mom126_s21,30,above50,low_half,,invvol,101,2.971100270386059,3.9938470053076554,-1.0227467349215966,44.554455445544555,-10.88369348904249,
mom126_s21,20,,low_third,,equal,105,3.201071652649465,4.224185323906812,-1.0231136712573476,46.666666666666664,-12.797646011412686,
mom252,50,above50,low_half,spy_up,invvol,89,2.371963107454795,3.395348259835896,-1.0233851523811013,42.69662921348314,-12.767068955188702,
mom252_s21,20,above200,low_third,spy_up,invvol,93,2.601915515464098,3.625500421375437,-1.0235849059113389,45.16129032258064,-14.986596702432095,
mom126_s21,30,above50,low_half,,equal,101,2.9700459620872874,3.9938470053076554,-1.0238010432203677,43.56435643564357,-11.044431777916488,
blend,10,above200,low_third,spy_up,equal,93,2.610630646690175,3.634754009647757,-1.0241233629575812,44.086021505376344,-13.357937731583588,
blend,10,,low_third,spy_up,equal,93,2.610630646690175,3.634754009647757,-1.0241233629575812,44.086021505376344,-13.357937731583588,
mom126,50,,low_third,,equal,105,3.209723624462404,4.234273954656367,-1.0245503301939638,41.904761904761905,-12.318008028111011,
mom126,30,,low_half,,invvol,105,3.1717078685957545,4.197725115970058,-1.026017247374304,43.80952380952381,-11.312976988333997,
mom252,30,,low_half,,equal,105,3.170047129031892,4.197725115970058,-1.0276779869381663,43.80952380952381,-11.697334183227323,
blend,30,above50,low_third,,invvol,97,2.635097648014435,3.662872024428989,-1.0277743764145542,51.546391752577314,-16.572335558223152,
blend,30,above50,low_third,spy_up,equal,89,2.25881477547657,3.2879241138561563,-1.0291093383795866,50.56179775280899,-15.911586269690527,
mom252_s21,30,,low_third,,equal,105,3.1684859370420244,4.197725115970058,-1.0292391789280346,48.57142857142857,-14.452753135219808,
mom126,10,,low_third,,invvol,105,3.2034347953189988,4.236315033867098,-1.0328802385480975,41.904761904761905,-13.009117605206411,
mom126,10,above200,low_third,,invvol,105,3.2034347953189988,4.236315033867098,-1.0328802385480975,41.904761904761905,-13.009117605206411,
mom252,30,,low_third,,invvol,105,3.163691148422148,4.197725115970058,-1.034033967547911,49.523809523809526,-14.976420253177647,
blend,10,,low_third,spy_up,invvol,93,2.5993250628437305,3.634754009647757,-1.035428946804027,45.16129032258064,-13.238070162455237,
blend,10,above200,low_third,spy_up,invvol,93,2.5993250628437305,3.634754009647757,-1.035428946804027,45.16129032258064,-13.238070162455237,
mom126,30,above50,low_third,spy_up,equal,89,2.2523958526216,3.2879241138561563,-1.0355282612345564,44.9438202247191,-15.911586269690527,
mom63,30,above50,low_half,,equal,101,2.9578594662404742,3.9938470053076554,-1.035987539067182,39.603960396039604,-13.040240764349868,
mom126_s21,30,above50,low_third,spy_up,invvol,89,2.2518365711529156,3.2879241138561563,-1.0360875427032405,47.19101123595505,-16.572335558223152,
mom126_s21,20,above50,low_half,spy_up,invvol,92,2.513523855467232,3.5503143019512997,-1.0367904464840683,43.47826086956522,-11.845693733185799,
blend,30,,low_half,,invvol,105,3.1608242065838774,4.197725115970058,-1.036900909386182,41.904761904761905,-10.689400719418387,
mom63,30,above50,low_half,spy_up,invvol,92,2.4918596863522073,3.5301172350739876,-1.0382575487217793,39.130434782608695,-13.885141959475206,
mom126_s21,20,above50,low_half,,invvol,102,2.979890106336505,4.018872193498009,-1.0389820871615032,43.13725490196079,-11.845693733185799,
mom252_s21,20,,low_half,spy_up,equal,93,2.5862677086782124,3.625500421375437,-1.0392327126972247,48.38709677419355,-14.483441661577995,
mom126,50,,low_third,spy_up,equal,93,2.600718759416004,3.64115909852316,-1.040440339107156,41.935483870967744,-12.318008028111011,
mom126,50,,low_third,,invvol,105,3.193426728961187,4.234273954656367,-1.0408472256951806,41.904761904761905,-13.00681802430842,
mom126_s21,20,above50,low_half,,equal,102,2.9771255362940137,4.018872193498009,-1.0417466572039946,44.11764705882353,-12.176114509421817,
mom63,50,above200,low_third,,invvol,101,3.0182336947591457,4.060148853790468,-1.0419151590313238,43.56435643564357,-16.05101728213805,
mom252_s21,20,,low_half,spy_up,invvol,93,2.583152429747225,3.625500421375437,-1.0423479916282115,47.31182795698925,-14.636794157184637,
mom126,50,above200,low_third,,equal,101,3.0175239718962876,4.060148853790468,-1.042624881894181,41.584158415841586,-12.318008028111011,
mom126,10,above200,low_third,spy_up,invvol,93,2.591832008032528,3.634754009647757,-1.0429220016152279,41.935483870967744,-13.009117605206411,
mom126,10,,low_third,spy_up,invvol,93,2.591832008032528,3.634754009647757,-1.0429220016152279,41.935483870967744,-13.009117605206411,
blend,10,above50,low_half,spy_up,invvol,93,2.5885621724140724,3.634754009647757,-1.0461918372336843,46.236559139784944,-12.461808126546911,
mom126_s21,20,above50,low_half,spy_up,equal,92,2.5038238217270417,3.5503143019512997,-1.046490480224258,44.565217391304344,-12.176114509421817,
mom252,30,,low_half,,invvol,105,3.1507204169988254,4.197725115970058,-1.0470046989712334,42.857142857142854,-12.095160076471524,
blend,10,above50,low_half,spy_up,equal,93,2.5864812449161634,3.634754009647757,-1.048272764731593,47.31182795698925,-12.138705526068232,
mom126,50,above200,low_third,spy_up,equal,93,2.592689023878566,3.64115909852316,-1.0484700746445943,41.935483870967744,-12.318008028111011,
mom126,20,above50,low_third,spy_up,invvol,91,2.4136303489282684,3.46227229754449,-1.0486419486162215,45.05494505494506,-13.744602778055597,
mom63,50,above200,low_third,spy_up,invvol,93,2.5922218158699764,3.64115909852316,-1.0489372826531844,44.086021505376344,-16.05101728213805,
mom63,50,,low_third,spy_up,invvol,93,2.5899810805468637,3.64115909852316,-1.0511780179762964,41.935483870967744,-16.594173699088284,
blend,30,above50,low_half,spy_up,equal,92,2.478847938166358,3.5301172350739876,-1.0512692969076285,42.391304347826086,-10.200709516971235,
mom252,30,above50,low_third,,equal,97,2.610026081550513,3.662872024428989,-1.052845942878476,48.45360824742268,-15.911586269690526,
mom252_s21,20,,low_third,,equal,105,3.170902124694503,4.224185323906812,-1.0532831992123093,45.714285714285715,-15.633191794523505,
mom126,50,,low_third,spy_up,invvol,93,2.5871210033644894,3.64115909852316,-1.05403809515867,41.935483870967744,-13.00681802430842,
mom63,10,above50,low_third,,equal,104,3.2223647127576824,4.277744678887503,-1.0553799661298193,47.11538461538461,-15.221984876125733,
mom252_s21,20,above200,low_third,,equal,104,2.981979254312726,4.03825793150059,-1.0562786771878652,45.19230769230769,-14.641055166439315,
mom126,50,above200,low_third,,invvol,101,3.0022431346302203,4.060148853790468,-1.0579057191602481,40.5940594059406,-13.00681802430842,
mom126,30,above50,low_third,spy_up,invvol,89,2.2295171576231714,3.2879241138561563,-1.0584069562329848,44.9438202247191,-16.572335558223152,
mom63,10,above50,low_third,,invvol,104,3.214771416096692,4.277744678887503,-1.0629732627908097,48.07692307692308,-15.47516430412849,
mom126,50,above200,low_third,spy_up,invvol,93,2.57813675981899,3.64115909852316,-1.0630223387041695,40.86021505376344,-13.00681802430842,
mom252_s21,30,,low_third,,invvol,105,3.1304322803782156,4.197725115970058,-1.0672928355918436,46.666666666666664,-14.87457406423856,
mom252_s21,20,above200,low_half,spy_up,invvol,93,2.55815685452769,3.625500421375437,-1.067343566847747,46.236559139784944,-14.636794157184637,
mom63,30,above50,low_half,,invvol,101,2.924781558582113,3.9938470053076554,-1.0690654467255427,38.613861386138616,-13.885141959475206,
blend,30,above50,low_third,spy_up,invvol,89,2.2181577471302845,3.2879241138561563,-1.069766366725872,51.68539325842697,-16.572335558223152,
mom252,10,above50,low_third,spy_up,equal,93,2.564073185667899,3.634754009647757,-1.0706808239798578,45.16129032258064,-15.326569124165301,
mom252_s21,20,above200,low_half,spy_up,equal,93,2.553562933416906,3.625500421375437,-1.071937487958531,46.236559139784944,-14.483441661577995,
blend,10,,low_half,spy_up,equal,93,2.5602088522996636,3.634754009647757,-1.0745451573480933,47.31182795698925,-12.138705526068232,
blend,10,above200,low_half,spy_up,equal,93,2.5602088522996636,3.634754009647757,-1.0745451573480933,47.31182795698925,-12.138705526068232,
mom252_s21,30,above50,low_third,,equal,97,2.5851359422038342,3.662872024428989,-1.0777360822251547,45.36082474226804,-15.911586269690526,
mom252,30,above50,low_third,,invvol,97,2.584918981066308,3.662872024428989,-1.077953043362681,47.42268041237113,-16.572335558223152,
mom252_s21,30,above50,low_third,spy_up,equal,89,2.207227341236298,3.2879241138561563,-1.0806967726198589,47.19101123595505,-15.911586269690526,
mom252,30,above50,low_third,spy_up,equal,89,2.2063689215651565,3.2879241138561563,-1.0815551922909996,47.19101123595505,-15.911586269690526,
blend,10,above200,low_half,spy_up,invvol,93,2.5490600168380264,3.634754009647757,-1.0856939928097304,46.236559139784944,-12.461808126546911,
blend,10,,low_half,spy_up,invvol,93,2.5490600168380264,3.634754009647757,-1.0856939928097304,46.236559139784944,-12.461808126546911,
blend,30,above50,low_half,spy_up,invvol,92,2.4440429651987894,3.5301172350739876,-1.0860742698751968,42.391304347826086,-10.689400719418387,
mom252,20,,low_third,spy_up,equal,93,2.53821825208867,3.625500421375437,-1.087282169286767,48.38709677419355,-14.390518241917599,
mom252,20,above200,low_third,,equal,104,2.9442201605739386,4.03825793150059,-1.0940377709266518,47.11538461538461,-14.098932366820394,
mom252,20,above200,low_third,spy_up,equal,93,2.530525889060243,3.625500421375437,-1.0949745323151934,48.38709677419355,-14.098932366820394,
mom252,10,above50,low_third,spy_up,invvol,93,2.5372420467596166,3.634754009647757,-1.0975119628881398,46.236559139784944,-15.406097592959725,
mom252_s21,20,,low_third,,invvol,105,3.125265997176564,4.224185323906812,-1.098919326730248,45.714285714285715,-15.865819589103658,
blend,10,above50,low_third,spy_up,equal,93,2.5351169219852285,3.634754009647757,-1.099637087662528,44.086021505376344,-13.357937731583588,
blend,10,above50,low_third,spy_up,invvol,93,2.5339408080564203,3.634754009647757,-1.100813201591337,46.236559139784944,-13.238070162455237,
mom252_s21,30,above50,low_third,,invvol,97,2.561578716670373,3.662872024428989,-1.1012933077586151,46.391752577319586,-16.572335558223156,
mom252_s21,20,above200,low_third,,invvol,104,2.935069464407958,4.03825793150059,-1.1031884670926326,44.230769230769226,-14.986596702432095,
mom63,10,above50,low_half,,invvol,104,3.1729594201522624,4.277744678887503,-1.1047852587352394,43.269230769230774,-10.639054262167798,
mom252_s21,30,above50,low_third,spy_up,invvol,89,2.1809195318394887,3.2879241138561563,-1.1070045820166674,47.19101123595505,-16.572335558223156,
blend,30,above50,low_half,,equal,101,2.8844547014982838,3.9938470053076554,-1.1093923038093718,40.5940594059406,-10.200709516971235,
mom252_s21,20,,low_half,,equal,105,3.114656522879853,4.224185323906812,-1.1095288010269593,47.61904761904761,-14.483441661577995,
mom252,30,above50,low_third,spy_up,invvol,89,2.178178731902976,3.2879241138561563,-1.1097453819531813,47.19101123595505,-16.572335558223152,
blend,20,above50,low_third,,equal,101,2.8341451127872035,3.9441864062755037,-1.1100412934882997,43.56435643564357,-13.848854701545758,
mom63,10,above50,low_half,,equal,104,3.166363638079735,4.277744678887503,-1.111381040807767,43.269230769230774,-10.521164909879232,
blend,10,,low_third,,equal,105,3.1234095401072257,4.236315033867098,-1.1129054937598721,43.80952380952381,-13.357937731583588,
blend,10,above200,low_third,,equal,105,3.1234095401072257,4.236315033867098,-1.1129054937598721,43.80952380952381,-13.357937731583588,
mom252,10,above50,low_third,,equal,104,3.1638098703809097,4.277744678887503,-1.113934808506592,45.19230769230769,-15.326569124165301,
mom126,10,above50,low_third,,equal,104,3.1602731266588684,4.277744678887503,-1.1174715522286336,43.269230769230774,-13.035048504025887,
mom252_s21,20,,low_half,,invvol,105,3.1024112154759944,4.224185323906812,-1.1217741084308182,46.666666666666664,-14.636794157184637,
mom252,20,,low_third,spy_up,invvol,93,2.5009802293890693,3.625500421375437,-1.1245201919863674,48.38709677419355,-14.765226849885952,
mom252,20,,low_third,,equal,105,3.0992026077897896,4.224185323906812,-1.124982716117023,47.61904761904761,-14.390518241917599,
blend,20,above50,low_third,spy_up,equal,91,2.3333400726845075,3.46227229754449,-1.1289322248599831,45.05494505494506,-13.848854701545758,
blend,10,above200,low_third,,invvol,105,3.1058985990759975,4.236315033867098,-1.1304164347910997,43.80952380952381,-13.238070162455237,
blend,10,,low_third,,invvol,105,3.1058985990759975,4.236315033867098,-1.1304164347910997,43.80952380952381,-13.238070162455237,
blend,20,above50,low_third,,invvol,101,2.8098251335194986,3.9441864062755037,-1.1343612727560037,42.57425742574257,-14.035206681274879,
mom126,10,above50,low_third,spy_up,equal,93,2.498964398483031,3.634754009647757,-1.135789611164726,44.086021505376344,-13.035048504025887,
mom252,20,above200,low_third,spy_up,invvol,93,2.489124879883496,3.625500421375437,-1.136375541491941,48.38709677419355,-14.52525350701402,
blend,30,above50,low_half,,invvol,101,2.8570588002149777,3.9938470053076554,-1.1367882050926779,40.5940594059406,-10.689400719418387,
mom252,20,above200,low_half,spy_up,equal,93,2.487288092450586,3.625500421375437,-1.1382123289248516,45.16129032258064,-14.05199260851493,
mom252_s21,30,above50,low_half,spy_up,equal,92,2.391171467926419,3.5301172350739876,-1.1389457671475676,44.565217391304344,-12.847405085772024,
mom63,20,above50,low_third,,equal,101,2.803268516453894,3.9441864062755037,-1.1409178898216092,44.554455445544555,-15.186456972178702,
mom126,10,above50,low_third,,invvol,104,3.136630269938545,4.277744678887503,-1.141114408948957,42.30769230769231,-13.009117605206411,
mom252,20,above200,low_half,spy_up,invvol,93,2.484181526195282,3.625500421375437,-1.1413188951801556,45.16129032258064,-14.2937628202291,
mom252,20,above200,low_third,,invvol,104,2.894765150530691,4.03825793150059,-1.1434927809698994,47.11538461538461,-14.52525350701402,
mom252,10,above50,low_third,,invvol,104,3.126895904052508,4.277744678887503,-1.150848774834994,46.15384615384615,-15.406097592959725,
mom252_s21,20,above50,low_third,,equal,101,2.7911452022955285,3.9441864062755037,-1.1530412039799744,43.56435643564357,-13.983994740588853,
mom126,10,above50,low_third,spy_up,invvol,93,2.4813704227136744,3.634754009647757,-1.153383586934083,43.01075268817204,-13.009117605206411,
mom252,20,,low_half,spy_up,equal,93,2.4721064849815253,3.625500421375437,-1.1533939363939119,45.16129032258064,-14.05199260851493,
blend,20,above50,low_third,spy_up,invvol,91,2.3073113208753546,3.46227229754449,-1.1549609766691349,43.956043956043956,-14.035206681274879,
mom252,20,,low_half,spy_up,invvol,93,2.467156951511633,3.625500421375437,-1.1583434698638044,45.16129032258064,-14.2937628202291,
mom63,20,above50,low_third,,invvol,101,2.7854312781093156,3.9441864062755037,-1.1587551281661874,45.54455445544555,-15.940277582357481,
mom252_s21,30,above50,low_half,spy_up,invvol,92,2.3678942749223864,3.5301172350739876,-1.1622229601515999,42.391304347826086,-13.035936699710746,
mom126_s21,20,above50,low_third,,equal,101,2.7814421525520707,3.9441864062755037,-1.1627442537234327,45.54455445544555,-13.110479826771618,
blend,10,above200,low_half,,equal,105,3.0733286035705016,4.236315033867098,-1.1629864302965953,45.714285714285715,-12.138705526068232,
blend,10,,low_half,,equal,105,3.0733286035705016,4.236315033867098,-1.1629864302965953,45.714285714285715,-12.138705526068232,
blend,20,above50,low_half,spy_up,equal,92,2.381584622151973,3.5503143019512997,-1.168729679799326,43.47826086956522,-11.06744926293604,
blend,20,,low_half,spy_up,equal,93,2.4565371478566327,3.625500421375437,-1.1689632735188038,41.935483870967744,-12.074293531074884,
blend,20,above200,low_half,spy_up,equal,93,2.4565371478566327,3.625500421375437,-1.1689632735188038,41.935483870967744,-12.074293531074884,
mom252_s21,20,above50,low_third,spy_up,equal,91,2.2890923270086465,3.46227229754449,-1.1731799705358437,43.956043956043956,-13.983994740588853,
mom252,20,,low_third,,invvol,105,3.05086656719455,4.224185323906812,-1.1733187567122625,47.61904761904761,-14.765226849885952,
mom63,20,above50,low_third,spy_up,equal,91,2.2859739525740306,3.46227229754449,-1.1762983449704592,45.05494505494506,-15.186456972178702,
blend,10,,low_half,,invvol,105,3.0569733883753227,4.236315033867098,-1.179341645491774,44.761904761904766,-12.461808126546911,
blend,10,above200,low_half,,invvol,105,3.0569733883753227,4.236315033867098,-1.179341645491774,44.761904761904766,-12.461808126546911,
blend,10,above50,low_third,,equal,104,3.0965910037467888,4.277744678887503,-1.1811536751407135,43.269230769230774,-13.357937731583588,
mom126_s21,20,above50,low_third,,invvol,101,2.7629348907463593,3.9441864062755037,-1.1812515155291434,45.54455445544555,-13.365298222988969,
mom252_s21,20,above200,low_half,,equal,105,3.0415985622192965,4.224185323906812,-1.182586761687516,45.714285714285715,-14.483441661577995,
mom252,30,above50,low_half,spy_up,equal,92,2.3468389611381957,3.5301172350739876,-1.1832782739357908,43.47826086956522,-13.009796744686804,
blend,10,above50,low_third,,invvol,104,3.093558896770145,4.277744678887503,-1.1841857821173574,45.19230769230769,-13.238070162455237,
mom252_s21,20,above200,low_half,,invvol,105,3.034327502106885,4.224185323906812,-1.1898578217999274,45.714285714285715,-14.636794157184637,
blend,20,above50,low_half,spy_up,invvol,92,2.35846878001901,3.5503143019512997,-1.1918455219322899,42.391304347826086,-11.355040939781508,
mom63,20,above50,low_third,spy_up,invvol,91,2.2698803274477504,3.46227229754449,-1.1923919700967396,46.15384615384615,-15.940277582357481,
blend,20,,low_half,spy_up,invvol,93,2.4330765734246897,3.625500421375437,-1.192423847950747,41.935483870967744,-11.913480624816408,
blend,20,above200,low_half,spy_up,invvol,93,2.4330765734246897,3.625500421375437,-1.192423847950747,41.935483870967744,-11.913480624816408,
mom252,20,,low_half,,equal,105,3.025551231873651,4.224185323906812,-1.1986340920331613,44.761904761904766,-14.05199260851493,
mom252_s21,20,above50,low_third,,invvol,101,2.742277098501341,3.9441864062755037,-1.2019093077741625,43.56435643564357,-14.188406683337151,
mom252,20,,low_half,,invvol,105,3.0102672216377404,4.224185323906812,-1.213918102269071,44.761904761904766,-14.2937628202291,
blend,10,above50,low_half,,invvol,104,3.0632983122105455,4.277744678887503,-1.2144463666769567,44.230769230769226,-12.461808126546911,
mom126_s21,20,above50,low_third,spy_up,equal,91,2.247424718818274,3.46227229754449,-1.214847578726216,46.15384615384615,-13.110479826771618,
mom252,30,above50,low_half,spy_up,invvol,92,2.31486515851937,3.5301172350739876,-1.215252076554617,43.47826086956522,-13.30777031911689,
mom252,20,above200,low_half,,equal,105,3.0080528642470883,4.224185323906812,-1.216132459659724,44.761904761904766,-14.05199260851493,
blend,10,above50,low_half,,equal,104,3.0614742312513608,4.277744678887503,-1.216270447636142,45.19230769230769,-12.138705526068232,
mom252_s21,30,above50,low_half,,equal,101,2.7744440636920187,3.9938470053076554,-1.2194029416156362,41.584158415841586,-12.847405085772024,
mom252_s21,20,above50,low_third,spy_up,invvol,91,2.240667982096687,3.46227229754449,-1.2216043154478036,43.956043956043956,-14.188406683337151,
mom126_s21,20,above50,low_third,spy_up,invvol,91,2.2377891474817453,3.46227229754449,-1.2244831500627444,46.15384615384615,-13.365298222988969,
mom252,10,above200,low_third,spy_up,equal,93,2.4092142690564944,3.634754009647757,-1.2255397405912625,46.236559139784944,-19.85269735651245,
mom252,10,,low_third,spy_up,equal,93,2.4078764935614694,3.634754009647757,-1.2268775160862877,46.236559139784944,-19.85269735651245,
blend,20,above50,low_half,,equal,102,2.789160274220499,4.018872193498009,-1.2297119192775086,42.15686274509804,-11.06744926293604,
blend,20,above200,low_half,,equal,105,2.9929041635977374,4.224185323906812,-1.231281160309074,41.904761904761905,-12.074293531074884,
blend,20,,low_half,,equal,105,2.9929041635977374,4.224185323906812,-1.231281160309074,41.904761904761905,-12.074293531074884,
mom252,20,above200,low_half,,invvol,105,2.992525330634819,4.224185323906812,-1.231659993271993,44.761904761904766,-14.2937628202291,
mom252_s21,30,above50,low_half,,invvol,101,2.7604305818124395,3.9938470053076554,-1.2334164234952159,39.603960396039604,-13.035936699710746,
mom252,30,above50,low_half,,equal,101,2.753875439565314,3.9938470053076554,-1.2399715657423411,40.5940594059406,-13.009796744686804,
mom252,20,above50,low_third,,equal,101,2.703676700167044,3.9441864062755037,-1.2405097061084585,47.524752475247524,-14.481495904409828,
mom252_s21,10,above50,low_half,spy_up,invvol,93,2.3937348149461863,3.634754009647757,-1.2410191947015707,45.16129032258064,-16.755214360875705,
blend,20,above50,low_half,,invvol,102,2.7738140886662332,4.018872193498009,-1.2450581048317744,41.17647058823529,-11.355040939781508,
blend,20,above200,low_half,,invvol,105,2.968329136604576,4.224185323906812,-1.255856187302237,41.904761904761905,-11.913480624816408,
blend,20,,low_half,,invvol,105,2.968329136604576,4.224185323906812,-1.255856187302237,41.904761904761905,-11.913480624816408,
mom252,10,,low_third,spy_up,invvol,93,2.3783288389627457,3.634754009647757,-1.2564251706850116,47.31182795698925,-19.92876487144677,
mom252,10,above200,low_third,spy_up,invvol,93,2.378281995230816,3.634754009647757,-1.2564720144169417,47.31182795698925,-19.92876487144677,
mom252,30,above50,low_half,,invvol,101,2.730070711873086,3.9938470053076554,-1.2637762934345695,40.5940594059406,-13.30777031911689,
mom252,20,above50,low_third,spy_up,equal,91,2.189870255202794,3.46227229754449,-1.2724020423416957,48.35164835164835,-14.481495904409828,
mom252_s21,10,above50,low_half,spy_up,equal,93,2.362329817162543,3.634754009647757,-1.2724241924852142,40.86021505376344,-16.55760790466145,
mom252,10,,low_third,,equal,105,2.963276219919494,4.236315033867098,-1.2730388139476032,45.714285714285715,-19.85269735651245,
mom252_s21,10,,low_half,,equal,105,2.9579888910415764,4.236315033867098,-1.2783261428255204,42.857142857142854,-17.155623675949645,
mom252_s21,10,,low_half,spy_up,equal,93,2.3413809264052623,3.634754009647757,-1.2933730832424943,43.01075268817204,-17.155623675949645,
mom252,20,above50,low_third,,invvol,101,2.650228916970959,3.9441864062755037,-1.2939574893045447,47.524752475247524,-14.762356878688882,
mom252_s21,10,,low_half,,invvol,105,2.9370907133566235,4.236315033867098,-1.2992243205104737,41.904761904761905,-17.758570253035554,
mom252_s21,10,,low_half,spy_up,invvol,93,2.334164338821718,3.634754009647757,-1.3005896708260383,41.935483870967744,-17.758570253035554,
mom252_s21,20,above50,low_half,spy_up,equal,92,2.241202429065792,3.5503143019512997,-1.3091118728855078,40.21739130434783,-14.175856609016282,
mom252_s21,20,above50,low_half,spy_up,invvol,92,2.2387836063176834,3.5503143019512997,-1.3115306956336164,41.30434782608695,-14.478577080065419,
mom252,10,,low_third,,invvol,105,2.9227024313258,4.236315033867098,-1.3136126025412973,46.666666666666664,-19.92876487144677,
mom252,10,above200,low_third,,equal,105,2.9219405231054285,4.236315033867098,-1.3143745107616682,45.714285714285715,-19.85269735651245,
mom252,20,above50,low_half,spy_up,equal,92,2.2264324920432905,3.5503143019512997,-1.3238818099080096,41.30434782608695,-13.763654165660933,
mom252,20,above50,low_half,spy_up,invvol,92,2.2244101188442533,3.5503143019512997,-1.3259041831070468,41.30434782608695,-13.869932590044009,
mom252,20,above50,low_third,spy_up,invvol,91,2.131718247691007,3.46227229754449,-1.3305540498534825,48.35164835164835,-14.762356878688882,
mom252_s21,10,above200,low_half,spy_up,equal,93,2.2925023535056916,3.634754009647757,-1.3422516561420654,43.01075268817204,-17.155623675949645,
mom252_s21,10,above200,low_half,spy_up,invvol,93,2.291627647224833,3.634754009647757,-1.3431263624229235,41.935483870967744,-17.758570253035554,
mom252_s21,20,above50,low_half,,equal,102,2.6694180632220887,4.018872193498009,-1.3494541302759198,39.21568627450981,-14.175856609016282,
mom252_s21,20,above50,low_half,,invvol,102,2.6677836744499146,4.018872193498009,-1.3510885190480926,40.19607843137255,-14.478577080065419,
mom252_s21,10,above50,low_half,,invvol,104,2.91939788001066,4.277744678887503,-1.3583467988768432,44.230769230769226,-16.755214360875705,
mom252,10,above200,low_third,,invvol,105,2.8777599981759097,4.236315033867098,-1.3585550356911882,46.666666666666664,-19.92876487144677,
mom252,20,above50,low_half,,equal,102,2.6494915951125266,4.018872193498009,-1.3693805983854825,40.19607843137255,-13.763654165660933,
mom252,20,above50,low_half,,invvol,102,2.649488136697251,4.018872193498009,-1.3693840568007571,41.17647058823529,-13.869932590044009,
mom252_s21,10,above200,low_half,,equal,105,2.86426759940067,4.236315033867098,-1.3720474344664266,42.857142857142854,-17.155623675949645,
mom252_s21,10,above50,low_half,,equal,104,2.8936166472173084,4.277744678887503,-1.3841280316701934,41.34615384615385,-16.55760790466145,
mom252_s21,10,above200,low_half,,invvol,105,2.8409098372313655,4.236315033867098,-1.3954051966357317,41.904761904761905,-17.758570253035554,
mom252,10,,low_half,spy_up,equal,93,2.1960935492801945,3.634754009647757,-1.4386604603675612,40.86021505376344,-18.013102138959802,
mom252,10,above200,low_half,spy_up,equal,93,2.1960935492801945,3.634754009647757,-1.4386604603675612,40.86021505376344,-18.013102138959802,
mom252,10,,low_half,spy_up,invvol,93,2.171905589118693,3.634754009647757,-1.4628484205290633,41.935483870967744,-18.672897274858634,
mom252,10,above200,low_half,spy_up,invvol,93,2.171905589118693,3.634754009647757,-1.4628484205290633,41.935483870967744,-18.672897274858634,
mom252,10,,low_half,,equal,105,2.753396341586423,4.236315033867098,-1.482918692280675,40.95238095238095,-18.013102138959802,
mom252,10,above50,low_half,spy_up,invvol,93,2.143414589857897,3.634754009647757,-1.4913394197898597,39.784946236559136,-17.472370555890983,
mom252,10,above50,low_half,spy_up,equal,93,2.1330161493562922,3.634754009647757,-1.5017378602914644,36.55913978494624,-16.820392756616073,
mom252,10,,low_half,,invvol,105,2.7266246217710073,4.236315033867098,-1.5096904120960895,41.904761904761905,-18.672897274858634,
mom252,10,above200,low_half,,equal,105,2.7177337949259766,4.236315033867098,-1.518581238941121,40.95238095238095,-18.013102138959802,
mom252,10,above200,low_half,,invvol,105,2.6870461610652594,4.236315033867098,-1.549268872801838,41.904761904761905,-18.672897274858634,
mom252,10,above50,low_half,,invvol,104,2.6754376723926847,4.277744678887503,-1.602307006494818,39.42307692307692,-17.472370555890983,
mom252,10,above50,low_half,,equal,104,2.666840887175368,4.277744678887503,-1.610903791712134,36.53846153846153,-16.820392756616073,
