symbol,date,n_owners,value
"""WM""",2007-11-09,3,334886.0
(AIG),2006-06-05,3,275165.0
(BBT),2008-02-21,3,512108.47000000003
(BSX),2006-02-17,3,5110470.0
(BSX),2006-05-19,4,1887307.0
(CALX),2018-08-20,3,459865.0
(CALX),2019-02-19,3,924800.0
(CALX),2019-05-23,3,834445.27
(CALX),2019-08-27,4,742848.76
(CBNK),2006-07-20,23,2320430.0
(CHFC),2007-07-31,6,368745.5
(CHFC),2010-08-31,7,353610.5
(CHFC),2011-08-23,8,361068.55
(CHFC),2012-11-21,4,211287.0
(EBSB),2008-01-23,13,1389000.0
(FABK),2007-12-03,12,5225208.23
(FSFG),2008-10-07,9,1854440.0
(LUMO),2021-08-16,3,795725.25
(MCBC),2012-11-13,4,227390.0
(MCBC),2014-05-08,3,294054.05
(NECB),2006-07-06,8,355000.0
(NONE),2006-02-22,3,9020155.4958
(NONE),2007-01-12,8,1496510.0
(NONE),2008-05-20,4,220388.4
(NONE),2009-05-22,3,829648.91
(NONE),2011-03-01,3,70353300.0
(NYSE:FBC),2007-11-05,4,1788660.87
(NYSE:FBC),2008-07-28,3,208160.0
(NYSE:FBC),2009-02-03,10,4504000.0
(NYSE:FBC),2010-04-02,3,1251250.0
(NYSE:FBC),2010-11-02,6,494500.0
(NYSE:FBC),2014-10-28,5,207227.47999999998
(NYSE:FBC),2022-05-27,3,709950.76
(PBCP.OB),2007-09-11,7,213925.90000000002
(PBKS),2007-07-26,3,370897.93
(PBKS),2008-04-15,20,802947.9999999999
(PULB),2006-02-10,5,1978687.5
(PULB),2008-10-01,5,209588.63
(PULB),2008-12-30,6,236912.51
(RECV),2012-12-06,3,407700.0
(RURL),2007-07-20,3,6304740.430000001
--,2021-08-27,3,141825649.0
/ADVNB),2007-11-14,3,596107.79
0,2007-02-08,5,1100000.0
0,2008-02-06,7,1600000.0
1314152,2012-10-02,3,220000.0
?OSH?,2020-08-28,4,312480.0
AA,2014-07-21,3,538215.0
AA,2016-02-04,3,390570.83
AAACX,2020-03-05,3,1077769.5622999999
AAC,2014-10-09,4,2400345.0
AAC,2015-08-07,3,681696.3
AAC,2019-06-12,3,219251.63
AACC,2008-04-16,3,984025.0
AACC,2008-07-15,6,12125177.799999999
AACQ,2007-02-02,7,273380.01
AADX,2026-06-04,4,1170000.0
AAIC,2022-06-27,3,284434.51
AAIDX,2019-01-22,3,1100062.6289
AAL,2019-06-04,6,2375100.0
AALA,2008-11-04,7,1836308.88
AAMC,2014-05-19,3,8271034.9399999995
AAMC,2014-09-16,3,38280116.06999999
AAME,2006-05-23,7,212565.59999999998
AAN,2016-03-21,3,236220.0
AAN,2021-12-02,3,225935.97999999998
AAN,2023-11-13,3,260625.0
AAOI,2016-06-20,3,1259610.0
AAOI,2024-03-18,3,700433.8
AAOI,2025-08-14,3,1000938.0
AAP,2016-08-23,4,1277006.81
AAP,2017-05-31,3,49404349.42
AAP,2023-06-09,4,733656.35
AAP,2025-03-12,3,590471.0
AARD,2007-03-23,6,36332154.0
AARD,2025-02-19,4,23424672.0
AARD.OB,2006-12-08,4,36181285.0
AASP,2010-09-24,4,457019.04
AAT,2011-08-15,3,762600.0
AAVL,2014-08-07,4,55523425.25
AAWW,2006-11-29,3,24039203.0
AAWW,2011-11-18,3,585490.0
AAWW,2020-03-16,3,618459.14
ABAX,2006-05-23,3,332088.78
ABAX,2006-10-06,3,322840.0
ABAX,2007-03-02,4,254145.0
ABBV,2019-06-28,3,3326920.0
ABCB,2006-03-10,4,275868.85
ABCB,2007-03-01,4,376578.75
ABCB,2007-08-06,6,234752.5
ABCB,2009-11-25,4,216295.76
ABCB,2010-04-21,6,1267651.0
ABCB,2015-08-05,3,302189.86
ABCB,2020-03-13,7,511608.26999999996
ABCB,2023-05-10,3,651870.0
ABCD,2011-06-01,3,242645.82
ABCL,2020-12-17,5,62443300.0
ABCL,2021-12-07,3,5207690.36
ABCL,2022-05-17,3,12966429.88
ABCP,2015-07-10,3,5259114.5
ABCP,2015-11-20,3,593035.75
ABCP,2018-09-20,3,424420.36
ABD,2007-12-04,3,706800.0
ABD,2008-11-17,5,233941.0
ABD,2009-11-09,4,212348.68
ABDC,2015-03-31,3,629963.39
ABE,2017-04-26,5,928178.5137
ABEO,2019-04-18,3,623277.4
ABH,2011-01-14,4,240595018.66
ABK,2007-10-31,3,462652.5
ABK,2008-03-07,9,629437.5
ABL,2025-06-06,3,1186888.78
ABNJ,2006-02-15,3,389970.2
ABOS,2021-07-08,6,59356000.0
ABR,2020-03-17,3,313241.78
ABR,2023-11-20,3,1281029.67
ABR,2025-05-27,4,2106545.04
ABR,2025-11-18,3,531576.4
ABSI,2021-07-28,8,80569600.0
ABTL,2015-10-05,4,5698440.15
ABTL,2016-05-20,5,2472686.7500000005
ABTX,2015-10-13,5,357000.0
ABTX,2016-01-29,5,570515.06
ABTX,2016-05-03,7,1020270.8300000001
ABTX,2018-12-31,4,586172.0
ABXA,2007-12-07,7,216784.95
AC,2019-06-27,3,472783.3
AC,2019-12-09,3,701408.53
ACA,2007-08-02,4,335747.0
ACAR,2010-11-15,3,489007.75
ACAR,2014-12-02,3,371976.0
ACAS,2006-03-01,3,3515522.0
ACAS,2007-03-06,3,4755497.31
ACAS,2008-01-10,3,1281250.0
ACAS,2008-11-13,3,282760.0
ACAS,2009-03-06,3,232160.0
ACAS,2010-09-03,3,240200.8
ACAT,2015-10-23,3,227795.0
ACBI,2016-02-25,6,214669.0
ACC,2006-05-18,4,222017.5
ACC,2013-08-07,3,224261.0
ACCA,2016-12-16,3,660000.0
ACCL,2008-05-20,3,6637456.640000001
ACCO,2012-06-05,3,228178.5
ACCS,2026-05-29,3,218412.24
ACDC,2023-05-24,3,11846864.69
ACDC,2024-05-22,3,20711041.799999997
ACDC,2024-08-29,3,7554884.400000001
ACDC,2025-05-16,3,4363678.49
ACDC,2025-09-09,3,20164577.51
ACER,2020-07-28,4,782495.0
ACET,2023-06-30,3,3669500.0
ACF,2007-11-19,3,989638.0
ACF,2008-02-22,3,105883898.8
ACF,2008-08-22,3,36279812.0
ACF,2009-11-19,3,10201300.0
ACFC,2006-09-19,5,223152.72
ACFC,2007-03-15,3,412820.85000000003
ACFC,2013-12-20,6,5214663.75
ACFN,2009-11-18,4,201600.0
ACFN,2013-10-18,4,274936.0
ACFN,2014-06-09,3,583152.09
ACG,2013-06-19,3,1239022.23
ACGL,2009-03-06,3,1954083.6
ACGL,2013-08-19,3,319490.0
ACHI,2016-08-11,4,968789.02
ACHN,2013-07-11,3,19203630.82
ACHN,2013-11-22,4,10251777.219999999
ACHR,2023-01-17,4,263141.62
ACHR,2024-03-14,3,31445913.03
ACHR,2024-12-13,3,5139698.790000001
ACI,2011-08-10,3,368228.2
ACI,2020-08-17,5,543042.0
ACI,2021-06-04,4,296000.0
ACIW,2007-12-21,3,487101.0
ACLI,2007-11-19,3,3183284.82
ACLS,2007-09-06,3,344872.0
ACLS,2010-09-07,3,240926.06
ACLX,2022-02-09,3,61249995.0
ACME,2007-11-06,3,224380.0
ACMP,2012-12-28,3,649605.0
ACNB,2008-05-28,7,203947.55
ACNB,2017-06-21,13,206349.97999999998
ACNB,2020-03-20,6,561086.1269999999
ACNB,2021-07-01,5,286072.4427
ACNB,2022-03-18,5,207450.03960000002
ACNB,2022-07-05,6,304106.1104
ACON,2022-04-25,4,257840.0
ACOR,2006-02-17,3,2000004.0
ACPW,2011-12-05,4,203887.46
ACR,2022-08-12,3,1603483.2
ACRE,2012-06-14,3,323568.6
ACRE,2013-06-24,6,3325495.5
ACRE,2017-05-11,3,575050.86
ACRL,2017-09-20,3,549848.46
ACRS,2015-10-13,5,43583210.06
ACRS,2018-04-09,3,629855.5
ACRX,2011-02-18,5,25877610.0
ACRX,2012-06-06,3,2903919.6000000006
ACS,2007-11-16,4,554872.0
ACSF,2014-01-17,3,671250.0
ACT,2021-09-20,11,3040000.0
ACTA,2015-06-02,3,1158025.0
ACTG,2016-04-29,3,417200.0
ACTG,2017-09-19,5,773165.48
ACTU,2024-08-14,3,12000000.0
ACTU,2025-06-30,3,1499988.0
ACUR,2017-12-18,8,218573.4
ACVA,2025-11-18,3,5744204.79
ACW,2007-11-27,5,260402.0
ACW,2011-05-31,3,253100.0
ACW,2011-08-31,10,611697.26
ACW,2013-05-06,3,644462.0
ACW,2013-08-19,3,2768419.2
ACW,2013-11-21,4,10056713.100000001
ACW,2015-11-09,3,2041124.96
ACW,2016-03-03,3,452367.39
ACXP,2022-07-29,3,225001.8
ACY,2015-03-12,3,443049.56
ADAM,2009-11-02,3,225119.4
ADAP,2016-05-25,3,35791236.0
ADAP,2017-03-28,12,100089998.4
ADAP,2018-03-23,10,24154337.400000006
ADAP,2018-09-10,11,210420000.0
ADAP,2020-01-28,6,30150000.0
ADAT,2006-03-23,3,200926.12
ADAT,2009-04-02,4,73658750000.0
ADAT,2011-12-20,3,370624.87
ADC,2007-08-30,3,315704.08
ADC,2015-06-29,3,650484.49
ADC,2017-05-16,3,1678750.0
ADC,2018-09-06,3,1096042.56
ADC,2019-07-16,3,708854.0
ADC,2019-12-18,3,1592962.47
ADC,2020-03-25,5,274158.0
ADC,2021-03-03,5,3162100.92
ADC,2021-09-27,3,299103.95
ADC,2023-05-18,3,1967260.75
ADC,2023-08-16,5,4561021.9
ADC,2023-12-22,3,1091587.85
ADC,2025-10-06,3,329318.64
ADC,2026-01-13,3,2813680.0
ADC,2026-05-19,3,2550293.4499999997
ADCT,2006-06-06,3,372586.0
ADES,2023-02-03,3,7553032.0
ADG,2006-08-15,3,912329.0
ADG,2006-11-20,3,521061.0
ADGE,2015-10-21,7,261981.50000000003
ADGI,2021-08-12,4,101388000.0
ADI,2008-12-05,3,208433.0
ADLR,2008-10-31,3,5248946.25
ADLR,2010-06-02,3,1944103.9400000004
ADLR,2011-12-09,3,24790638.009999998
ADM,2011-08-18,3,266515.0
ADM,2012-08-08,3,305584.76
ADM,2015-11-24,3,515247.56000000006
ADMA,2013-10-23,5,4425984.0
ADMA,2015-03-23,6,209768.5
ADMA,2015-12-22,3,250430.32
ADMA,2016-05-05,4,1618753.5
ADMA,2017-11-13,5,13631976.1
ADMA,2018-06-11,5,744504.1200000001
ADMA,2019-05-21,5,306000.0
ADMA,2020-02-11,6,16542942.5
ADMA,2021-10-26,4,580000.0
ADMG.PK,2006-10-27,3,342818.0
ADMQ,2020-09-22,3,442623.28
ADMS,2016-09-16,3,8119358.36
ADNW,2006-02-23,3,247240.0
ADPT,2007-08-09,3,3705142.9
ADPT,2008-05-30,3,3416064.18
ADPT,2008-11-13,3,3287010.5300000003
ADPT,2009-10-22,3,2743928.5300000003
ADPT,2010-06-09,3,6626272.49
ADPT,2011-05-26,3,2356394.9
ADPT,2011-08-24,3,1895490.0
ADPT,2019-07-03,4,10244000.0
ADRM,2008-08-13,3,129387945884000.0
ADRO,2015-04-22,5,10440278.0
ADS,2020-03-20,3,549505.9
ADSK,2026-06-17,3,1786772.94
ADT,2014-02-04,4,492065.88
ADT,2018-05-21,3,1102921.0
ADT,2023-05-04,5,667440.0
ADT,2026-05-12,3,351122.9
ADTN,2025-12-01,3,449754.02999999997
ADV,2021-03-24,5,1133582.7900000003
ADV,2023-05-22,3,498736.43
ADV,2023-11-13,3,351270.24
ADV,2025-03-18,3,243261.28
ADV,2026-03-11,3,250568.31
ADVM,2021-04-01,3,398400.0
ADVNB,2008-11-24,3,313084.0
ADVS,2007-08-01,3,3713771.61
ADVS,2008-01-24,3,2829539.13
ADXS,2007-10-30,3,418312.88999999996
ADXS,2013-10-29,5,357200.0
AEBI,2025-08-26,5,236659.0
AEBI,2025-11-26,4,240300.0
AEBI,2026-05-19,5,247315.0
AEGN,2014-11-04,5,577023.4
AEGR,2010-10-27,12,22952000.0
AEGR,2011-08-09,3,340996.2
AEGR,2012-12-05,3,4293700.0
AEHR,2013-03-19,9,650000.0
AEHR,2014-11-26,8,1145519.0100000002
AENT,2023-07-05,4,999600.0
AEO,2007-08-23,3,1106132.25
AEO,2010-09-15,3,8243874.0
AEO,2011-09-23,4,12649509.4
AEPI,2007-10-18,3,4167844.0
AEPI,2008-01-16,3,4107445.0
AEPI,2009-03-11,3,4422975.760000001
AEPI,2014-04-24,3,41421084.18000001
AER,2008-11-19,8,392550.0
AERI,2013-11-01,7,7650000.0
AERI,2019-08-23,3,18096908.68
AES,2008-10-07,4,1030700.0
AES,2012-05-21,3,652410.1799999999
AES,2015-11-12,3,450720.0
AES,2017-11-14,4,501027.44
AES,2020-03-20,6,341083.5
AES,2023-08-16,3,1240288.0
AESI,2023-03-15,3,5301000.0
AESI,2025-05-16,3,715300.46
AET,2006-05-04,3,1292254.0
AETI,2012-12-10,3,420000.0
AEYE,2021-08-18,4,909566.02
AEZ,2008-08-27,4,249866.4
AFAM,2015-01-22,3,4146669.0
AFB,2024-06-10,3,2161675.9299999997
AFBI,2021-12-02,3,273859.03
AFCB,2010-01-08,11,2962810.0
AFCG,2021-03-25,5,250800.0
AFCG,2022-05-13,4,1011962.8
AFCG,2025-03-17,3,868941.12
AFCG,2025-08-26,3,1593659.03
AFCO,2015-10-22,9,2001685.0
AFFM,2008-03-21,4,261745.0
AFFX,2011-08-24,3,293400.0
AFI,2020-03-12,7,567085.65
AFIB,2020-08-12,5,42251400.0
AFIB,2021-07-21,3,44999976.0
AFL,2008-11-21,3,245913.12
AFN,2006-11-28,10,165491183340.0
AFN,2007-05-16,3,1419020.0
AFN,2007-08-14,5,457508.0
AFN,2009-04-30,3,1508965.857
AFRM,2021-01-15,3,11025000.0
AFRM,2022-04-29,3,126219306.91
AFSI,2013-06-10,3,25089200.0
AGAX,2006-05-10,3,1300000.0
AGAX,2006-12-12,3,4099998.75
AGBK,2026-05-12,4,210115.51899999997
AGC,2007-07-25,6,207955.0
AGC,2007-12-21,3,248103.4
AGC,2016-08-31,4,6015966.700000001
AGC,2016-12-01,3,521303.98
AGCB,2021-01-11,4,5260000.0
AGCO,2014-10-09,3,87269587.05
AGCO,2015-04-07,3,7167809.84
AGD,2006-07-28,3,240000.0
AGFS,2015-11-23,5,220650.64
AGFS,2018-08-24,3,2158786.04
AGFS,2018-12-18,4,553628.87
AGIO,2014-04-30,3,14220184.0
AGIO,2019-11-15,3,13999941.0
AGL,2024-12-13,4,248474.62
AGLE,2016-04-12,3,3170000.0
AGLE,2021-12-13,3,934908.08
AGM,2020-03-06,3,205855.16
AGM,2020-06-12,3,241345.0
AGN,2008-11-06,3,1365655.0
AGN,2017-12-07,3,2890047.1
AGN,2018-03-09,3,1108267.0
AGN,2018-09-07,3,2287684.09
AGNC,2012-12-13,3,598066.5
AGNC,2013-10-31,3,638895.0
AGO,2007-11-14,6,475605.0
AGO,2008-05-08,3,1.0651896e+16
AGO,2009-03-05,5,260840.0
AGO,2020-03-31,3,8872289.85
AGR,2017-03-09,3,290740.87
AGRX,2014-05-29,3,32059692.0
AGRX,2020-03-06,3,9201850.0
AGS,2019-08-16,4,293360.0
AGTC,2014-04-01,7,7498320.0
AGYS,2008-02-19,3,4203417.22
AGYS,2008-05-28,3,2463065.44
AGYS,2008-11-26,4,739137.24
AGYS,2009-02-25,3,3122679.8600000003
AGYS,2010-06-23,3,2807197.36
AGYS,2010-09-22,4,4340779.3
AGYS,2012-02-15,3,212867.05000000002
AGYS,2013-08-16,5,228157.11000000002
AGYS,2013-11-27,3,22212900.75
AGYS,2020-03-23,3,246766.7
AHC,2006-01-31,8,907140.0
AHCO,2021-12-30,3,1262351.0
AHCO,2022-05-18,3,3332854.1
AHCO,2026-03-12,3,20030533.43
AHH,2013-05-15,5,400510.5
AHH,2013-08-22,3,1170562.22
AHH,2014-03-11,3,450627.5
AHH,2014-09-15,3,543000.0
AHH,2019-06-20,6,610000.0
AHH,2020-03-19,3,783771.6
AHH,2024-09-30,7,3189973.5
AHM,2007-03-07,3,230300.0
AHOM.OB,2007-04-02,3,1577157.76
AHR,2007-09-07,3,313194.2
AHS,2010-11-09,4,269425.0
AHT,2007-11-08,3,3015592.2
AHT,2011-04-18,3,2260174.63
AIC,2006-02-15,3,435005.25
AIG,2008-08-12,3,1211776.0
AIG,2010-11-24,3,182777584.0
AIG,2011-11-21,3,742597.0
AIG,2012-05-10,3,666418.8
AII,2007-11-15,3,228987.0
AII,2008-02-21,5,11539591.25
AII,2026-06-11,4,2500957.95
AIKI,2022-09-14,3,755808.33
AIKI,2022-12-16,3,213710.0
AIMD,2021-12-21,4,1533986.0
AIMT,2015-08-11,6,21335777.5
AIMT,2018-02-26,5,2158976.0
AIMT,2020-03-19,4,1548658.38
AIN,2024-11-05,4,317207.0
AINV,2007-08-16,3,266457.8
AINV,2008-03-04,3,473226.72000000003
AINV,2009-08-17,3,329952.0
AINV,2010-04-30,3,307250.0
AINV,2012-06-08,3,339550.0
AINV,2014-03-05,3,286370.0
AINV,2015-08-10,4,240250.0
AINV,2016-08-22,5,220821.8
AIO,2020-03-10,3,371529.01
AIQ,2010-08-03,5,23436562.5
AIQ,2010-11-01,5,11310000.0
AIR,2008-10-09,5,359675.0
AIR,2012-07-02,3,359600.0
AIRC,2022-03-15,4,299103.86
AIRJ,2025-12-10,3,1036117.42
AIRS,2022-11-15,4,704550.0
AIRT,2013-02-27,3,270652.43
AIRT,2013-09-12,3,626127.1
AIRT,2014-08-28,3,496888.27
AIRT,2018-12-21,3,200359.94999999998
AIRT,2020-12-31,3,2140564.4124000003
AIXD,2007-03-14,5,290256.03
AJX,2015-02-23,3,3306000.0
AJX,2016-06-14,3,394447.85
AKA,2021-09-28,4,9257450.95
AKAM,2009-08-04,3,4287569.3
AKAM,2010-08-13,3,3561815.0
AKAO,2016-12-19,11,81000000.0
AKBA,2014-03-27,7,8148525.0
AKBA,2014-11-17,3,202541.0
AKBA,2019-11-22,5,511854.0
AKICU,2021-01-12,3,19800000.0
AKP,2018-10-05,3,522899.16000000003
AKR,2009-02-02,13,400786.22
AKR,2023-06-07,5,1611023.77
AKRO,2019-06-25,7,51840000.0
AKRX,2010-06-09,5,289173.5
AKRX,2014-06-16,3,295570.0
AKRX,2019-06-04,3,337800.0
AKS,2008-03-27,3,85206500.0
AKS,2009-03-06,5,253163.0
AKS,2011-08-18,4,360470.0
AKS,2012-11-28,5,496185.0
AKS,2014-11-07,3,1171100.0
AKTS,2017-11-16,5,949987.5
AKTS,2018-11-13,3,270020.0
AKTS,2024-01-31,4,750000.0
AKTS,2026-01-12,3,70059996.0
AKUS,2020-07-01,12,105999930.0
AKYA,2021-11-22,3,882198.05
AKYA,2023-06-12,6,12016940.0
AL,2011-04-27,8,283625.0
AL,2014-06-12,4,693982.0
ALAB,2024-03-22,3,1322892.0
ALAN,2008-08-28,4,1300000.0
ALB,2008-07-28,3,404290.0
ALB,2015-02-03,3,644049.56
ALB,2023-05-15,3,1489774.2
ALBA,2006-09-19,3,440360.0
ALCO,2006-08-03,3,222227.33000000002
ALCO,2013-11-21,3,551367636.0
ALCO,2014-12-22,3,3691797.5999999996
ALCO,2015-07-01,3,1961913.6400000001
ALCO,2016-03-02,3,339113.0
ALD,2006-05-19,3,296859.9
ALD,2007-11-09,7,2641666.54
ALD,2008-06-09,3,521643.0
ALD,2008-11-20,9,226095.42
ALDR,2014-05-15,6,17530000.0
ALDX,2014-05-08,6,525000.0
ALDX,2015-10-28,3,676794.48
ALDX,2017-02-21,6,4353610.5
ALDX,2019-09-11,5,263431.72
ALDX,2022-08-08,3,5918489.48
ALEX,2015-09-02,3,1751351.79
ALEX,2020-03-17,4,377650.0
ALGN,2008-02-14,3,3652759.0
ALGN,2008-05-30,3,840964.0
ALGN,2008-11-25,3,1102879.4
ALGN,2019-08-14,3,1304922.4100000001
ALGN,2022-11-03,3,2485105.5
ALGS,2020-10-20,3,14250000.0
ALGT,2008-08-13,3,28796974.74
ALHC,2009-10-14,3,100590472.92999999
ALIM,2010-04-27,6,24949848.0
ALIM,2011-03-14,4,390622.12
ALIM,2015-10-26,3,2121814.42
ALIM,2021-11-04,4,208522.25
ALIT,2025-03-13,3,807754.6799999999
ALIT,2025-12-01,4,446693.24
ALJ,2008-03-14,3,2717252.0
ALJ,2008-08-13,3,310979.16000000003
ALKT,2026-03-13,3,101228560.08
ALLB,2007-01-30,10,492470.0
ALLK,2018-07-23,4,12999996.0
ALLO,2018-10-17,6,15310008.0
ALLY,2014-04-15,5,567500.0
ALLY,2016-05-05,3,319840.0
ALMS,2024-07-03,3,120000000.0
ALMS,2025-05-06,4,2084211.98
ALMS,2025-11-19,4,12263979.99
ALNA,2017-11-06,5,20524000.0
ALNC,2007-12-06,3,286557.07
ALNY,2012-02-23,6,1297482.0
ALNY,2015-01-28,3,1891023127.0
ALO,2008-03-04,3,386955.4
ALOY,2008-05-01,3,241820.95
ALPN,2019-01-22,5,7074991.109999999
ALPN,2021-09-21,4,47999972.0
ALQA,2015-05-28,3,3057347.0
ALRN,2017-07-05,6,18880605.0
ALRN,2020-06-17,3,4327075.200000001
ALRS,2019-09-18,10,900438.0
ALSC,2006-10-04,3,215141.44999999998
ALSC,2007-07-16,3,3626754.69
ALSC,2007-12-14,3,214351.80000000002
ALSC,2008-03-17,3,280981.25
ALSC,2008-08-20,3,373276.85
ALSN,2012-03-22,5,759000.0
ALSN,2014-10-23,3,33349250.0
ALTG,2020-02-27,3,4828410.05
ALTG,2022-02-16,3,3609566.3200000003
ALTG,2022-05-19,5,2911361.3800000004
ALTG,2023-08-16,3,386440.0
ALTH,2006-11-20,3,4163850.0
ALTH,2008-01-09,6,2592080.11
ALTH,2008-05-27,3,8460000.0
ALTI,2024-06-06,3,1510021.37
ALV,2008-08-04,3,248777.5
ALV,2010-02-17,3,215014.95999999996
ALVR,2020-08-05,3,217600.0
ALXN,2017-06-16,3,234683857.04
ALXO,2020-07-21,8,77178000.0
ALY,2008-02-13,3,1863607.3900000001
ALY,2009-03-11,6,1873220.0
AM,2014-11-12,6,3175000.0
AMAG,2009-03-16,3,5973906.3
AMAG,2009-11-12,3,20761555.05
AMAG,2012-03-05,3,6425255.83
AMAG,2019-05-29,3,260750.0
AMB,2008-10-31,3,428170.0
AMBC,2015-07-09,3,346106.0
AMBC,2016-04-07,3,1047538.8
AMBC,2019-05-14,3,328762.67
AMBC,2022-05-16,3,406244.16
AMBC,2024-08-08,6,1647412.73
AMBC,2025-05-15,3,856542.29
AMBI,2013-05-21,3,8947704.0
AMBK,2006-03-02,4,239569.56
AMCC,2012-05-07,4,243240.0
AMCP,2006-04-25,3,258300.0
AMCR,2020-03-18,3,1194595.0
AMCR,2025-02-20,3,2403800.0
AMCR,2025-11-12,3,1664196.78
AMD,2006-11-21,3,2429898.3
AMD,2008-11-12,3,504682.0
AMED,2006-02-28,6,560575.2
AMED,2010-08-25,4,343160.0
AMED,2012-05-24,5,225578.22
AMED,2020-03-18,3,635950.0
AMEH,2019-06-13,3,343749.95999999996
AMEH,2019-09-16,4,508380.0
AMEH,2019-12-16,3,6905026.68
AMEH,2020-08-31,3,274550.0
AMEX: RAE,2006-08-30,3,253701.3
AMEX: WOC,2009-02-19,3,311922.25000000006
AMEX:JAV,2006-11-27,3,370318.0
AMEX:JAV,2008-05-15,3,1149994.1600000001
AMFI,2007-05-23,3,330882.45
AMFI,2008-04-24,3,219460.0
AMG,2020-02-26,3,1476126.3599999999
AMG,2020-09-08,3,762290.0
AMH,2013-08-07,3,100032000.0
AMH,2016-11-17,3,16754128.66
AMH,2018-05-18,3,15418515.920000002
AMH,2018-11-08,3,40044758.0
AMH,2020-03-11,3,108403124.17
AMH,2022-05-17,3,27775722.21
AMH,2026-02-26,3,231416.0
AMID,2015-09-15,3,863088.72
AMID,2015-12-23,4,596139.88
AMIE,2006-06-16,3,1999606.9999999998
AMKR,2008-02-14,3,67488300.0
AMKR,2025-02-26,5,94999976.25
AMKR,2025-08-05,5,48243598.25
AMLX,2022-01-10,4,829958.0
AMLX,2024-09-16,3,427700.0
AMMA,2018-01-26,3,91834720000.0
AMN,2024-02-28,5,1602133.38
AMNB,2007-06-07,3,208359.0
AMNB,2012-01-19,6,245013.5
AMNB,2019-08-07,3,368910.0
AMP,2008-11-17,3,443830.0
AMP,2011-09-20,3,206529.2
AMPD,2014-06-06,3,97650000158700.0
AMPH,2014-08-27,6,258925.0
AMPS,2023-06-12,3,2048295.0
AMPY,2025-03-10,3,211100.0
AMPY,2025-06-20,3,1310125.92
AMRB,2008-08-04,4,206648.5
AMRB,2009-12-11,13,579375.0
AMRB,2018-11-13,4,265142.92000000004
AMRC,2012-06-04,4,287251.0
AMRC,2014-05-14,4,666010.0
AMRC,2015-05-13,3,513760.52999999997
AMRC,2015-08-17,3,378308.85
AMRC,2015-11-17,3,508978.64
AMRC,2025-03-06,4,1338783.84
AMRH,2017-11-21,4,1085912.02
AMRS,2012-05-22,4,1097197.04
AMRS,2012-12-27,3,15249995.04
AMRS,2015-07-31,3,158999995.35999998
AMRS,2018-09-07,3,393160.65
AMRX,2019-05-16,3,387300.0
AMRX,2019-08-19,3,6209126.74
AMRX,2020-03-10,4,2683773.2399999998
AMRX,2021-12-20,3,1461500.0
AMRZ,2025-08-12,6,53043672.08
AMRZ,2025-11-20,4,6308140.0
AMRZ,2026-03-10,3,3739088.5100000002
AMSC,2010-12-21,3,16773974.34
AMSC,2011-03-24,3,21043160.0
AMSC,2017-05-12,4,200000.0
AMSF,2007-08-10,4,490838.9
AMSF,2008-03-17,4,606211.3400000001
AMSF,2011-08-09,3,393745.55
AMSF,2017-06-01,3,311443.16000000003
AMST,2020-09-29,6,330000.0
AMST,2025-01-08,3,1259997.0
AMTB,2018-12-27,9,805480.0
AMTC,2012-11-28,3,426987.22
AMTD,2006-04-19,3,166458008.9
AMTY,2006-02-02,3,550044.0
AMTY,2007-04-19,6,256550.0
AMV,2008-03-31,3,667289.34
AMWD,2012-03-05,4,205162.91
AMWD,2022-03-03,3,748336.01
AMWD,2022-06-24,3,507029.0
AMWL,2022-04-22,4,813600.0
AN,2007-11-06,3,12056730.41
AN,2008-02-19,3,29530842.27
AN,2008-05-20,4,37880194.199999996
AN,2008-11-13,3,3179603.2500000005
AN,2009-12-01,3,17646914.0
AN,2010-11-02,3,1357420.0
AN,2012-05-10,3,1388971.38
AN,2016-02-08,3,40661416.370000005
ANAB,2017-01-31,4,18249990.0
ANAC,2010-12-01,4,20000000.0
ANAT,2010-08-23,3,283156.83999999997
ANAT,2011-08-15,3,234235.50999999998
ANAT,2020-09-08,3,266631.45
ANCB,2011-01-27,10,650000.0
ANCI,2014-05-07,3,1500000.0
ANCX,2006-02-28,6,276775.3815
ANCX,2006-06-01,8,227118.91
ANCX,2006-09-12,8,217633.1155
ANCX,2007-03-20,4,205276.4157
ANCX,2007-08-29,5,218625.075
ANCX,2009-02-27,3,588085.1412
ANCX,2009-06-05,3,911713.5584
ANCX,2009-09-29,3,649296.7526
ANCX,2010-06-02,8,305411.6968
ANCX,2014-05-05,4,477065.0
ANCX,2017-05-30,4,238082.1142
ANDE,2019-11-12,6,552968.72
ANDE,2020-05-14,3,318986.88
ANDG,2025-12-22,5,8100875.6
ANDS,2007-08-17,5,270348.35
ANF,2015-03-23,3,620400.0
ANF,2015-06-29,3,1451332.0
ANF,2020-03-13,3,376090.0
ANFC,2017-09-26,4,956744.69
ANGI,2012-05-21,5,10100987.0
ANGI,2015-02-18,4,221264.7
ANGI,2015-07-29,7,448037.15
ANGI,2018-03-19,3,63368278.10999999
ANGO,2017-07-25,3,475406.0
ANGO,2025-10-22,3,239532.4
ANIK,2022-03-15,3,354931.85
ANIP,2021-12-22,3,275045.83999999997
ANIP,2022-03-22,3,690400.0
ANIX,2019-04-26,3,290000.0
ANIX,2021-03-26,4,366228.0
ANIX,2021-07-16,3,244133.4
ANNX,2020-07-28,4,22134000.0
ANNX,2025-12-03,3,8812447.690000001
ANPI,2008-12-11,3,214308.21000000002
ANRO,2024-02-07,3,347008.0
ANSV,2007-12-18,3,23059332.049999997
ANTH,2010-09-24,3,775100.0
ANTX,2022-03-31,4,32299980.0
ANTX,2024-11-21,3,288050.0
ANV,2008-04-08,3,2808750.0
ANVS,2020-02-05,6,714228.28
ANVS,2021-10-13,3,638986.46
ANW,2018-01-26,3,486596.0
AOBC,2020-03-12,6,235128.88
AOD,2007-01-30,4,3090180.0
AOD,2013-02-05,4,818620.0
AOL,2010-05-10,3,11206686.0
AOL,2011-02-28,3,10287630.0
AOMR,2021-06-23,4,521405.6
AOMR,2022-05-24,3,1243372.69
AOUT,2020-09-23,4,418755.0
AOUT,2021-12-13,5,312943.76
AOUT,2022-09-16,3,290930.35
AP,2019-05-21,5,266325.31
AP,2025-11-26,3,388670.0
APA,2011-10-17,3,1196920.0
APA,2012-11-13,3,448311.0
APA,2013-03-27,3,916780.0
APA,2015-08-27,3,535490.0
APA,2017-08-17,3,273531.0
APA,2019-06-03,3,298500.0
APAB,2007-12-05,5,218441.7
APAB,2010-01-04,6,2771426.0
APAC,2008-05-19,3,208789.62
APAM,2013-03-12,3,729000.0
APC,2017-05-18,3,2136700.4
APCX,2026-05-27,3,1050809.6400000001
APD,2015-08-26,4,5915488.6174
APEI,2007-11-16,6,459000.0
APEI,2023-03-21,3,206152.5
APEI,2024-08-20,3,10768218.8
APEN,2017-07-26,7,22024981.0
APEN,2018-06-22,3,2424246.0
APFC,2006-02-21,4,242724.37000000002
APH,2011-08-30,3,5125003.0
API,2007-09-07,4,283330.5
APIO,2007-07-25,3,311367.15
APIO,2008-05-28,4,210000.0
APLD,2022-05-31,4,2625833.24
APLD,2022-08-31,3,243103.5
APLE,2015-08-14,7,2173463.55
APLE,2016-09-09,4,208063.19
APLE,2017-03-17,3,269934.56000000006
APLE,2017-08-14,3,775600.0
APLE,2018-03-05,3,544187.9000000001
APLE,2018-08-14,4,322952.68999999994
APLE,2018-11-15,3,203455.91999999998
APLE,2019-03-11,3,493640.00000000006
APLE,2020-03-12,3,298470.0
APLS,2017-11-14,3,24835202.0
APLT,2019-05-20,3,12500000.0
APN,2006-06-05,3,11641946.0
APN,2006-09-05,5,8276941.0
APNB,2006-05-08,3,299959.6
APNB,2006-10-24,3,909000.0
APNB,2007-05-10,3,1531128.88
APO,2011-04-06,4,20249953.0
APO,2014-11-21,3,256648.13999999998
APO,2015-05-28,3,275731.45999999996
APO,2017-04-12,3,62147564.0
APO,2017-08-04,4,26273969.109999996
APO,2018-05-14,3,2910184.0
APO,2018-11-19,3,53894483.64
APO,2021-05-26,3,530614.15
APP,2021-05-19,5,9000904.8975
APPF,2015-07-02,3,11672888.14
APPF,2016-01-14,4,4092700.52
APPH,2021-08-24,4,279455.8
APPN,2017-06-13,3,9496166.55
APPN,2017-12-04,3,13017071.01
APPN,2018-03-29,3,12846409.73
APPN,2018-10-23,3,19290295.569999997
APPN,2022-03-09,3,13947386.52
APPN,2022-06-23,3,17496255.18
APPN,2023-01-24,3,31765677.059999995
APPN,2024-07-23,3,54370322.42999999
APPS,2015-09-30,4,350000.1
APPS,2016-12-09,3,340829.67
APPS,2020-02-21,3,303650.0
APPS,2021-08-19,3,327060.0
APPS,2023-09-18,3,450056.0
APPS,2024-11-21,3,294550.0
APRE,2019-10-07,10,18388500.0
APRN,2020-09-24,3,783110.0
APT,2006-01-06,6,282500.0
APT,2007-03-16,5,430500.0
APT,2007-09-04,3,393508.0
APT,2008-09-17,5,468150.0
APTO,2021-12-17,3,402464.13
APTS,2011-04-05,4,485000.0
APTS,2015-09-11,4,202361.2
APTS,2020-03-11,3,726650.0
APTX,2018-06-26,16,29889600.0
APTX,2020-01-14,5,4115001.0
APTX,2021-12-08,3,708700.0
APU,2012-03-29,3,211417.6
APU,2013-08-30,3,337584.84
APU,2014-02-14,3,732546.0
APU,2015-12-23,3,477100.0
APUS,2025-05-15,3,2107074.2
APVS,2010-11-01,4,1018956.5
AQB,2020-08-13,6,20153000.0
AQMS,2018-06-18,7,220076.5
AQMS,2022-12-28,4,307007.5
AQMS,2024-05-16,8,219375.0
AQQ,2006-03-29,3,220741.0
AQQ,2008-01-10,3,1561279.77
AQQ,2008-04-10,3,1323170.25
AQQ,2008-09-19,3,920271.0
AQQ,2009-01-05,3,4858302.24
AQR,2007-02-20,5,13668365.040000001
AQST,2018-11-28,5,205611.0
AQUA,2018-12-03,3,665839.27
AQWT.PK,2007-03-01,3,255999.74999999997
AQXP,2016-01-20,3,5128066.0
AR,2019-05-23,3,455090.0
ARBX,2011-01-03,3,870752.9999999999
ARC,2006-05-18,6,11812501.0
ARC,2007-01-25,9,1019456.0
ARC,2013-03-11,3,206813.0
ARCC,2008-03-07,3,511164.12
ARCC,2008-11-21,3,367698.6
ARCC,2011-08-09,4,2507226.0
ARCC,2014-05-14,3,914774.0000000001
ARCC,2014-08-21,5,316503.88
ARCC,2014-11-21,5,1072682.25
ARCC,2015-08-10,5,718758.0
ARCC,2016-02-29,3,712007.48
ARCC,2018-03-16,3,440608.0
ARCC,2018-09-13,3,281378.8
ARCC,2019-05-17,3,273534.05
ARCC,2019-08-15,3,247288.5
ARCC,2020-09-15,3,347022.0
ARCC,2022-06-16,3,6429660.0
ARCC,2026-02-09,3,654847.94
ARCH,2019-08-02,3,352964.0
ARCP,2011-09-08,3,46574991.0
ARCP,2011-12-12,3,268552.5
ARCP,2013-03-04,4,1381276.0
ARCP,2013-08-09,5,2746000.0
ARCP,2013-11-18,4,958337.1299999999
ARCP,2014-03-28,6,1702780.0
ARCPP,2014-01-09,6,854666.1
ARCT,2012-04-18,3,233000.0
ARCT,2019-08-30,3,264771.82
ARCW,2013-12-02,3,281745.98
ARCW,2014-03-17,3,298365.51
ARDC,2012-11-29,4,3350000.0
ARDC,2013-09-26,3,447688.19999999995
ARDC,2014-04-17,3,273212.5
ARDC,2018-12-28,3,296440.0
ARDX,2015-06-09,10,310499993.70000005
ARDX,2016-01-14,15,145100000.0
ARDX,2016-07-20,15,206666704.26
AREC,2022-01-07,3,311142.86
AREN,2022-03-03,3,18573525.55
AREN,2023-03-31,4,4288319.5600000005
ARES,2015-11-20,3,2605087.0500000003
AREX,2008-09-11,4,488147.63000000006
AREX,2017-05-17,3,1493000.0
AREX,2017-12-28,3,5745361.79
ARGS,2014-02-12,5,11425616.0
ARGS,2015-09-04,5,229967.0
ARHS,2021-12-15,3,1057250.0
ARHS,2022-05-18,3,593600.0
ARI,2015-03-13,3,2214771.36
ARIA,2014-09-11,3,5141908.0
ARII,2006-01-25,3,101568998.58
ARII,2007-11-14,3,331710.0
ARII,2011-08-30,3,1235105.77
ARIS,2013-06-28,4,238397.0
ARIS,2015-12-21,4,203318.55
ARIS,2021-10-28,4,1319487.0
ARJ,2009-05-13,3,729588.12
ARKR,2006-09-12,3,711500.0
ARKR,2014-06-27,3,942160.0
ARLO,2018-08-10,4,619750.0
ARLO,2022-11-15,3,274548.0
ARLZ,2016-05-16,3,520010.0
ARLZ,2017-03-17,6,1439672.5
ARMF,2013-11-04,3,2515000.0
ARMF,2014-04-17,3,557760.0
ARMK,2015-02-25,3,220354554.8
ARMK,2020-03-12,3,1633418.0
ARNA,2008-06-10,4,247840.0
ARNA,2009-05-14,6,327886.0
ARNC,2017-08-15,3,640330.0
ARNC,2018-05-15,3,14401500.0
ARNC,2020-05-22,4,991951.2
ARNC,2021-03-01,4,447871.0
ARNI,2016-01-14,5,2447852.0500000003
ARO,2014-09-03,3,330698.02
ARO,2015-06-09,3,566343.0
AROC,2020-02-25,3,208930.0
AROW,2023-10-30,4,445202.45
ARP,2014-05-19,3,5275243.75
ARPO,2018-07-02,3,12986750.7
ARQ,2025-05-27,4,464629.75
ARQ,2025-11-13,3,345838.52
ARQ,2026-03-24,4,505365.0
ARQL,2008-01-11,3,529575.4299999999
ARQL,2008-11-13,3,4999371.04
ARQL,2018-05-22,4,218316.54
ARQT,2020-02-06,5,41002181.0
ARR,2010-06-17,6,5636250.0
ARR,2012-11-15,5,242250.0
ARR,2016-05-04,3,531800.0
ARR,2016-12-28,3,681280.0
ARR,2017-10-30,4,317015.0
ARR,2018-03-09,3,283740.0
ARR,2019-05-09,3,286700.0
ARR,2020-03-13,3,307860.0
ARRS,2008-02-21,5,214320.0
ARRS,2016-02-24,3,539920.0
ARRS,2018-02-21,3,204360.0
ARRS,2018-08-08,3,302206.2
ARRY,2008-03-12,3,233430.0
ARRY,2020-10-19,8,11605132.0
ARRY,2022-08-29,3,259390.0
ARSD,2009-01-23,3,316603.82
ARTE,2007-11-29,5,230511.75000000003
ARTV,2024-07-22,3,54999960.0
ARTV,2026-06-11,3,99150132.92999998
ARVN,2018-10-03,9,43545600.0
ARWA,2015-05-12,5,214200.0
ARX,2010-11-23,4,290250.0
ARX,2025-11-20,4,1681392.8
ARXS,2026-04-20,7,5643792.0
ARYX,2007-11-13,3,9000000.0
ARYX,2008-11-17,3,11798886.000000004
ASA,2020-01-17,3,254346.0
ASA,2023-12-05,3,11603734.610000001
ASA,2025-01-10,3,3097930.42
ASB,2015-06-02,6,1340000.0
ASB,2016-09-08,4,2650000.0
ASB,2018-09-21,8,6050000.0
ASB,2020-06-11,6,775000.0
ASBB,2011-10-12,11,1590610.0
ASBC,2008-07-21,3,306140.0
ASBC,2010-01-13,8,909840.0
ASBC,2011-03-01,3,371214.8464
ASBC,2011-09-09,13,3780075.0375
ASBC,2013-02-07,3,360756.5
ASEI,2014-11-17,4,206472.95
ASFI,2015-12-28,3,416985.12
ASFN,2006-05-30,6,996510.0
ASFN,2007-08-27,3,226140.16
ASFN,2008-06-13,4,287555.0
ASGI,2024-04-19,3,3272032.43
ASGN,2007-12-07,3,319957.08
ASGN,2008-03-07,4,255393.51
ASGN,2009-02-27,6,220158.76
ASGN,2018-10-31,3,1389162.5
ASH,2008-06-02,3,60462457.26
ASH,2008-11-26,4,933551.5
ASHW,2006-10-16,4,1020808.0000000001
ASHW,2007-04-11,3,1494737.4
ASHW,2007-07-11,4,901542.63
ASHW,2007-10-09,7,1466666.6700000002
ASI,2006-06-21,3,233140.0
ASI,2008-03-19,3,266000.0
ASIC,2025-06-16,4,1466386.0
ASIC,2025-10-28,3,509906.69
ASIX,2019-12-12,3,299869.63999999996
ASIX,2020-03-11,4,816555.0
ASLE,2023-08-17,4,1544301.4500000002
ASLE,2024-03-14,3,308400.0
ASNA,2016-01-14,3,1227716.08
ASNS,2017-11-20,9,33200000.0
ASPI,2023-10-30,3,291050.88
ASPM,2008-06-18,4,2284170.22
ASPM,2009-01-12,3,321252.07999999996
ASPN,2014-06-20,3,48824330.120000005
ASPN,2016-08-25,4,223108.48
ASPN,2023-09-06,3,501850.0
ASPS,2014-08-13,3,318070.48
ASPS,2015-05-13,3,1467003.85
ASPS,2017-03-27,3,1869566.2000000002
ASPS,2017-11-13,4,2117473.81
ASPS,2018-04-30,3,6052944.5
ASPS,2019-11-04,4,511325.9
ASPS,2020-03-24,3,2643622.96
ASPS,2023-02-14,5,2574340.0
ASPS,2023-09-08,3,300002.4
ASPS,2025-04-09,3,211678.08
ASPU,2021-07-16,4,379520.0
ASPX,2014-02-12,9,20600016.0
ASRT,2019-08-20,3,205576.0
ASRV,2012-09-24,3,5000850.0094
AST,2016-05-17,3,399819.99
ASTC,2022-12-13,3,249784.14
ASTI,2007-10-17,3,9349055.11
ASTI,2023-10-02,5,384995.52
ASUR,2013-06-03,3,739985.6699999999
ASUR,2016-09-30,3,290712.5
ASVI,2006-06-16,3,290573.0
ASX:CRN,2020-03-11,3,1130660.0
ASX:CRN,2021-06-02,4,25016882.610999998
ASX:HTW,2007-07-27,3,585251.0
ASYS,2015-02-25,3,734666.05
AT,2015-06-10,3,577017.53
AT,2016-01-04,4,964789.0299999999
AT,2017-06-01,5,293626.8
AT,2018-06-19,3,363112.0
AT,2019-06-06,3,441903.03
ATAI,2021-06-24,9,21437445.0
ATAX,2011-03-04,3,335250.0
ATAX,2013-12-12,3,267233.5
ATAX,2014-12-15,5,291755.8
ATAX,2020-08-24,4,358816.84
ATAXZ,2007-09-18,3,11698404865.0
ATAXZ,2008-01-18,3,292185.0
ATAXZ,2008-04-18,3,469803.0
ATAXZ,2008-07-17,3,484119.0
ATAXZ,2008-10-16,3,818151.0
ATAXZ,2009-01-21,3,319839.45
ATAXZ,2009-05-29,3,211350.0
ATAXZ,2011-01-14,3,319650.0
ATB,2007-12-13,3,14851245.23
ATCT,2007-05-31,3,2622188.0
ATCT,2008-01-08,3,437249.66000000003
ATCT,2008-10-03,3,3472502.88
ATCT.OB,2007-06-29,3,867715.9800000001
ATCX,2020-12-03,3,781400.0
ATCX,2021-09-16,4,264954.36
ATCX,2021-12-15,7,662711.5399999999
ATCX,2022-05-23,5,260025.55
ATEC,2006-06-09,11,209439.0
ATEC,2007-10-15,4,19031495.0
ATEC,2010-09-21,4,306920.0
ATEC,2011-09-12,3,314619.04000000004
ATEC,2019-03-13,3,322145.94
ATEC,2020-03-19,3,483601.0
ATEC,2021-11-15,3,880741.06
ATEC,2022-06-13,3,675806.22
ATEC,2024-08-26,4,1152948.48
ATEX,2019-07-24,3,41000592.620000005
ATEX,2019-10-24,4,9849146.17
ATEX,2021-02-24,3,6625476.09
ATGE,2021-02-10,3,300574.34
ATGE,2021-11-12,3,743774.5
ATGE,2022-02-10,3,492439.6808
ATGN,2008-11-20,3,281852.94
ATH,2019-06-10,3,3250000.0
ATHA,2020-09-22,3,48750016.0
ATHL,2013-08-14,4,2902600.0
ATHX,2008-05-23,3,2150400.0
ATHX,2009-03-18,3,259360.0
ATHX,2017-02-01,3,300475.0
ATI,2015-07-23,3,508237.5
ATI,2015-10-29,4,408380.98000000004
ATI,2019-08-15,6,295380.0
ATLN,2024-06-21,4,17628997.04
ATLO,2020-03-13,9,219888.22
ATMI,2008-11-03,3,617940.0
ATNF,2021-12-13,8,467631.0
ATNI,2009-03-12,3,359759.0
ATNI,2023-11-22,3,707099.0
ATNX,2017-06-21,3,7192207.0
ATNX,2018-02-09,3,1142500.0
ATNX,2018-11-14,6,934326.08
ATNX,2019-06-18,3,7065070.600000001
ATNX,2019-09-18,3,1546061.52
ATNX,2019-12-27,3,9577550.700000001
ATNX,2020-03-26,5,1218020.0
ATNX,2020-09-11,4,373750.5
ATNY,2011-10-31,3,201020.0
ATNY,2014-05-22,3,4385166.49
ATO,2007-12-04,3,239026.05839999998
ATPG,2011-08-23,3,1551150.0
ATRA,2014-10-23,4,4599991.0
ATRC,2008-06-18,4,214477.16
ATRM,2012-08-22,4,664343.8999999999
ATRS,2016-03-21,7,342000.0
ATSC,2010-10-25,3,1116577.17
ATSG,2008-12-19,9,468169.30000000005
ATSG,2009-05-22,3,678606.5800000001
ATSG,2009-09-02,3,1485752.0
ATSG,2011-08-29,6,5579822.0
ATSG,2012-08-10,4,3443506.9
ATSG,2019-03-22,3,668630.0
ATSG,2019-08-15,3,269516.0
ATSG,2023-03-13,6,285639.35
ATU,2006-07-06,4,564785.0
ATU,2009-03-31,3,471740.0
ATU,2015-10-28,4,1549384.0
ATU,2016-04-06,3,503872.43
ATUS,2017-06-29,5,3120000.0
ATUS,2021-12-14,3,1507455.0
ATVI,2008-09-04,3,21885122.0
ATWO,2006-01-05,4,4320000.0
AUB,2022-11-09,3,459705.27999999997
AUBN,2017-09-06,3,627415.25
AUGG,2021-03-08,11,6075264.08
AUGX,2021-11-01,8,11036000.0
AUID,2021-08-27,3,563969.0
AUID,2023-05-31,5,2137674.56
AUID,2023-11-22,4,1200000.0
AUMN,2010-03-31,10,327250.0
AUMN,2010-10-22,9,416250.0
AUPH,2021-05-13,5,242261.07
AUPH,2022-11-23,3,226500.0
AURX,2017-08-14,3,1809550.0
AUSA,2007-12-04,3,688908867.0
AUSA,2008-05-14,3,2344002380.0
AUTH,2007-07-05,6,220990.0
AUXL,2011-03-31,3,30161609.19
AVA,2006-12-08,8,400859.17999999993
AVA,2007-05-03,6,277012.45
AVAH,2021-12-17,3,254408.1
AVAH,2022-05-20,5,371172.95999999996
AVBC,2025-08-07,6,876293.36
AVBC,2025-11-07,3,376096.24
AVBC,2026-03-11,5,225254.99
AVBH,2025-08-11,16,3488755.0
AVBP,2024-01-31,3,23999976.0
AVCA,2008-08-14,5,203197.0
AVCA,2008-11-28,6,202751.68
AVCA,2009-03-31,3,658588.0
AVCA,2009-09-02,3,903337.505
AVCA,2011-08-16,3,640610.98
AVCT,2006-06-08,3,348000.0
AVD,2024-05-17,3,591143.0
AVDL,2017-09-14,4,375192.0
AVDL,2019-11-19,3,247070.0
AVDL,2020-08-14,3,318030.0
AVDL,2022-05-31,5,346750.0
AVDL,2023-08-14,3,348500.0
AVDL,2024-12-10,3,329946.63
AVDR,2019-02-19,5,2440998.0
AVEO,2012-12-14,3,816795.47
AVEO,2017-03-29,10,30000000.0
AVEO,2018-04-10,10,21137892.400000006
AVEO,2018-07-20,13,9764287.0
AVEO,2018-11-19,9,20179800.0
AVEO,2019-04-08,9,44608705.019999996
AVEO,2020-06-22,7,52499984.25
AVEX,2026-04-20,4,1223000.0
AVG,2013-04-17,3,734270.0
AVGN,2008-11-13,3,576951.0
AVGN,2009-10-14,3,2580801.2199999997
AVID,2006-06-29,3,23738778.85
AVID,2007-03-19,3,32226054.439999998
AVID,2008-05-15,3,24877786.01
AVID,2008-11-12,3,7141727.600000001
AVID,2009-02-25,3,7485088.9799999995
AVID,2015-08-27,3,1084400.0
AVID,2016-05-11,3,972294.91
AVID,2020-06-02,3,14244553.5
AVII,2011-04-06,3,375000.0
AVIR,2020-11-04,3,12999984.0
AVK,2007-08-15,3,238404.0
AVK,2007-12-28,3,305730.0
AVK,2011-04-04,3,314620.02
AVK,2018-09-06,3,1600593.56
AVK,2019-01-11,3,457373.43
AVK,2024-10-21,7,301604.64
AVLN,2026-05-05,3,24999984.0
AVLR,2018-06-19,3,829500.0
AVNC,2007-04-13,3,5859651.08
AVNR,2006-05-26,6,233977.61
AVNS,2018-11-29,3,286685.0
AVNU,2015-02-11,19,5048318.0
AVNW,2014-10-28,3,2032881.99
AVO,2020-10-07,5,672911.0
AVP,2014-05-08,6,770225.54
AVP,2018-05-22,3,1545021.2100000002
AVT,2008-12-05,3,1085428.17
AVTE,2021-07-06,5,63999964.0
AVTR,2021-05-07,3,15721197.150000002
AVTR,2025-04-29,4,578625.71
AVTR,2026-03-11,3,2399250.0
AVTX,2022-01-11,6,668384.6000000001
AVTX,2023-06-13,3,209012.02000000002
AVY,2007-11-20,3,497786.5
AVY,2009-02-27,3,331100.0
AVYA,2020-03-12,3,470464.0
AWBC,2008-03-17,5,208870.32
AWH,2006-07-13,8,1043800.0
AWH,2016-02-09,4,592170.0
AWH,2023-07-25,9,658449.52
AWHL,2025-09-19,3,532375.2
AWI,2011-08-08,3,457110.0
AWK,2008-04-29,13,1502885.0
AWK,2009-06-15,3,404271.0
AWP,2007-05-02,6,4184877.8879999993
AWP,2007-11-14,3,223388.0
AWR,2006-02-08,12,309734.8076
AWRE,2022-11-10,3,539593.11
AWRE,2026-06-03,3,225565.62
AWSR.0B,2011-07-18,3,894234.0
AWWC,2006-01-27,8,1000000.0
AX,2020-03-13,3,397049.0
AXAS,2008-10-08,5,259934.5
AXDX,2014-08-06,3,1496600.0
AXDX,2015-03-23,3,442313.12
AXDX,2015-10-01,3,774798.0
AXDX,2016-02-10,3,9620223.899999999
AXDX,2017-01-10,3,7601292.0
AXDX,2017-11-08,3,17286814.28
AXDX,2018-11-30,3,308254.28
AXDX,2020-03-25,3,1096401.0
AXE,2007-02-14,4,694642.0
AXE,2008-11-21,3,306400.0
AXE,2018-05-01,4,522303.76
AXGN,2013-08-15,3,250002.0
AXGN,2016-10-14,5,244995.0
AXGN,2019-08-14,4,1345572.2
AXK,2012-07-09,4,57680000.0
AXL,2008-11-19,3,762823.5
AXL,2018-11-06,3,1076717.0
AXL,2020-03-12,3,257403.18
AXLA,2020-05-21,3,27487499.5
AXLA,2022-03-18,6,18239997.67
AXLL,2013-05-28,3,326010.0
AXNX,2018-11-02,7,69999945.0
AXO,2007-09-12,5,1241735.0
AXON,2017-04-19,3,11999996.46
AXON,2018-06-07,8,199999996.0
AXON,2018-12-20,8,80000000.0
AXON,2021-12-17,3,10362299.94
AXP,2006-02-17,3,853125.0
AXP,2007-02-21,3,1181458.0
AXP,2007-08-09,3,3923891.0
AXP,2007-11-13,4,1766131.5899999999
AXP,2008-02-26,3,748455.0
AXP,2009-02-19,3,1240160.0
AXR,2026-04-22,3,363707.0
AXS,2020-03-16,3,435902.4
AXS,2024-05-30,3,444350.5
AXSM,2019-06-12,3,217787.0
AXSM,2021-11-23,4,345106.76
AXTA,2023-09-14,3,1052955.0
AYLA,2020-05-14,3,23625000.0
AYN,2015-03-03,4,7792362.68
AYN,2015-07-29,3,3508905.9699999997
AYR,2006-08-11,4,18468405.0
AYR,2007-02-15,5,34059262.078
AYR,2007-08-24,3,2323906.0
AYR,2013-08-22,3,8979600.0
AYR,2013-11-20,3,9817702.25
AYR,2014-02-18,3,8766595.0
AYR,2015-08-25,3,3800505.1799999997
AYR,2015-11-24,3,18833152.05
AYTU,2016-05-16,3,2200000.0
AYTU,2016-11-04,4,649996.5
AYTU,2018-03-07,3,233464.5
AYX,2017-07-07,3,5724224.609999999
AYX,2018-06-08,3,29272410.290000003
AZEK,2022-02-08,3,821173.0
AZL,2007-01-04,3,1536894.46
AZO,2008-04-10,3,34075517.0
AZO,2025-12-22,3,1179255.58
AZRX,2019-01-07,4,277520.12
AZTA,2024-11-19,4,1288807.6704
AZTA,2025-11-25,3,535673.72
AZYO,2022-12-12,3,3624950.0
AZZ,2015-10-05,7,352265.77
AZZ,2016-10-18,3,738390.0
AZZ,2022-10-17,3,279000.0
B,2022-11-08,4,2804125.04
B,2023-11-03,3,2701862.6199999996
BAAP FB,2012-07-26,3,310999.9425
BABY,2006-08-30,3,4149700.0
BABY,2007-08-23,3,1028538.0
BAC,2008-08-19,3,210357.59
BAC,2009-01-21,6,5167290.0
BAC,2010-08-23,3,603400.0
BAC,2010-12-01,3,926425.0
BAGL,2007-06-11,5,634500.0
BAH,2017-08-14,3,854625.0
BALY,2021-11-09,5,910675.0
BALY,2023-11-07,7,692057.0
BAMM,2007-06-08,6,552786.47
BAMM,2008-12-15,12,244741.56
BAMM,2014-10-15,4,3090478.5600000005
BANC,2013-03-06,3,244573.7
BANC,2013-06-26,4,235513.0
BANC,2021-05-04,3,654694.0
BAND,2022-03-10,3,666597.3
BANF,2011-08-26,5,398404.97
BANF,2020-03-02,3,341630.0
BANF,2023-04-26,3,441755.02
BANR,2009-03-06,4,306042.0
BANR,2010-06-28,19,1472500.0
BANX,2015-05-26,3,213401.0
BANX,2020-03-17,5,204016.0
BANX,2021-04-05,3,220311.0
BARE,2006-10-06,5,2263870.0
BARI,2008-05-29,3,605139.9600000001
BARK,2022-06-14,4,277890.93
BARK,2023-02-22,3,267021.0
BAS,2008-11-24,3,212500.0
BAS,2009-03-17,3,348925.0
BAS,2009-11-24,3,467868.45999999996
BAS,2012-05-17,3,3009975.0
BAS,2012-11-20,4,412050.0
BAS,2015-08-19,5,964450.0
BAS,2018-08-06,4,2281997.0
BAS,2018-11-19,3,1228557.54
BAS,2019-06-06,5,968206.98
BASI,2019-09-16,4,318942.5
BASI,2020-03-17,3,214765.3
BASI,2021-03-05,3,308475.2
BATRA,2022-04-07,3,278410.0
BATS,2016-04-20,5,1132400.0
BAXS,2013-06-04,3,9249230.399999999
BAYK,2013-01-02,7,1466964.0
BAYK,2017-09-05,14,803037.1
BAYK,2018-05-23,4,220681.82
BBBY,2021-04-21,3,596835.0
BBBY,2021-11-08,3,697100.0
BBBY,2022-07-06,3,328900.0
BBCP,2019-05-16,7,13093029.44
BBDC,2018-09-28,3,3413465.08
BBDC,2018-12-27,4,13937766.600000001
BBDC,2020-03-17,4,305120.1
BBDC,2023-05-10,4,303465.0
BBDC,2024-12-13,3,284745.0623
BBDC,2025-06-06,3,454773.69000000006
BBEP,2008-03-26,6,573502.3200000001
BBEP,2008-08-27,3,1050192.5699999998
BBEP,2013-07-08,3,841220.0
BBG,2008-12-05,9,8258374.529999999
BBG,2014-12-04,3,236000.0
BBIO,2019-07-03,6,206301800.0
BBIO,2022-01-03,6,2110959.25
BBND,2010-05-26,3,3281971.5900000003
BBNK,2011-02-22,3,9454092.25
BBOX,2011-08-29,4,254440.0
BBOX,2016-02-16,4,207600.0
BBRG,2016-09-09,4,2164471.21
BBSI,2014-11-06,5,568308.83
BBSI,2015-05-15,3,405219.33999999997
BBT,2011-08-30,3,205250.0
BBT,2025-11-06,4,267037.1
BBW,2017-05-19,3,986658.8
BBW,2017-11-30,3,320399.0
BBWI,2025-11-24,4,500468.52
BBY,2008-10-15,3,235187.5
BCAR,2007-11-16,3,263011.26
BCAR,2014-07-17,11,540000.0
BCAT,2020-09-29,3,2730060.0
BCBP,2012-11-27,8,235741.34
BCBP,2015-11-06,10,2930000.0
BCBP,2016-03-21,6,299570.72
BCBP,2017-09-14,9,1825250.0
BCBP,2019-02-26,9,3618124.16
BCBP,2020-03-20,9,228087.87000000002
BCBP,2023-03-20,9,263896.5
BCBP,2025-06-16,3,200276.0
BCDA,2025-04-25,5,560593.01
BCDA,2025-09-23,3,919281.0
BCDA;BCDAW,2020-06-23,3,899955.0
BCIC,2025-12-16,5,1334963.0899999999
BCO,2010-09-16,3,583700.0
BCO,2018-02-13,3,1133470.0
BCO,2020-03-12,3,1538645.0
BCOR,2015-11-12,7,2773273.5599999996
BCOR,2020-08-14,3,283108.75
BCOR,2021-12-17,4,1207221.83
BCOV,2022-02-28,4,298864.54000000004
BCOV,2024-03-22,3,247204.54
BCPC,2008-12-11,3,237943.0
BCPL,2019-10-18,7,8575000.0
BCRH,2014-03-31,3,376729.1
BCRX,2007-08-08,4,6522157.72
BCRX,2008-11-24,4,502027.00000000006
BCRX,2016-02-09,3,5522766.29
BCRX,2019-11-18,9,282750.0
BCRX,2024-05-15,6,856691.6
BCSB,2008-04-14,11,714000.0
BCSF,2019-02-12,3,232308.68000000002
BCSF,2019-08-29,3,676658.45
BCSF,2020-03-10,4,823529.0348
BCTF,2016-10-14,3,312305.0
BCYC,2019-05-30,7,36360842.0
BCYP,2021-01-14,3,12516000.0
BDBD,2013-03-07,8,292942.4
BDBD,2014-05-20,3,1056576.0
BDBD,2014-11-14,6,231455.0
BDC,2008-11-13,4,540500.26
BDC,2009-03-25,3,225682.76
BDC,2011-08-16,3,452132.32
BDC,2015-08-03,3,726839.7000000001
BDC,2018-11-16,3,596098.3300000001
BDCV,2015-05-14,3,316546.0
BDE,2012-02-24,5,9636000.0
BDGE,2007-12-10,3,255368.5
BDGE,2008-04-25,5,217030.8
BDGE,2008-12-08,5,217334.5
BDGE,2009-03-16,5,212320.35
BDGE,2013-10-04,10,1312437.5
BDGE,2015-12-10,3,654320.9
BDGE,2016-11-23,3,43085865.0
BDGE,2017-06-05,3,3827205.93
BDGE,2018-02-20,3,1284445.2
BDGE,2018-08-16,3,835932.7399999999
BDGE,2020-12-18,3,520066.05999999994
BDL,2007-01-24,3,394023.05
BDN,2008-12-01,4,325225.63
BDSI,2021-11-15,3,1265766.0
BDSX,2020-11-03,8,7339770.0
BDSX,2021-11-22,4,395826.11
BDSX,2022-04-11,3,7499997.97
BDSX,2022-11-21,6,15469994.350000001
BDSX,2024-11-06,5,424013.08
BDTX,2020-02-05,6,75856968.0
BDTX,2023-07-06,3,19552600.0
BE,2018-07-31,8,65209980.0
BEAT,2009-05-18,5,280687.30000000005
BEAT,2026-04-16,8,905000.0
BEAV,2008-07-07,3,331017.0
BEAV,2008-10-16,4,257155.0
BEAV,2015-08-03,3,294590.3
BECN,2006-09-05,3,527150.0
BECN,2007-11-30,3,521703.0
BECN,2018-11-26,5,1315129.75
BECN,2021-08-24,3,6344643.68
BEE,2006-05-24,3,1492473.1
BEE,2006-09-01,3,222120.0
BEE,2007-08-16,3,206253.0
BEE,2007-12-07,3,238721.6
BEE,2009-04-02,4,200492.0
BEE,2011-08-11,3,664250.0
BEEP,2024-05-29,3,234374.18
BERY,2024-02-09,3,284710.0
BETA,2025-11-07,7,98997687.46
BETR,2016-03-15,3,305280.0
BETR,2026-03-19,3,4467213.82
BEXP,2007-08-14,4,290267.5
BEXP,2009-05-28,3,467500.0
BFAM,2013-02-01,4,385000.0
BFED,2007-10-03,10,2752000.0
BFFI,2006-10-19,8,639010.0
BFFI,2015-01-26,7,211500.0
BFFI,2018-02-05,5,293400.0
BFH,2022-08-09,5,674988.6
BFI,2020-12-23,3,20048929.6
BFNB,2007-07-25,4,563448.25
BFNB,2007-12-17,3,200230.5
BFS,2010-12-23,3,6391837.49
BFS,2023-05-11,3,452646.0
BFS,2025-05-28,3,386677.75
BFS,2025-11-18,3,221677.78
BFST,2018-06-14,3,374352.56
BFST,2020-03-16,5,440675.98
BFST,2023-05-05,5,324524.0
BFT,2006-07-27,3,3135834.8200000003
BG,2018-11-07,4,41996239.43
BG,2019-05-23,3,2722274.84
BG,2020-02-24,4,3538633.86
BGB,2012-12-31,4,214055.7
BGC,2025-10-06,3,247943911.23000002
BGCP,2008-09-15,3,1181611.42
BGDE,2026-06-15,5,563275.24
BGES,2008-08-12,3,2547241.48
BGFLX,2018-01-19,6,677000.0
BGFV,2015-08-03,3,2706160.0
BGFV,2015-11-02,4,558044.96
BGG,2019-09-03,3,222600.0
BGH,2013-05-29,3,301090.0
BGH,2013-09-04,3,418500.0
BGH,2014-08-26,4,201479.0
BGH,2014-12-19,6,205891.0
BGH,2015-06-30,3,206705.0
BGMD,2011-02-11,4,11524996.0
BGNE,2016-02-09,3,46265070.0
BGS,2024-05-14,3,1218453.05
BGS,2024-11-13,3,561804.27
BGSF,2021-11-24,3,702370.384
BH,2010-06-09,3,24642791.01
BH,2010-09-16,3,1531384.2
BH,2011-03-30,3,443972.94
BH,2013-09-05,3,3110497.6
BH,2014-09-22,3,986500.0
BH,2014-12-29,3,4788297.89
BH,2015-04-14,3,2899949.58
BH,2016-01-14,3,2996340.68
BH,2016-06-15,3,4016476.52
BH,2017-11-28,3,2322809.17
BH,2018-03-01,3,9513511.229999999
BH,2019-06-10,3,4510796.16
BH,2019-11-20,3,3512410.88
BH,2020-11-24,3,6420963.52
BH,2021-03-15,3,774603.0900000001
BH,2021-06-14,3,2983009.11
BH,2024-11-22,3,10410296.350000001
BH,2026-03-13,3,2978074.3
BHB,2011-08-08,3,259025.78
BHB,2018-11-21,13,356036.62
BHB,2020-03-06,10,201881.06680000003
BHB,2021-02-12,11,8365967.562000001
BHBK,2014-07-22,15,4007890.0
BHC,2018-09-17,3,3890700.0
BHC,2020-03-11,3,284903.5
BHE,2021-08-23,3,200385.16
BHF,2019-08-23,3,635080.0
BHF,2020-03-10,3,666160.0
BHG,2021-06-30,9,314999928.0
BHGE,2017-08-18,3,575503.48
BHGE,2019-08-16,3,620900.0
BHLB,2008-11-03,6,234117.27000000002
BHLB,2010-02-09,7,317786.48
BHLB,2014-07-28,6,205164.18
BHLB,2018-12-18,5,211882.9
BHLB,2021-05-06,4,522897.45999999996
BHLB,2021-09-21,3,246828.0
BHR,2019-08-14,3,230488.0
BHR,2021-07-13,3,403740.0
BHRB,2023-08-31,3,219890.0
BHRB,2024-02-01,3,536494.25
BHRB,2024-05-14,3,313386.25
BHRB,2024-12-13,3,971129.99
BHRB,2025-03-13,3,1628223.2
BHRB,2026-05-12,3,839450.0
BHS,2006-06-02,3,4545219.0
BHS,2007-08-14,3,5146520.9
BHVN,2017-05-09,3,18020000.0
BHVN,2019-06-28,4,818175.0
BHVN,2022-10-26,5,61081236.199999996
BHVN,2023-10-10,4,20902103.689999998
BHVN,2024-04-23,3,14999932.0
BHVN,2024-10-03,3,2220890.0
BHVN,2025-11-17,3,32999992.5
BI,2006-06-19,3,232499.0
BID,2008-12-09,3,334690.0
BID,2015-08-13,3,2747618.46
BID,2016-01-28,3,387360.0
BID,2016-05-16,3,1884160.0
BIF,2008-11-21,3,712443.45
BIF,2009-02-25,3,460106.95
BIF,2009-05-26,3,2818597.54
BIF,2009-11-10,3,255592.0
BIF,2010-02-09,3,4352832.43
BIF,2010-06-02,3,365348.79
BIF,2020-02-25,3,24556904.459999997
BIF,2020-06-16,7,8679970.860000001
BIG,2023-06-02,4,361160.0
BIGZ,2021-03-29,4,809820.05
BIGZ,2022-02-09,3,483922.0
BILL,2024-08-28,3,4477315.35
BIND,2013-09-27,4,2790000.0
BIOA,2015-05-08,7,308700.0
BIOA,2015-08-12,3,274385.0
BIOA,2024-09-27,3,35399970.0
BIOC,2016-05-05,4,789273.0
BIOC,2016-10-21,11,837496.0
BIOF,2007-06-21,3,44625000.0
BIOL,2014-07-23,5,5500001.280000001
BIOL,2014-11-05,3,1305611.59
BIOL,2015-11-12,5,221049.18
BIOS,2010-08-09,4,224520.0
BIOS,2015-08-26,4,3381734.0999999996
BIOS,2016-06-20,4,355750.0
BIR.PR.A,2007-12-20,3,408067.31
BITS,2007-03-05,3,234640.43
BITS,2008-11-19,3,449250.0
BIVV,2017-05-26,3,51529543.0
BJGP,2008-05-27,4,276452.0
BJRI,2006-08-10,4,216400.0
BJRI,2014-03-19,3,18969037.77
BJRI,2020-02-28,3,326475.0
BK,2011-09-07,4,2725496.0
BKC,2006-05-19,15,2228700.0
BKC,2006-08-23,3,235114.5
BKC,2007-02-26,4,1328624.0
BKCC,2014-05-22,3,1222630.0
BKCC,2017-03-20,3,294751.0
BKCC,2017-11-30,3,453752.5
BKCC,2019-08-20,3,559900.0
BKCC,2020-03-10,4,897325.56
BKD,2006-07-25,3,5114625.0
BKD,2007-05-23,3,32422331.0
BKD,2009-03-05,3,234420.0
BKD,2016-02-12,11,1435760.0
BKD,2016-11-07,3,303750.0
BKD,2018-02-28,4,411800.0
BKD,2019-02-26,5,325068.6
BKD,2020-03-12,3,326096.95999999996
BKFG,2008-10-16,4,299529.92
BKFS,2015-05-28,7,5223400.0
BKGM,2014-12-11,9,799999.2
BKGM,2015-09-16,3,275002.15
BKGM,2017-03-15,7,304916.0
BKGM,2022-10-19,3,277195.35
BKH,2010-12-08,3,208606.0
BKH,2011-05-25,5,214890.0
BKH,2020-08-27,3,386796.02
BKI,2008-11-07,3,245725.75
BKI,2009-02-12,4,225636.98
BKJ,2009-11-18,4,270466.52
BKJ,2013-02-14,10,225915.89260000002
BKJ,2015-02-27,14,9587166.6221
BKJ,2015-06-04,3,802569.3
BKR,2020-02-26,3,642318.2799999999
BKSC,2006-06-05,5,261576.00000000003
BKSC,2010-01-22,4,253314.58000000002
BKSC,2010-05-04,4,254300.0
BKSC,2011-05-06,4,216155.43
BKSC,2011-09-01,6,221748.4
BKSC,2012-01-27,4,246295.36
BKSC,2012-05-15,5,219622.99999999997
BKSC,2012-08-23,4,201560.02
BKSC,2012-12-05,5,520638.98
BKSC,2013-04-18,4,214241.96
BKSC,2013-08-01,4,353780.0
BKSC,2014-05-06,5,7724818.0
BKSC,2014-08-04,5,204670.0
BKSC,2014-12-04,4,200736.0
BKSC,2015-03-12,5,228559.6
BKSC,2015-09-04,4,227904.64
BKSC,2015-12-09,5,457547.60010000004
BKSC,2016-07-28,5,678271.22
BKSC,2017-05-11,5,285039.934
BKSC,2017-08-22,4,235510.135
BKSC,2017-12-05,5,305067.571
BKSC,2018-03-09,5,447135.75
BKSC,2018-08-21,4,200000.0
BKSC,2019-04-19,4,756800.0000000001
BKSC,2019-07-30,4,205865.0
BKSC,2020-08-06,5,233905.44319999998
BKSC,2021-02-02,5,332071.2540000001
BKSC,2021-05-28,4,394808.0
BKSC,2023-03-17,5,372901.18
BKSC,2023-09-19,4,301973.5084
BKTI,2020-05-06,4,227926.44
BKV,2024-10-01,13,2213100.0
BKYF,2010-11-19,3,17266985.0
BLC,2008-05-20,3,316048.0
BLCO,2026-02-24,3,416870.0
BLD,2008-03-10,8,202076.0
BLDR,2006-12-04,4,3444471.9200000004
BLDR,2007-03-16,4,2599942.8000000003
BLDR,2008-02-29,4,1470494.2799999998
BLDR,2012-03-01,3,932815.6199999999
BLDR,2012-06-01,5,2336953.59
BLFS,2014-08-22,3,775183.94
BLFY,2021-08-23,3,387295.88
BLFY,2021-11-23,4,221609.65
BLFY,2022-05-20,6,221803.4
BLI,2022-03-15,3,857640.0
BLIN,2025-03-28,3,660666.48
BLK,2008-01-15,4,5768190.52
BLK,2008-04-18,3,296367.28
BLK,2008-10-15,5,210734.95
BLK,2009-01-23,3,1087846.9
BLK,2010-11-18,3,4477766.4
BLL,2016-08-08,3,715670.01
BLL,2021-08-17,3,890594.0
BLL,2022-03-11,3,1381499.1
BLLN,2025-11-12,6,3177960.0
BLMN,2025-03-06,3,1129450.0
BLMT,2011-10-06,14,3103455.0
BLMT,2012-06-07,3,261266.57
BLMT,2014-05-12,3,472772.82999999996
BLND,2025-11-20,3,17515514.89
BLND,2026-05-27,3,7585815.75
BLPH,2015-02-23,12,52973544.0
BLPH,2018-09-07,4,965181.0
BLPH,2019-01-25,3,1215000.5
BLSP,2016-03-08,3,238960.75
BLSP,2016-06-14,5,568122.71
BLT,2010-06-30,3,277735.0
BLTI,2006-05-16,4,440663.0
BLTI,2008-05-14,4,206480.49000000002
BLTI,2011-05-17,3,311548.3
BLUA,2021-02-02,3,21750000.0
BLUD,2010-05-10,3,27695138.08
BMEA,2021-09-21,4,1393303.36
BMEZ,2020-02-25,3,311465.0
BMEZ,2024-10-04,3,2122932.94
BMI,2011-11-02,4,228516.94
BMI,2026-02-11,3,1255516.2
BMNM,2018-01-17,3,258916.8
BMNM,2025-12-23,4,828467.25
BMR,2006-12-19,3,207584.0
BMRC,2023-05-03,4,287247.56
BMRN,2009-03-04,5,228553.2
BMRX,2008-05-06,3,374400.0
BMS,2006-01-18,5,274421.88
BMS,2007-01-16,4,223045.5
BMS,2008-01-16,4,242547.84000000003
BMS,2010-01-19,4,277615.07999999996
BMTC,2009-12-11,3,200057.05
BMTC,2010-03-11,4,313322.1
BMTI,2008-04-01,6,275745.41000000003
BMTI,2009-07-06,3,2992748.0
BMTI,2012-03-30,4,300477.45999999996
BNCC,2007-08-02,3,247759.08
BNCL,2007-07-17,17,2782575.37
BNCL,2010-11-17,3,208670.0
BNCL,2015-01-14,13,1012110.0
BNCN,2006-08-11,4,237186.37
BNCN,2006-12-04,3,561074.37
BNCN,2010-06-16,8,1180000.0
BNED,2015-08-25,3,10178986.5
BNED,2015-12-17,3,5760551.18
BNED,2019-10-04,3,5057804.36
BNED,2024-07-10,3,11652818.6
BNET,2011-06-09,3,450000.0
BNHN/BNHNA,2008-03-05,3,227582.13
BNHN/BNHNA,2008-07-09,4,205171.0
BNHN/BNHNA,2011-10-03,3,9643175.14
BNI,2008-01-16,3,131927880.0
BNK,2014-08-19,9,425442.0
BNK,2015-08-19,3,204417.0
BNKL,2023-06-21,3,606666.0
BNL,2020-09-21,5,1242700.0
BNL,2023-03-10,3,248992.50000000003
BNL,2024-02-26,3,352920.0
BNL,2025-05-06,7,887217.03
BNSSA.PK,2007-09-28,3,906814.03
BNV,2007-11-27,4,210330.0
BNVI,2007-11-28,3,323600.0
BOBE,2014-09-05,3,762418.32
BOBE,2015-03-10,3,304610.0
BOBS,2026-02-06,5,532015.0
BOC,2023-06-01,3,262685.12
BOC,2024-05-24,3,1746250.96
BOC,2025-12-30,3,1346531.42
BOCH,2006-05-19,3,1556786.0
BOCH,2009-05-11,3,22199149.4
BOCH,2010-03-29,9,858534.0
BOCH,2011-08-03,3,802943125.0
BOCH,2015-02-10,4,214906.0
BOCH,2015-12-03,4,212956.22999999998
BOCH,2017-05-10,10,771750.0
BOCH,2018-02-06,5,200446.36
BOCH,2018-10-24,3,293850.0
BOCH,2020-04-22,3,217200.0
BOCH,2021-02-17,3,231280.0
BODY,2022-05-19,3,1100751.62
BODY,2022-12-02,4,540819.2
BOFL,2006-05-18,5,1246248.75
BOFL,2007-11-06,4,207836.22
BOFL,2008-09-03,7,256142.25
BOFL,2008-12-02,3,278598.57
BOFL,2009-03-10,3,503144.0
BOFL,2009-06-08,10,202324.25
BOH,2010-02-02,4,200521.4
BOH,2023-05-16,3,333875.0
BOI,2013-04-03,3,389012.5
BOJF,2007-01-03,8,1026988.0
BOKF,2020-05-14,3,307711.0
BOKF,2023-05-18,3,388164.60000000003
BOLD,2016-07-25,6,9100020.0
BOLD,2024-04-04,4,14600000.0
BOLT,2008-10-29,4,355590.0
BOLT,2011-12-01,3,252785.16
BOLT,2021-02-09,8,29122000.0
BOMN,2017-06-19,5,548600.0
BOMN,2018-05-21,4,73357737.4
BOMN,2020-06-03,3,580000.0
BONE,2011-05-03,3,797497.05
BONE,2015-09-09,5,515395.04
BONT,2007-07-27,3,543770.0
BONT,2008-01-16,3,292695.47
BOOT,2006-02-15,3,204780.0
BOOT,2022-08-23,3,536109.52
BORD,2007-08-01,3,201296.25
BORD,2007-11-05,4,373947.0
BORR,2026-06-22,3,7444600.0
BORT,2012-01-23,15,332504.785
BOT,2026-05-05,3,5800000.0
BOTJ,2016-08-09,3,989362.29
BOTJ,2021-08-23,6,360656.16
BOW,2024-05-29,4,1804458.0
BOX,2010-11-04,4,625000.0
BOXD,2022-06-17,3,322150.0
BOXL,2020-12-10,3,232750.23
BPAX,2007-12-20,3,225255.0
BPAX,2011-08-29,3,267920.0
BPFH,2008-06-03,4,647676.5600000002
BPFH,2009-02-27,5,222996.84
BPFH,2010-08-23,3,1896250.5500000003
BPFH,2010-11-22,7,208027.61000000002
BPFH,2011-08-12,4,209868.6
BPFH,2018-01-31,3,402382.56
BPFH,2020-03-13,4,216306.83000000002
BPI,2009-04-22,3,240450.0
BPL,2008-08-05,5,345595.0
BPL,2012-02-17,3,277566.4
BPMP,2017-11-01,6,452970.0
BPOP,2007-05-25,3,277095.0
BPOP,2009-01-28,3,241000.0
BPSG,2008-03-07,6,23339201.4
BPUR,2007-11-09,5,268894.0
BPYU,2020-03-10,3,2708995.0
BQI,2007-03-07,3,347676.24
BQI,2008-09-22,3,226500.0
BRBR,2025-08-06,3,295096.87
BRBS,2020-06-10,6,217121.81
BRBS,2022-03-01,4,231410.0
BRBS,2023-05-12,7,332307.75
BRCB,2026-05-21,3,73058082.3472
BRCC,2022-12-19,3,637252.0
BRCC,2023-12-12,3,1616975.0
BRCC,2025-07-18,3,220000.0
BRDS,2023-03-23,3,208012.22
BREK,2007-12-13,4,312491.5
BRG,2020-04-14,5,201759.5
BRID,2023-09-12,4,226570.43
BRKL,2011-08-09,6,208987.5
BRKL,2014-02-25,5,282736.33
BRKR,2008-11-05,3,1670423.1600000001
BRKSL,2015-06-01,3,2196930.0
BRLC,2007-12-10,3,2124179.6900000004
BRLI,2011-12-14,3,244420.0
BRMK,2020-03-23,3,319225.0
BRN,2006-01-06,4,11855379.29
BRN,2006-06-28,3,1617312.0
BRN,2007-02-08,3,609008.0
BRN,2020-01-10,3,262225.33
BRN,2021-05-24,3,390317.05
BRN,2024-05-08,3,514335.12
BRO,2022-05-06,3,867552.18
BRP,2019-10-28,6,7289800.0
BRP,2022-03-09,3,206460.0
BRPM,2020-01-28,3,9773752.729999999
BRR,2025-12-22,3,1128160.0
BRS,2016-02-19,3,253626.0
BRS,2016-06-02,4,218933.5
BRSI,2006-06-26,5,454970.16000000003
BRSP,2021-08-18,4,1224400.0
BRSP,2022-05-09,3,541575.0
BRSS,2013-06-04,5,430100.0
BRSS,2014-05-13,4,508823.74
BRSS,2014-12-15,6,659135.52
BRT,2009-06-18,3,229806.15000000002
BRT,2013-06-28,4,216814.8
BRT,2013-12-23,4,236910.43999999997
BRT,2014-05-27,4,1066449.56
BRT,2015-01-05,4,238458.0
BRT,2015-05-29,4,206707.86000000002
BRT,2015-09-18,4,203815.76
BRT,2016-02-29,4,1920167.36
BRT,2022-05-18,3,415311.48
BRT,2022-09-20,3,1008250.6500000001
BRT,2022-12-20,4,6585684.970000001
BRT,2023-03-22,3,983794.9500000001
BRT,2024-03-27,3,1082563.62
BRT,2025-05-16,3,1155281.34
BRT,2025-09-11,4,860694.05
BRTX,2022-05-02,3,321766.0
BRX,2017-05-15,3,599006.0
BRX,2018-05-24,3,339090.7
BRY,2008-11-17,3,200314.0
BRY,2019-11-22,3,289150.0
BRZE,2021-11-23,7,147875000.0
BRZE,2022-04-08,3,40646147.519999996
BRZE,2022-09-20,3,43497458.49
BSBK,2020-03-02,3,639272.75
BSET,2020-03-02,3,214992.3
BSGM,2015-12-16,3,405850.5
BSGM,2022-09-02,5,216571.33000000002
BSL,2010-09-10,3,266892.0
BSM,2015-05-08,9,6042000.0
BSM,2015-08-25,5,444042.4
BSM,2015-11-24,3,1414000.44
BSM,2017-03-08,3,337529.0
BSM,2018-12-10,3,459875.12
BSQR,2018-08-21,3,229405.8
BSQR,2020-03-16,3,219208.06
BSTC,2008-11-21,3,1722686.5
BSTG,2018-07-03,4,1091341.55
BSTG,2022-05-23,3,524002.88
BSTZ,2019-06-27,3,570005.0
BSTZ,2020-02-26,3,231193.56
BSVN,2018-09-26,7,807500.0
BSX,2008-11-19,3,336336.0
BSX,2011-12-01,3,771460.0
BSX,2012-08-08,3,335560.0
BSX,2026-05-21,3,554011.7
BTF,2006-05-18,3,658746.0
BTF,2010-03-11,3,1145963.32
BTF,2010-06-10,3,1102202.68
BTFG,2007-01-30,12,223005.0434
BTFG,2007-05-25,8,217014.55479999998
BTFG,2007-11-26,11,460451.707
BTFG,2008-03-19,11,213588.34999999998
BTH,2013-09-11,3,394400.0
BTHT,2016-07-01,8,643500.0
BTMD,2023-01-10,4,979050.0
BTMD,2025-03-18,4,3498654.45
BTN,2013-11-20,3,459873.55000000005
BTN,2015-05-18,3,296057.0
BTN,2015-12-11,3,726428.32
BTN,2016-06-10,4,200102.84
BTN,2017-09-01,3,876348.1000000001
BTN,2019-04-24,4,221462.34000000003
BTN,2019-07-24,4,221114.57
BTN,2020-01-08,4,230953.30000000002
BTN,2020-05-27,4,298206.78
BTN,2020-08-26,4,203580.01
BTN,2020-11-25,4,226645.99
BTN,2022-06-17,3,203182.46000000002
BTN,2022-12-14,3,500334.0300000001
BTRS,2021-09-14,3,1821385.1400000001
BTRS,2021-12-15,3,841038.24
BTSG,2024-03-15,3,504301.0
BTTR,2021-09-01,6,208271.9
BTTR,2021-12-06,5,249050.24
BTTR,2022-05-17,4,1066421.65
BTTX,2021-12-15,4,269085.1
BTTX,2022-09-19,3,304132.48
BTTX,2023-04-12,4,4829090.23
BTTX,2023-07-31,6,1765240.7399999998
BTU,2014-11-17,4,229500.0
BTU,2017-05-24,3,158631033.74000004
BTUI,2008-11-13,3,296789.0
BTX,2017-08-22,3,458100.0
BUKX,2011-10-18,4,212000.0
BUSE,2006-06-14,4,276691.94
BUSE,2019-05-13,3,1805001.0999999999
BUSE,2020-03-04,5,695510.0
BUSE,2023-01-31,4,239970.0
BUSE,2023-08-17,3,876069.7
BUSE,2025-02-04,3,652649.31
BUSE,2025-06-02,3,276335.0
BUSE,2025-09-16,3,1118617.6
BV,2014-06-11,3,287600.0
BVH,2021-05-26,3,299495.15
BVH,2021-11-19,3,1983169.0
BVIC,2007-06-12,5,46075000.0
BVNC,2006-07-13,8,622600.0
BVS,2021-04-05,6,264875.0
BVS,2023-05-26,3,3104115.34
BW,2016-08-15,3,887709.2
BW,2019-05-16,4,233319.55000000002
BW,2020-06-09,3,216700.0
BW,2020-09-08,4,5245699.2
BW,2021-02-12,5,266701.5
BW,2022-03-14,3,253375.0
BW,2022-11-14,9,519235.31
BW,2023-03-28,5,209310.0
BW,2023-06-27,3,884434.1699999999
BW,2023-11-16,7,351577.28
BWB,2018-03-19,7,329000.0
BWB,2021-08-17,8,903000.0
BWFG,2014-05-19,13,7844177.0
BWFG,2018-05-24,3,330299.86
BWFG,2021-11-10,8,389962.76
BWFG,2022-06-28,4,367322.25
BWFG,2022-12-13,5,207302.87
BWFG,2023-03-15,4,1414540.31
BWFG,2024-06-12,5,225033.99
BWFG,2024-09-11,5,209329.73
BWFG,2025-09-11,5,597339.44
BWFG,2026-03-09,5,790944.36
BWFG,2026-06-09,5,370514.00999999995
BWINA / B,2017-09-07,4,255131.0
BWS,2009-03-20,5,205110.0
BWS,2011-03-17,4,259280.0
BXC,2008-11-04,3,463400.0
BXC,2017-11-20,4,204780.0
BXC,2018-03-15,5,1321699.72
BXC,2018-11-14,3,206263.56
BXC,2019-11-13,3,309583.0
BXDC,2026-05-19,8,191245900.0
BXG,2009-11-17,3,69316678.08
BXG,2017-11-21,11,1210020.0
BXMT,2013-05-30,7,52411399.5
BXMT,2015-04-20,3,5800002.0
BXMT,2022-06-23,3,1537660.0
BXMT,2024-08-08,3,1448135.0
BXS,2008-06-24,3,2043301.3
BXS,2010-08-02,3,465260.1705
BXXX,2006-12-15,3,217638.0
BY,2017-07-06,6,990738.75
BY,2023-03-13,4,2987763.24
BY,2023-08-15,3,891179.25
BY,2023-11-22,4,566699.2
BY,2024-02-23,3,657302.71
BY,2025-06-13,6,1325299.31
BYBK,2015-08-25,3,360332.41
BYBK,2016-06-13,3,353480.88
BYCX,2012-03-12,3,320000.0
BYD,2008-11-20,3,642346.8
BYD,2012-03-09,3,214772.82
BYFC,2007-08-30,3,262787.5
BYFC,2012-07-11,6,225002.69999999995
BYFC,2014-10-16,5,257500.1
BYLK,2007-09-13,3,245048.0
BYND,2019-05-08,7,1493550.0
BYON,2024-06-06,3,482549.75
BYRN,2021-08-04,5,410004.0
BYRN,2022-10-11,4,320505.36
BZ,2008-03-04,3,200550.0
BZ,2008-08-11,3,2893916.38
BZC,2007-06-14,3,5087633.2
BZC,2009-06-23,4,487500.0
BZC,2013-02-21,3,217466.09
BZC,2013-05-28,3,222003.2
BZC,2013-09-10,3,922032.5
BZC,2015-12-11,3,526561.0
BZH,2014-08-04,6,598349.7000000001
BZH,2015-02-04,4,327771.0
BZH,2016-02-09,8,667055.55
BZH,2016-05-11,3,469025.0
BZH,2025-02-10,5,749204.22
C,2008-11-13,3,9070663.0
C,2009-03-04,4,9580250.0
C,2009-08-10,3,6679656.87
C,2010-11-30,3,2456955.4
C,2012-11-28,3,1286046.5
C,2016-02-11,3,2540560.0
CAAS,2008-12-16,6,214337.33
CAB,2007-11-21,4,1569028.3
CAB,2009-05-15,3,4308033.4399999995
CABA,2022-10-18,5,333244.27
CABA,2026-01-21,8,296209.86
CABO,2018-11-16,3,495115.92000000004
CABO,2025-06-13,3,1004396.88
CAC,2016-02-25,9,324875.09
CAC,2021-03-15,8,225260.62
CAC,2022-03-14,7,211704.08
CACB,2014-07-08,3,305738.76
CACC,2007-03-14,3,1141625.0
CACC,2007-09-27,3,2451393.1
CACC,2008-03-03,3,714487.1699999999
CACH,2007-11-28,4,231345.0
CACH,2014-05-29,5,822314.75
CADE,2007-04-27,4,3068260.35
CADE,2007-08-08,5,353422.44999999995
CADE,2007-11-09,7,365062.60000000003
CADE,2008-09-04,3,268644.02
CADE,2010-12-20,3,210263.0
CADE,2018-11-13,3,799690.9299999999
CADE,2019-03-18,3,1992636.5999999999
CADE,2019-07-29,3,310668.24
CADE,2019-11-05,3,575520.0
CADE,2020-03-16,8,435506.7147
CADL,2021-08-02,6,1819960.0
CADV,2009-09-10,3,600000.0
CADX,2009-02-20,7,193305494.09999996
CAEL,2009-09-08,3,2118875.1
CAFD,2015-06-22,3,326460.0
CAFD,2015-10-08,3,381575.0
CAFI,2012-11-09,13,452759.16000000003
CAG,2008-04-04,3,560250.0
CAG,2008-07-07,5,647351.25
CAG,2018-10-12,3,849948.0
CAKE,2011-08-09,3,738832.4400000001
CAKE,2013-03-08,3,747546.75
CALA,2014-10-09,7,31000000.0
CALA,2021-11-10,3,342000.0
CALB,2023-05-25,5,235662.29
CALC,2007-09-04,6,206653.5
CALC,2023-06-09,5,210852.79
CALC,2023-11-08,3,201536.47
CALC,2024-08-27,3,243140.0
CAMP,2007-07-24,7,293354.0
CAMP,2022-07-15,3,3844987.94
CAMP,2024-10-15,4,39999960.0
CAMP,2025-09-11,6,4054994.4899999998
CANO,2021-08-31,3,18534271.680000003
CAPB,2007-02-07,3,411554.5
CAPB,2007-05-22,5,390280.99999999994
CAPB,2007-09-13,4,301083.2
CAPB,2007-12-14,8,1332164.8900000001
CAPB,2008-12-23,13,1919796.0
CAPIX,2023-06-23,6,17150000.0372
CAPL,2015-06-22,4,554305.0
CAPL,2015-09-23,4,3268408.75
CAPL,2017-08-17,3,1435653.82
CAPL,2023-05-25,3,598774.9600000001
CAPN,2016-06-09,4,230635.23
CAPR,2015-01-22,6,3896668.1599999997
CAPR,2015-08-21,3,209377.59999999998
CAPR,2016-03-18,8,3503301.6
CAPR,2017-05-11,3,3658499.1
CAPS,2011-08-01,3,399387.5
CAR,2011-10-06,8,815753.0
CARA,2014-02-05,3,6208983.0
CARB,2011-08-17,7,27720000.0
CARB,2012-05-29,3,1819742.1700000002
CARD.OB,2008-02-04,5,508200.0
CARL,2025-07-24,5,48099960.0
CARO,2014-08-19,3,221098.3
CARO,2015-12-21,4,607483.75
CARO,2017-01-26,5,541996.0
CARS,2019-08-07,3,328550.0
CARS,2020-03-12,5,217113.52000000002
CART,2018-04-25,6,381000.0
CART,2023-09-22,4,90189810.0
CART,2024-02-22,4,230616200.92
CAS,2015-01-21,3,3815410.14
CAS,2015-08-12,3,2079384.19
CASA,2017-12-19,4,11050000.0
CASB,2007-12-03,4,203069.1
CASB,2008-05-08,3,896916.12
CASB,2008-08-21,3,218613.2243
CASC,2017-02-03,3,278681.64
CASH,2018-12-10,3,543504.64
CASH,2022-08-03,3,300290.0
CASI,2016-01-27,4,2533907.14
CASM,2015-02-13,3,4225000.0
CAST,2010-01-19,3,4999994.399999999
CAST,2011-03-31,3,18153298.07
CATB,2015-06-30,6,22201608.0
CATC,2020-02-28,4,232298.0
CATM,2017-11-09,3,388175.0
CATM,2020-05-19,4,1026225.62
CATS,2008-01-11,3,1353000.0
CATS,2015-10-20,3,2463000.3000000003
CATX,2023-12-19,4,277642.16000000003
CATX,2024-06-04,3,200921.6
CATX,2024-12-04,3,202358.13
CATX,2025-04-01,4,316621.88
CAUD,2023-12-13,3,6277860.0
CAVA,2023-06-22,4,211090.0
CBAN,2010-03-29,5,2429465.0
CBAN,2014-05-20,4,200588.86000000002
CBAN,2018-09-06,3,234670.0
CBAN,2022-02-10,8,536250.0
CBC,2007-04-26,6,558317.4
CBC,2007-07-31,4,210260.0
CBC,2008-07-09,26,740580.0
CBC,2008-12-02,8,216878.0
CBC,2025-11-25,17,5104827.0
CBDC,2019-08-09,3,210585.58789999998
CBF,2007-03-05,4,2147029.0
CBFV,2019-03-15,3,245896.78
CBFV,2020-08-24,3,472726.7
CBG,2008-02-15,3,19448081.02
CBG,2008-08-06,4,19898947.28
CBG,2016-02-19,3,38337410.0
CBG,2016-11-09,3,188487217.98000002
CBH,2017-08-21,3,347567.0
CBHI,2006-05-23,3,1046583.3600000001
CBHI,2006-08-23,5,3324779.17
CBHI,2007-02-28,3,253719.15
CBHI,2007-09-10,3,348551.3
CBIN,2006-02-23,3,314127.53
CBIN,2015-01-22,6,624123.5
CBK,2012-12-28,6,304244.2
CBK,2015-01-06,6,202882.5
CBK,2015-07-02,7,234201.4
CBK,2015-12-17,7,218935.3
CBK,2017-03-29,3,554735.1799999999
CBK,2018-07-19,4,234387.77
CBK,2025-10-15,4,749952.0
CBKN,2007-02-13,3,314680.0
CBKN,2007-08-03,3,232776.25
CBKN,2007-12-21,4,206550.6
CBKN,2008-12-23,4,301486.75
CBKN,2010-03-22,11,1851861.2
CBKN,2011-03-11,6,255632.59999999998
CBL,2007-08-14,3,251090.0
CBL,2008-10-14,4,885640.8
CBL,2011-08-11,3,245741.2
CBMG,2017-12-27,3,500004.0
CBNA,2024-10-07,14,516890.0
CBNJ,2009-10-27,3,367056.0
CBNJ,2011-08-24,3,390489.75
CBNJ,2011-12-13,3,350920.0
CBNJ,2015-03-20,3,666349.5800000001
CBON,2008-08-04,3,214910.0
CBOU,2006-02-27,3,375213.6
CBOU,2008-08-19,4,221396.73
CBPO,2011-05-31,3,9286894.100000001
CBPO,2011-12-07,3,1411509.57
CBPX,2015-12-03,3,238226.5
CBR,2008-10-27,3,244600.0
CBR,2009-02-24,3,570559.75
CBRL,2007-12-03,4,218560.0
CBRL,2012-01-20,3,38941297.97
CBRL,2012-10-16,3,4089718.88
CBRL,2025-05-05,3,17527913.5
"CBS, CBS.A",2006-03-15,3,1207143.0
CBT,2006-07-25,3,9432910.42
CBT,2007-12-19,4,7065858.0
CBTX,2017-11-09,10,768404.0
CBTX,2020-03-18,4,2280398.17
CBU,2006-03-03,3,233824.0
CBU,2006-06-05,5,721723.94
CBU,2007-07-25,3,956467.77
CBU,2009-01-30,3,717180.0
CBU,2011-08-10,3,324920.0
CBU,2012-01-31,7,318600.0
CBU,2023-03-21,3,324160.0
CBYL,2015-04-14,5,22950000.0
CBZ,2008-03-17,6,1024984.24
CBZ,2010-02-12,4,6945813.359999999
CC,2015-09-08,3,780820.0
CC,2019-05-20,3,295152.04000000004
CCAC,2013-10-18,3,1468085.0
CCAP,2020-01-21,5,2755006.1418999997
CCAP,2022-05-13,5,505904.3
CCAP,2026-05-21,3,1025870.0
CCB,2018-07-20,4,1354300.0
CCB,2021-12-20,3,1320219.0
CCB,2023-03-14,4,1426978.9
CCBG,2006-05-16,6,210320.81000000003
CCBG,2009-02-24,3,516780.31
CCBG,2020-05-13,5,267858.65
CCBG,2021-02-23,3,302788.7
CCC,2007-11-28,3,5373216.0
CCC,2010-05-21,3,210181.1
CCC,2012-09-06,4,263367.26
CCC,2013-05-20,3,325118.5
CCCC,2020-10-06,3,220552.0
CCD,2015-07-23,3,1500542.2799999998
CCD,2016-03-02,3,2330853.06
CCE,2008-02-28,3,1573403.52
CCEL,2020-06-16,3,433445.29000000004
CCFN,2009-12-18,3,265603.28
CCFN,2010-04-02,4,218020.5
CCG,2015-11-24,3,330987.45
CCI,2007-02-28,4,22187777.77
CCI,2016-11-15,3,555060.72
CCI,2021-03-02,3,1800473.75
CCIF,2025-07-01,3,250222.37999999998
CCIX,2007-08-21,7,4313880.930000001
CCIX,2007-11-21,3,255270.0
CCLP,2014-12-15,4,286098.0
CCLP,2021-05-27,4,321650.0
CCMO,2008-08-28,4,403141.65
CCN,2016-08-19,3,1019820.0
CCNE,2007-10-17,3,429747.85000000003
CCNE,2010-06-18,13,388837.2268
CCNE,2015-03-19,4,232642.8108
CCNE,2020-03-24,5,218762.1322
CCNE,2020-08-26,13,1049925.0
CCNE,2022-09-21,20,370152.3728
CCNE,2023-03-16,9,264429.7877
CCNI,2011-02-14,3,294751.0
CCO,2011-08-25,3,5296776.63
CCO,2019-08-16,3,996200.0
CCO,2022-09-30,4,2212000.0
CCO,2023-01-19,3,2005400.0
CCOI,2009-01-05,4,297962.43
CCOI,2010-01-05,4,274023.06
CCOI,2011-01-07,4,289367.5
CCOM,2006-04-18,4,2365530.0
CCOM,2011-03-03,4,3400000.0
CCOW,2007-03-01,3,1827693.0
CCOW,2007-08-31,7,205196.05
CCOW,2008-05-27,7,272567.0
CCP,2015-08-26,3,520620.0
CCRN,2016-03-14,3,275930.0
CCRN,2016-08-17,4,276500.0
CCRN,2018-03-14,3,285650.0
CCRN,2018-08-09,3,238198.15
CCRN,2020-03-13,3,243711.01
CCRN,2020-06-15,6,267054.68
CCT,2018-03-12,6,885042.7
CCXI,2013-10-07,3,2596766.7
CDAK,2020-10-20,3,9525000.0
CDCI,2007-02-14,3,55204070510.0
CDCY,2006-05-15,4,236818.67959999997
CDE,2020-03-16,3,236715.94999999998
CDEV,2019-11-19,3,758185.0
CDEV,2020-05-13,3,9078304.32
CDI,2006-08-07,3,334184.0
CDI,2008-10-21,5,226751.62
CDI,2015-12-09,3,208099.72999999998
CDII,2011-09-29,7,327966.5
CDL,2008-03-07,3,1532515.65
CDLX,2024-08-12,3,227960.0
CDMO,2018-02-20,3,325001.25
CDMO,2020-03-16,3,204260.0
CDNA,2014-07-23,5,1630660.0
CDNA,2016-10-04,4,834511.08
CDNC,2006-01-20,3,1834947154865.58
CDNC,2006-04-28,6,7877770834.099999
CDNL,2025-12-11,4,861000.0
CDNS,2008-12-16,4,968120.0
CDNS,2011-08-04,3,344450.0
CDOR,2017-04-03,4,828350.78
CDR,2010-04-29,3,18911936.0
CDR,2017-03-27,3,259086.0
CDTI,2016-12-20,3,545000.0
CDTI,2018-07-27,3,331465.0
CDTR,2008-01-30,3,2589303.2
CDTX,2015-04-22,6,6598720.0
CDXC,2017-05-26,3,16399516.400000002
CDXC,2017-08-28,4,5148204.2
CDXC.OB,2012-02-14,6,1849998.0
CDXC.OB,2012-06-21,4,539190.25
CDZI,2022-04-05,3,5187279.2
CDZI,2022-12-16,3,220364.00000000003
CDZI,2023-07-17,4,1307982.21
CE,2008-10-29,5,1030033.0
CE,2025-03-10,4,644213.35
CE,2025-08-18,4,306139.11
CECE,2008-11-26,3,207398.1
CECE,2009-08-12,4,244184.0
CECE,2010-06-10,3,326512.0
CECE,2011-05-31,3,11799239.579999998
CECE,2015-08-10,3,766893.0
CECE,2015-12-15,3,290130.0
CECE,2017-11-09,7,432303.0
CECE,2020-08-14,3,347770.0
CECO,2007-12-21,3,39118061.2
CECO,2010-12-07,3,256632.45
CEDC,2006-06-02,3,401035.0
CEDC,2008-10-07,3,408678.2
CEG,2008-12-23,3,509020.0
CELG,2011-08-02,3,438710.0
CELG,2011-11-28,3,222265.0
CELH,2017-01-18,4,4599999.0
CELH,2019-09-16,4,9599994.0
CELH,2026-05-26,3,716358.0
CELL,2008-08-21,4,412335.0
CELL,2012-02-27,3,286880.0
CELP,2014-01-23,4,574000.0
CELP,2014-12-09,5,445745.85
CELP,2015-12-18,5,232769.92
CEM,2008-11-12,3,917500.0
CEM,2010-06-28,8,810155.0
CEM,2011-06-09,3,337960.0
CEMI,2023-04-25,3,663914.62
CEMP,2012-02-09,4,29032674.0
CEN,2013-11-19,3,228875.0
CEN,2015-04-28,7,505925.1
CENT,2007-12-03,4,5527152.6
CEP,2012-01-18,3,6048181.6
CEQP,2015-12-14,4,8882918.829999998
CEQP,2016-05-24,3,5672596.16
CERC,2017-08-24,3,797061.18
CERC,2018-05-21,3,592343.4
CERC,2018-08-20,3,4049654.23
CERC,2018-11-20,3,1265920.3699999999
CERC,2019-04-01,3,2347517.04
CERC,2019-08-29,3,394838.49
CERC,2020-03-31,3,4351253.34
CERC,2020-12-14,5,305880.83999999997
CERC,2021-06-14,5,421788.51999999996
CERE,2020-10-29,4,330000000.0
CERE,2023-10-18,4,394999948.84000003
CERN,2008-11-06,3,377048.0
CERS,2020-02-03,5,247999.85
CERT,2020-12-16,4,1086635.0
CERU,2014-04-15,5,31599946.0
CERX,2012-04-17,4,153010600.0
CET,2008-10-29,3,211421.5
CET,2020-02-28,3,363828.86000000004
CF,2006-05-16,3,219130.0
CF,2008-11-03,4,1166432.0
CF,2010-05-18,3,464779.25
CF,2015-11-12,3,1658482.12
CF,2016-03-02,3,1178230.0
CFCM,2009-02-10,4,630650.0
CFDB,2016-01-12,9,213000.0
CFFN,2010-12-23,12,1445000.0
CFFN,2022-10-31,6,263086.15
CFFN,2023-10-30,3,214369.4
CFFN,2025-03-28,4,240090.0
CFG,2014-09-30,18,4272050.0
CFG,2020-03-12,3,312420.0
CFHI,2006-11-14,3,303633.0
CFI,2008-12-30,5,215100.35
CFIC,2009-06-29,3,272895.0
CFIC,2012-06-19,4,350000.0
CFIS,2012-12-27,10,712066.0
CFL,2008-11-07,3,245380.71
CFLT,2022-04-14,3,32918955.0
CFND,2025-09-08,3,903845.0
CFND,2025-12-08,3,279010.63
CFNL,2006-05-03,5,229150.8
CFNL,2009-05-27,12,231870.0
CFP,2007-09-17,4,346500.0
CFR,2016-02-08,3,4089350.0
CFR,2023-03-14,3,1767055.0
CFW,2006-03-20,3,248441.4
CFW,2008-11-04,3,352600.0
CFX,2008-05-14,7,1162350.0
CFX,2008-11-13,7,385565.0
CFX,2011-09-22,3,652155.8999999999
CFX,2014-08-08,3,927470.51
CGBD,2018-12-12,3,374265.0
CGBD,2022-06-06,4,208694.5
CGBD,2022-11-16,3,211750.03889999999
CGEH,2025-11-25,6,295000.0
CGEM,2021-01-14,5,16899750.0
CGEM,2022-06-07,3,18430158.0
CGIX,2016-03-17,3,391604.7
CGIX,2017-06-12,3,461454.15
CGIX,2019-01-16,3,276000.0
CGME,2011-05-09,5,4820242.5
CGNH,2015-02-11,4,395782.4199999999
CGO,2006-05-03,3,314536.0
CGON,2024-01-31,4,12662968.0
CGSY.OB,2007-07-02,4,1737038.28
CGTX,2021-10-15,4,4770000.0
CGTX,2022-11-16,4,3630600.0
CGX,2008-11-21,3,1808206.0
CGX,2009-03-31,3,2945227.0
CHAP,2019-04-04,3,9063753.2
CHAP,2019-07-05,4,4360206.45
CHB,2008-07-31,3,203028.25
CHBT,2011-05-23,3,12994277.940000001
CHC,2007-05-15,4,6719114.25
CHC,2007-08-14,3,1878593.5
CHCI,2006-08-23,3,579150.0
CHCI,2017-04-10,7,205208.0
CHCO,2011-08-19,3,2487652.2299999995
CHCO,2025-05-12,6,334818.95999999996
CHCT,2023-03-13,4,209275.37
CHCT,2024-08-06,3,370100.0
CHCT,2025-05-30,3,407011.55
CHD,2007-05-15,3,376311.0
CHD,2013-07-02,7,476277.78
CHD,2016-11-21,3,446675.39
CHD,2019-09-17,4,729016.04
CHD,2025-08-12,3,1177702.3199999998
CHDN,2007-11-28,3,751725.7500000001
CHDN,2008-08-28,3,1001432.4400000002
CHDN,2009-03-24,3,758332.79
CHDN,2018-12-27,3,785630.0
CHDN,2020-03-13,3,975180.0
CHDN,2025-05-08,3,1298940.0
CHEF,2011-08-04,6,352485.0
CHEF,2013-09-25,3,693000.0
CHEV,2012-01-19,10,788912.0
CHFC,2019-06-14,3,1183842.7
CHG,2008-03-18,3,226605.0
CHGG,2013-11-15,4,578500.0
CHGG,2016-02-29,3,425313.78
CHGG,2021-12-03,3,2289021.3600000003
CHK,2011-03-11,4,1678851.29
CHK,2011-08-10,3,3044720.0
CHK,2012-06-29,3,868658.6
CHK,2013-05-22,3,9967800.0
CHK,2018-12-20,5,5872650.0
CHK,2019-05-29,3,299500.0
CHK,2019-11-14,3,308183.51
CHK,2022-06-28,3,996547.5
CHKE,2008-10-17,3,252921.15
CHKE,2016-05-17,3,1050371.3199999998
CHKM,2010-08-05,6,2144225.0
CHMG,2009-08-26,3,404131.78800000006
CHMG,2012-09-18,3,282600.0
CHMG,2014-09-04,5,591214.0
CHMG,2020-03-20,5,257878.0
CHMG,2025-08-05,3,968414.6300000001
CHMI,2013-10-09,4,3783298.4
CHMP,2006-06-09,6,3016949.34
CHMT,2011-08-11,5,871941.54
CHMT,2012-08-09,3,625812.0
CHN,2018-01-18,4,2782595.6100000003
CHNG,2019-07-03,5,507000.0
CHP,2006-06-30,3,314833.0
CHP,2006-12-22,3,3366417.84
CHRA,2018-06-20,5,262200.0
CHRA,2022-11-21,3,484377.5
CHRS,2008-07-14,3,246550.0
CHRW,2026-02-13,4,501641.1736
CHRZ,2008-10-14,3,215318.73
CHS,2007-12-11,3,1137696.0
CHS,2009-03-30,4,224893.0
CHS,2020-06-29,6,243278.8
CHSP,2010-10-15,6,9815000.0
CHSP,2011-08-08,3,345860.0
CHSP,2012-09-19,4,283584.0
CHSP,2013-09-03,3,579020.0
CHSP,2015-08-24,3,596775.75
CHSP,2016-11-29,3,237860.0
CHTL,2008-09-03,3,7162600.5
CHTP,2007-03-05,3,565488.0
CHTP,2008-09-24,4,288127.0
CHTP,2009-05-18,3,220788.27000000002
CHTP,2009-12-21,4,255020.0
CHTP,2010-06-11,3,423699.7
CHTR,2026-04-29,3,2365115.44
CHTT,2006-02-21,5,650615.92
CHUBA,2016-08-31,3,271090.0
CHUC,2026-02-13,5,270000.0
CHUX,2007-12-21,3,3444400.0
CHUX,2009-02-18,4,381240.92
CHUY,2012-08-06,3,203873.0
CHWD.OB,2008-04-04,3,650000.0
CHWY,2019-06-18,11,6468000.0
CHYR,2008-11-14,6,333037.25
CICN,2007-02-21,3,11258482.950000001
CICN,2007-10-12,5,4248066.57
CICN,2008-04-10,3,368488.64
CICN,2015-07-20,4,230000.0
CIDM,2019-11-21,4,57660000000000.0
CIE,2009-12-21,4,271325.0
CIE,2010-05-20,4,218841.3
CIE,2011-08-12,3,249888.24
CIE,2012-02-14,3,243375.0
CIFC,2014-01-02,3,181636362.0
CIISI,2012-01-04,3,292250.0
CIK,2017-12-28,5,881769.0
CIM,2010-02-12,3,305970.0
CIM,2011-02-14,5,241520.04000000004
CIM,2011-08-04,4,564210.0
CIM,2011-11-30,3,316400.0
CIM,2014-08-18,4,601325.0
CIM,2016-03-02,4,676894.0
CIM,2020-03-19,8,4989362.25
CINC,2022-01-13,10,76119200.0
CINC,2022-08-15,4,35160000.0
CINF,2008-08-15,3,1529930.0
CINF,2011-08-10,3,542945.0
CINF,2014-02-12,3,213326.4
CINF,2020-03-13,3,374341.0412
CINF,2022-08-05,3,246206.5
CING,2022-03-18,7,211010.82
CIO,2014-06-11,3,222700.0
CIO,2014-12-10,4,580610.0
CIO,2015-11-12,3,242438.5
CIO,2016-12-07,3,238503.0
CIO,2017-03-15,4,290185.0
CIO,2020-03-25,3,281100.0
CION,2021-11-24,3,289995.44
CION,2022-05-23,4,452416.45
CION,2022-08-24,6,212790.0
CION,2023-06-05,8,293867.55
CIR,2011-08-11,6,210347.49
CIRC,2007-11-15,3,637582.8400000001
CIT,2016-02-04,4,5123100.71
CIT,2019-08-14,3,851685.0
CIT,2019-11-15,7,1535000.0
CIT,2020-03-20,7,1472121.5899999999
CITP,2007-10-18,3,1079240.8199999998
CITP,2008-11-25,5,246433.0
CITZ,2011-06-03,3,210508.41
CIVB,2025-07-15,8,260142.5
CIVI,2025-05-12,7,2214384.0999999996
CIZN,2023-08-25,4,401741.46
CIZN,2024-02-16,3,305360.36000000004
CJES,2011-08-01,3,2958000.0
CJES,2014-11-14,3,12046820.969999997
CKH,2006-01-27,3,4177236.0
CKP,2011-06-14,3,316800.0
CKP,2012-05-25,3,220170.75
CKR,2007-11-02,3,7517500.0
CLAR,2025-08-15,3,1050230.0
CLAY,2006-05-22,3,398188.0
CLB,2014-08-04,3,1134529.1
CLBK,2018-04-23,14,4861030.0
CLBK,2018-11-02,4,273287.3
CLBK,2019-03-06,4,232951.5
CLBK,2019-06-17,8,547119.24
CLBK,2020-03-05,3,268473.5
CLCD,2015-05-12,3,21000000.0
CLCT,2007-01-10,3,935781.75
CLCT,2007-05-24,3,569045.0000000001
CLD,2009-12-01,6,200175.0
CLDA,2006-08-29,3,867133.27
CLDB,2015-03-20,4,450515.48939999996
CLDI,2025-08-25,4,455000.0
CLDN,2014-02-06,9,10475688.0
CLDT,2010-05-03,3,20124335.0
CLDT,2016-11-09,3,503090.00000000006
CLDT,2018-03-06,4,270485.25
CLDX,2009-12-03,4,207117.04
CLDX,2010-09-14,7,259991.0
CLF,2008-05-07,3,94475611.2
CLF,2011-08-12,3,534834.6
CLF,2012-05-22,3,368614.1
CLF,2014-09-15,4,341684.96
CLF,2015-03-04,4,850282.35
CLF,2016-11-04,6,215083.014
CLF,2017-05-04,8,1471892.5
CLF,2019-06-10,4,217110.0
CLF,2019-12-09,3,217518.7
CLF,2020-03-12,4,1004550.0
CLF,2021-12-01,3,1413350.0
CLF,2023-04-28,3,1627261.0
CLF,2024-06-13,4,614160.5
CLF,2025-03-10,3,243190.0
CLFC,2009-12-02,8,1399969.69
CLFD,2009-06-01,3,231090.9
CLFD,2015-11-30,3,272030.0
CLFD,2024-03-06,3,275670.38
CLGX,2012-10-29,3,455837.0
CLIR,2012-04-27,3,278200.0
CLIR,2018-02-28,4,324499.5
CLMS,2013-03-12,7,3395428.2156
CLMS,2013-06-10,7,867522.6318000001
CLMS,2013-12-06,4,394449.6369
CLMS,2014-03-11,4,6964554.556299999
CLMS,2014-06-09,4,3025772.5214000004
CLMS,2014-12-12,4,374065.5323
CLMS,2015-06-02,4,2947010.4839999997
CLMS,2015-11-25,5,1092259.4033
CLMS,2016-03-10,6,2106862.9222000004
CLMS,2017-01-25,3,602170.1599999999
CLMT,2006-02-02,8,1642600.0
CLMT,2008-05-16,6,825383.4000000001
CLMT,2010-05-11,3,407770.50999999995
CLMT,2011-09-14,6,1359000.0
CLMT,2016-05-11,3,317410.0
CLMT,2016-11-10,3,272994.61
CLMT,2022-08-12,3,266142.85
CLMT,2022-12-06,3,243335.0
CLNC,2019-11-13,4,2947630.0
CLNE,2007-12-14,4,10944584.0
CLNE,2013-12-09,3,223264.0
CLNE,2015-03-04,3,211902.0
CLNE,2016-08-17,4,226336.0
CLNE,2018-06-12,5,83601461.44
CLNE,2020-03-17,6,211089.03
CLNH,2020-09-09,6,6088420000.0
CLNN,2022-06-16,3,1091860.76
CLNN,2022-11-03,5,5849999.790000001
CLNN,2023-06-20,3,3200000.0
CLNN,2024-10-02,3,583390.25
CLNS,2018-03-07,4,246000.0
CLNY,2009-09-29,6,3227500.0
CLNY,2019-08-21,3,237342.0
CLNY,2020-08-14,3,512350.0
CLP,2007-04-27,4,9298960.0
CLP,2008-11-19,5,1892122.8
CLP,2009-03-09,5,813505.0
CLPR,2019-12-18,3,620130.2
CLR,2007-05-21,8,587255.0
CLR,2020-03-12,3,2031538.2400000002
CLR,2021-11-18,3,5747497.4799999995
CLRB,2014-08-22,3,1077416.25
CLRB,2016-04-21,4,865916.12
CLRO,2010-05-24,3,232422.0
CLRO,2012-06-01,3,409542.43
CLRO,2012-09-12,5,343788.6
CLRO,2020-12-16,4,223098.61
CLRT,2010-04-05,3,270131.6
CLSD,2016-06-07,3,9449993.0
CLSN,2011-05-31,8,444920.17
CLST,2021-10-14,10,1890000.0
CLST,2023-05-18,3,365600.85
CLTX,2014-04-11,3,755580.0700000001
CLUB,2010-11-09,4,235921.1
CLUB,2011-03-15,3,221000.62
CLUB,2011-08-10,3,298360.0
CLUB,2014-07-17,3,2870771.7199999997
CLUB,2014-11-18,3,1703828.64
CLUB,2016-01-06,3,809285.0
CLVS,2011-11-21,14,86701758.0
CLVS,2019-08-20,3,611970.01
CLVT,2025-03-14,3,554685.16
CLW,2009-03-06,5,274860.67
CLWR,2007-03-15,4,400000.0
CMBM,2019-06-28,3,54000000.0
CMC,2008-02-27,3,338975.0752
CMC,2008-11-03,3,265587.73
CMC,2011-11-14,3,217029.0
CMC,2015-01-27,5,286725.0
CMCO,2025-02-18,3,436503.5
CMCT,2014-04-30,4,571872.0
CMCT,2014-07-30,4,14247150.24
CMCT,2015-10-05,5,293766.73000000004
CMCT,2016-01-15,5,236100.6
CMCT,2019-12-05,3,333576.92
CMCT,2020-07-09,5,10651800.0
CMCT,2020-11-12,4,9521400.0
CMCT,2021-07-09,4,8933800.0
CMCT,2021-10-08,4,9320371.55
CMCT,2023-05-10,5,11237328.0
CMD,2020-01-23,3,481175.0
CME,2010-09-03,3,1998932.0
CMED,2009-03-18,3,2738510.0
CMFB,2008-08-18,6,213091.0
CMFN,2014-02-11,6,2303505.0
CMFN,2014-05-21,4,243293.01510000002
CMFN,2014-09-16,5,252756.47
CMFN,2014-12-16,6,366672.22
CMFO,2010-07-02,3,1127655.0
CMG,2006-01-30,9,5526500.0
CMG,2018-03-02,3,134819781.07999998
CMGI,2008-06-13,3,317425.3
CMK,2015-07-16,3,1159817.97
CMKG,2007-04-02,3,257849.68
CMLP,2014-12-09,3,357860.0
CMLS,2008-11-24,3,218270.16
CMLS,2011-09-22,3,11171283.58
CMLS,2015-05-21,3,3119920.3699999996
CMN,2008-03-10,6,286802.0
CMNN,2007-06-13,3,1059078.32
CMO,2006-06-05,3,290503.0
CMO,2006-09-08,3,986179.0
CMO,2018-10-31,6,947100.0
CMO,2020-05-06,3,348180.0
CMOH,2011-02-16,4,259658.45
CMP,2019-05-13,4,230475.6
CMP,2022-05-12,3,449392.6
CMPI,2020-08-13,3,12499995.0
CMPO,2022-04-25,3,13453902.48
CMPO,2022-10-12,3,1030856.81
CMPO,2025-02-14,3,29958449.88
CMPX,2022-05-10,3,444608.63999999996
CMRA,2022-09-12,3,251306.0
CMRA,2023-02-14,6,204649.86000000002
CMRA,2023-08-25,3,601156.8300000001
CMRG,2008-11-26,7,296958.0
CMRG,2011-12-19,3,327051.26
CMRO,2007-06-19,3,851546.67
CMRO,2007-11-29,3,507293.18999999994
CMRO,2008-04-25,3,667783.06
CMRX,2016-03-16,3,221500.0
CMRX,2019-05-29,3,256800.0
CMRX,2019-11-13,3,259600.0
CMRX,2020-03-17,3,223461.75
CMSB,2007-04-04,5,495610.0
CMSB,2010-08-11,3,328115.81
CMT,2018-11-21,5,201268.45
CMT,2020-12-31,3,1835577.83
CMT,2021-06-15,5,231433.09
CMTG,2021-11-09,7,6119889.05
CMTG,2024-05-29,5,1393140.0
CMTG,2025-03-13,3,463429.5
CMTG,2026-03-03,3,224300.0
CMTL,2009-03-23,6,650643.5
CMTL,2010-10-06,4,230398.75
CMTL,2011-06-16,3,557106.75
CMTL,2011-10-24,5,526013.0
CMTL,2022-07-21,5,289241.6
CMTL,2023-06-23,6,1024008.35
CMTV,2022-03-30,8,203250.0
CMTV,2024-08-05,3,423515.6696
CMTV,2026-02-03,5,227485.0
CMXI,2013-02-22,3,317100.05000000005
CNA,2009-11-20,3,4905115.72
CNAM,2010-10-05,3,1351051.9500000002
CNAT,2013-08-01,12,17183485.0
CNB,2006-02-14,3,259199.0
CNB,2007-12-19,4,1034262.5
CNB,2008-04-23,14,10966470.0
CNBC,2008-08-11,4,314063.2212
CNBC,2008-12-15,4,211780.0
CNBC,2009-03-16,5,438441.1500000001
CNBC,2009-06-15,4,409086.29000000004
CNBC,2009-10-14,10,5834078.9964000005
CNBC,2010-01-21,3,359000.68
CNBC,2010-06-08,4,523631.05
CNBC,2010-09-29,7,2137500.0
CNBC,2010-12-28,4,392752.97
CNBC,2011-08-22,6,349246.5
CNBC,2011-12-01,5,334818.0
CNBC,2012-03-26,5,220849.7975
CNBKA,2010-07-28,3,555096.5448
CNBKA,2014-09-08,3,337567.8463
CNBKA,2015-02-26,10,207767.13890000002
CNBKA,2015-05-27,10,296501.79030000005
CNBKA,2015-08-25,10,18662413.167399995
CNBKA,2015-11-23,9,387639.8447
CNBKA,2016-04-27,3,202575.443
CNBKA,2016-09-09,8,216620.7633
CNBKA,2016-12-09,8,260993.75850000003
CNBKA,2017-03-31,3,202187.98329999996
CNBKA,2017-06-29,3,393460.47990000003
CNBKA,2017-10-13,3,312525.16670000006
CNBKA,2018-01-12,3,744866.8157
CNBKA,2018-04-13,3,281892.4385
CNBKA,2018-07-16,3,256723.4633
CNBKA,2018-10-29,3,587755.1082
CNBKA,2019-01-29,4,1267462.2935000001
CNBKA,2019-06-03,7,407902.23919999995
CNBKA,2019-09-04,6,1249840.0636
CNBKA,2019-12-06,6,256127.79750000002
CNBKA,2020-03-09,6,1119311.1649000002
CNBKA,2020-06-11,6,2023488.9074
CNBKA,2020-09-15,6,623473.4525
CNBKA,2020-12-16,5,211542.2763
CNBKA,2021-03-29,3,520063.95680000004
CNC,2022-05-03,3,1734497.55
CNC,2023-02-10,3,1487091.0
CNC,2024-12-17,4,1003473.9299999999
CNCA,2007-03-07,4,8976331.28
CNCE,2014-02-21,8,17934000.0
CNCE,2022-06-06,3,1078497.0
CNDO,2012-06-26,8,1428000.0
CNDO,2014-11-10,3,1891750.0
CNDT,2019-05-23,3,56913133.87
CNDT,2020-05-15,3,221176.38
CNDT,2021-08-30,4,215104.85
CNDT,2022-05-06,3,289084.47
CNDT,2026-02-20,3,472400.0
CNFR,2016-02-18,6,254009.9
CNFR,2016-12-05,3,341755.0
CNFR,2017-10-02,5,2625000.0
CNFR,2019-07-02,5,2748808.3400000003
CNFR,2019-11-08,8,4176535.5
CNFR,2022-08-12,6,8000000.0
CNFR,2025-08-22,4,18100000.0
CNH,2025-11-19,3,700182.14
CNK,2020-03-19,3,5736897.3
CNMD,2017-03-14,3,545495.3
CNMD,2024-05-10,3,446732.92
CNNE,2018-11-26,3,1072908.26
CNNE,2019-12-09,5,2776488.0
CNNE,2020-06-17,7,9312525.0
CNNX,2014-10-01,7,1047200.0
CNO,2007-08-08,4,407655.0
CNO,2008-09-22,3,1494053.57
CNO,2009-04-06,5,300610.0
CNO,2010-03-03,3,349440.0
CNO,2011-08-11,3,690780.0
CNO,2020-03-24,5,470653.93
CNOB,2013-02-13,8,464800.0
CNOB,2015-11-13,3,234850.0
CNP,2015-05-18,3,638167.0700000001
CNP,2023-11-29,3,1413040.0
CNR,2019-06-03,4,586300.0
CNR,2020-03-17,4,646301.55
CNR,2021-08-18,3,1236250.0
CNSI,2014-06-12,6,3116657.87
CNSI,2014-09-12,5,311870.0
CNSI,2015-06-25,3,241100.2
CNSL,2017-08-18,3,283686.0
CNSL,2017-11-17,6,330625.5
CNSO,2009-08-28,3,972000.0
CNST,2018-07-23,5,12000015.0
CNTA,2021-06-04,10,69465000.0
CNTA,2021-11-18,3,464642.25
CNTY,2023-09-14,3,230944.96
CNUT,2007-03-30,3,19156790.32
CNVS,2026-02-17,7,525000.0
CNVY,2021-06-21,3,1591721.2
CNX,2015-08-03,3,114111828.1
CNX,2015-11-19,3,328229.6
CNX,2017-02-13,3,807585.0
CNX,2020-12-03,4,775704.0
CNXC,2015-07-08,9,721650.0
CNXR,2016-06-14,8,4256309.09
CNXR,2016-09-13,3,1701271.48
CNYC,2009-07-08,7,234500.25
COAG,2026-05-14,3,53650576.21
COBH,2008-11-24,3,308800.4
COBK,2008-06-12,3,226129.91999999998
COBK,2014-09-22,3,263095.85
COBZ,2009-07-20,5,1017999.0
COBZ,2009-11-27,3,205162.34
COCH,2026-02-17,6,8173460.0
COCO,2010-08-30,5,211130.0
COCO,2021-12-17,3,968954.0
COCP,2015-03-27,6,5561666.8
COCP,2016-03-17,7,3850500.5100000007
COCP,2016-09-06,3,2008200.5
CODA,2023-09-29,3,1104454.8
CODI,2006-08-14,3,4066108.75
CODI,2007-05-08,5,32097600.0
CODI,2008-05-19,3,582310.5
CODI,2008-11-20,4,227221.994
CODI,2009-05-19,5,239266.1052
CODI,2010-05-21,7,273878.08
CODI,2010-08-20,6,1983608.685
CODI,2011-04-18,3,592465.3208
CODI,2011-08-26,3,19695478.76
CODI,2012-05-17,6,484901.81
CODI,2012-11-16,4,324817.6
CODI,2014-01-06,5,303886.93
CODI,2014-12-17,3,823926.52
CODI,2015-12-31,3,648103.92
CODI,2017-01-05,6,1303946.2
CODI,2017-05-18,3,581520.0
CODI,2018-01-05,6,504511.36
CODI,2018-05-11,3,9583229.280000001
CODI,2018-11-20,3,855199.5
CODI,2020-01-06,6,618063.96
CODI,2021-01-05,7,817690.07
CODI,2022-01-05,6,618442.88
CODI,2023-01-05,8,843690.3899999999
CODI,2023-10-04,3,1122550.23
CODI,2024-01-19,8,795139.88
CODI,2024-05-29,5,850593.9600000001
CODI,2024-09-23,3,718668.0
COFS,2022-11-29,3,290819.25
COFS,2023-05-19,3,226190.0
COFS,2023-11-07,3,214330.9
COFS,2024-07-29,10,1285000.0
COFS,2026-03-12,4,248137.0
COG,2019-08-19,3,622618.75
COGT,2016-11-08,11,1109993.41
COGT,2017-03-23,4,258120.0
COGT,2017-12-06,3,219226.0
COH,2008-11-20,4,818170.0
COH,2009-03-06,3,887890.0
COLB,2007-01-19,4,244828.69
COLB,2008-02-08,4,239161.76
COLB,2024-01-30,6,650307.14
COLD,2018-01-25,3,6525000.0
COLL,2015-05-13,3,6000000.0
COMM,2018-05-07,3,594618.75
COMM,2018-11-14,5,835637.0
COMM,2020-03-16,3,588500.0
COMM,2021-08-17,3,1739893.5
COMM,2021-11-22,3,1373594.0
COMM,2022-03-03,3,246050.0
COMM,2022-06-03,3,577361.1799999999
COMM,2022-09-01,3,834534.1599999999
COMM,2023-05-11,3,369687.79000000004
COMM,2023-11-21,3,477020.97
COMM,2024-03-29,3,268760.2
COMS,2008-03-31,5,1669351.62
COMV,2012-04-13,3,1387879.24
CONE,2013-01-28,11,9980301.0
CONN,2014-04-14,3,10358736.55
CONN,2014-09-11,4,1175475.0
CONN,2015-10-19,3,819198.37
CONN,2016-02-05,8,20861032.14
CONN,2016-07-19,4,16299500.0
CONN,2019-06-05,5,972977.41
COO,2006-07-10,3,555962.0
COO,2008-01-10,3,1085210.0
COO,2008-10-14,5,254520.0
COO,2020-07-08,3,1057925.2
COO,2025-09-05,4,1079565.5
COO,2025-12-17,3,1072322.5
COOK,2021-08-04,5,3612009.0
COOL,2007-11-15,3,854415.6699999999
COOL,2008-02-14,3,206935.6
COP,2016-08-15,3,957430.0
COPY,2011-02-10,4,604800.0
COPY,2014-01-27,4,220342.47999999998
COR,2010-10-12,7,679200.0
COR,2011-08-11,3,220665.76
CORE,2018-05-23,4,421460.0
CORR,2014-12-01,3,240137.6
CORR,2015-04-16,4,541042.0
CORS,2008-05-15,4,709470.0
CORT,2006-03-17,3,382862.0
CORT,2006-12-15,10,3920373.0
CORT,2007-04-03,6,2760000.0
CORT,2007-08-20,4,3049999.4999999995
CORT,2008-03-27,16,30229552.92
CORT,2009-02-10,16,12056891.64
CORT,2009-10-20,15,12345867.14
CORT,2014-05-12,4,797232.75
CORVF,2015-10-19,4,1435000.0000000002
CORZ,2024-03-18,3,490868.0
CORZ,2024-09-10,3,717502.28
COSH,2012-02-14,3,36026740.0
COSI,2010-02-03,10,200838.5
COSI,2012-07-24,11,1647310.6
COSN.PK,2006-08-23,3,209422.8
COSN.PK,2009-08-13,3,7810987.08
COSO,2025-07-07,12,3529762.5
COT,2009-03-20,4,1199519.78
COT,2017-03-07,3,1553163.2
COT,2019-02-28,3,1463338.6
COTE,2014-06-18,3,410604.77999999997
COTE.OB,2011-04-08,3,340077.4767
COTY,2015-09-03,3,63358382.93
COTY,2016-08-19,3,34431464.199999996
COTY,2017-02-17,3,78074776.9
COTY,2017-06-19,3,2645891.45
COTY,2017-12-13,3,138518960.0
COTY,2018-11-16,3,68439904.43
COTY,2019-05-14,6,1817066337.7800002
COTY,2019-09-04,4,13280781.43
COTY,2020-11-24,3,6511800.0
COTY,2022-03-14,3,2882668.4399999995
COTY,2023-10-06,3,38010945.0
COTY,2025-08-28,3,1195420.0
COUP,2016-10-14,3,9953000.0
COUR,2021-04-07,3,29700000.0
COV,2007-08-20,3,650272.0
COV,2010-08-23,3,739420.0
COWN,2007-08-06,4,368252.62
COWN,2007-11-28,5,230232.5
COWN,2008-03-07,5,267681.0
COWN,2008-06-12,4,252949.84
COWN,2009-12-22,7,1137500.0
COWN,2020-03-11,6,412420.0
COYN,2016-01-28,5,520010.0
CPAA,2019-07-24,3,800000.0
CPAH,2008-08-11,3,3574956.5
CPAH,2015-09-11,3,1450000.0
CPAH,2016-12-22,3,1115985.75
CPAH,2017-07-24,4,441914.0
CPE,2013-04-11,5,238011.93
CPE,2020-03-12,3,2849499.0
CPEX,2008-08-26,3,658878.3800000001
CPEX,2010-01-08,3,634597.09
CPF,2007-06-14,4,228178.44
CPF,2007-11-06,5,232497.4
CPF,2008-06-13,9,275471.35
CPF,2011-02-22,4,1625000.0
CPF,2011-08-09,3,226473.74
CPF,2016-08-04,6,437319.0
CPF,2017-06-14,5,340689.6
CPF,2018-06-19,6,420180.0
CPF,2019-06-11,7,415092.0
CPHD,2006-08-14,6,328770.0
CPHD,2009-02-26,4,536550.0
CPHL,2007-03-30,5,2473395.5
CPII,2008-02-13,3,658866.23
CPK,2006-03-08,7,207708.93
CPK,2006-12-05,5,424151.5
CPK,2010-05-14,6,244959.8
CPLA,2006-11-17,8,6602421.6
CPN,2008-02-11,3,44954405.0
CPN,2008-08-19,3,74773669.89
CPN,2008-11-21,7,73626165.4
CPN,2009-02-20,4,13822161.379999999
CPPL,2015-02-13,6,2125200.0
CPRX,2008-02-11,4,225585.0
CPRX,2012-05-29,5,260000.0
CPRX,2012-12-12,4,3812340.0
CPRX,2014-06-04,3,282550.0
CPRX,2015-01-22,3,232160.0
CPRX,2018-12-19,3,243600.0
CPS,2006-07-28,5,498340.0
CPS,2022-03-10,3,711863.0
CPSH,2025-10-09,5,201498.0
CPSI,2009-03-16,3,473316.5
CPSI,2012-05-29,3,454328.0
CPSI,2013-02-07,3,560878.0
CPSS,2022-03-08,3,4057445.28
CPTA,2013-11-29,3,499838.55000000005
CPTA,2014-05-20,4,1574796.1400000001
CPTA,2014-12-18,3,524045.0
CPTA,2015-05-20,4,287288.15
CPTA,2015-08-21,3,220999.5
CPTA,2017-08-15,6,385550.51
CPTH.OB,2008-05-29,7,296584.6
CPWM,2007-09-06,10,2098965.8999999994
CPWM,2007-12-10,5,864962.29
CPWM,2008-10-27,3,744606.7000000001
CPWM,2011-06-06,3,3941964.0
CPWR,2006-03-15,3,1160292.28
CPX,2006-04-26,6,4545600.0
CPX,2008-12-23,3,447313.26
CPX,2009-03-25,3,1830360.0
CPY,2007-09-25,3,27194054.36
CPZ,2021-03-02,3,318597.07
CPZ,2021-06-22,3,1242657.99
CQB,2008-11-25,3,684503.0
CQB,2009-02-27,3,369662.0
CQB,2011-08-15,3,1242666.0
CQP,2007-03-22,6,5134500.0
CQP,2008-10-14,3,280871.66000000003
CQP,2017-12-26,4,9993852.44
CQP,2020-03-12,3,26528657.849999994
CQP,2021-01-05,3,9986721.120000001
CQP,2021-09-28,4,2427580.0
CQP,2023-03-31,3,16074000.02
CR,2026-02-02,4,987470.02
CRA,2011-04-14,3,8443939.5
CRBC,2007-07-23,3,446112.10000000003
CRBC,2008-06-17,4,269902.58
CRBN.OB,2012-08-30,3,1056349.8
CRBP,2014-12-02,4,201676.93
CRBP,2016-08-22,3,620518.4
CRBP,2017-11-17,5,276055.55
CRBU,2021-10-21,3,250252.77000000002
CRC,2014-11-14,4,311778.4
CRC,2018-03-01,3,545615.4
CRC,2019-05-29,4,480345.1
CRC,2021-06-08,4,8655870.0
CRCT,2021-06-16,3,19905650.189999998
CRCT,2021-09-17,4,66628383.260000005
CRCT,2021-12-22,4,26310972.82
CRCT,2022-03-22,3,14036773.38
CRDA CRDB,2011-08-16,7,205667.90000000002
CRDA CRDB,2012-02-23,3,1105823.0
CRDA CRDB,2020-09-01,3,325770.64999999997
CRDA CRDB,2022-08-17,3,219090.0
CRDA-CRDB,2020-06-15,3,225751.19999999998
CRDC,2007-06-11,3,2530474.32
CRDC,2009-10-02,6,1272455.0
CRDC,2012-02-14,11,1757606.3999999997
CRDC,2013-03-22,13,15301387.500000004
CRDC,2016-02-29,5,303171.80000000005
CRDF,2020-05-18,8,810000.96
CRDF,2021-03-24,5,225276.7
CRDF,2022-09-19,3,320500.0
CRDF,2024-12-18,3,1011134.96
CRDO,2022-02-02,3,201500.0
CRDS,2014-09-29,3,217527.02000000002
CRDS,2014-12-31,3,277285.0
CREE,2015-06-08,3,479358.06
CREE,2016-10-24,3,444900.0
CRESY,2026-05-21,3,1094376.01
CRFN,2008-06-16,6,1011470.0
CRFN,2013-05-29,6,200400.0
CRFT,2009-03-09,5,207576.41999999998
CRGE,2023-05-15,5,278550.0
CRGX,2023-11-16,3,39999975.0
CRGY,2022-08-15,5,1212232.8399999999
CRGY,2022-11-16,6,268464.9
CRGY,2023-11-13,4,249584.43
CRGY,2024-09-09,5,461576.63
CRI,2010-12-02,3,37545100.82000001
CRI,2011-09-06,3,41529442.81
CRK,2014-11-07,4,309880.0
CRK,2015-08-12,6,1818372.9
CRK,2020-05-14,3,663250.0
CRK,2022-09-16,3,2389700.0
CRK,2023-03-24,3,450400.0
CRK,2024-08-22,3,118078017.42
CRMD,2017-08-22,3,222206.94
CRMD,2017-12-14,8,274998.24
CRMD,2018-11-30,4,487245.0
CRMD,2020-08-17,5,227271.95
CRMH,2006-05-19,3,233263.7
CRMH,2008-12-22,3,232045.24
CRMT,2017-08-07,3,1492396.8
CRMT,2024-04-15,3,2166823.9
CRMT,2024-09-20,3,11052935.0
CRN,2007-11-28,3,736999.0
CRN,2008-03-20,4,375402.1
CRNX,2018-07-20,4,15364421.4
CROL,2011-10-14,11,818730.0
CROL,2014-03-27,10,34133781.0
CROL,2014-12-11,10,488039.3
CROX,2014-11-04,3,346600.0
CROX,2015-11-16,3,394500.0
CROX,2020-03-12,3,525546.75
CROX,2022-03-07,3,3045739.84
CROX,2023-08-11,3,1606847.99
CRR,2014-08-20,3,570780.6
CRR,2017-05-03,3,209940.0
CRR,2019-08-07,3,225838.5
CRRB,2006-05-02,5,214215.25
CRS,2020-03-19,4,438785.0
CRSP,2016-10-26,3,13064100.0
CRSR,2022-11-17,3,104999994.0
CRT,2026-04-02,3,1121022.73
CRTD,2020-12-11,4,257041.75999999998
CRTD,2022-03-03,4,377499.5
CRTX,2020-03-12,3,568225.0
CRUS,2008-02-13,3,778730.77
CRVO,2025-11-17,4,301571.31999999995
CRVS,2016-03-29,4,22500000.0
CRVS,2016-06-27,3,2794550.42
CRVS,2018-03-13,4,20849990.0
CRVS,2019-07-01,4,5071015.82
CRVS,2021-02-19,3,9349998.0
CRVW,2012-08-24,3,375371.0
CRVW,2015-12-08,3,447070.76
CRVW,2016-11-28,3,395500.0
CRVW,2017-04-26,4,335327.39
CRVW,2022-11-21,4,200000.0
CRWD,2019-06-18,4,71060000.0
CRWN,2006-05-25,6,226870.0
CRXX,2008-11-12,3,2104559.0
CRY,2020-10-01,3,458350.0
CRYM,2021-11-18,3,361919.62
CRYO,2007-04-26,4,1985109.1199999999
CRZ,2007-08-15,4,302414.0
CRZ,2008-11-26,3,242009.68
CSA,2008-12-12,3,216664.0
CSAR,2006-06-20,3,272509.0
CSAR,2007-09-07,3,509084.53
CSBB,2021-06-07,5,232925.0
CSBB,2024-03-08,4,220948.0
CSBB.OB,2014-05-23,3,268654.65
CSBK,2014-04-02,10,1485000.0
CSBQ,2010-10-29,7,480000.0
CSBR,2013-01-30,4,7500000.0
CSCA,2007-11-28,3,7945088.000000001
CSE,2007-12-04,4,53491268.0
CSE,2008-07-01,5,201949000.0
CSFL,2007-02-27,3,1447501.9
CSFL,2007-08-06,3,232447.49
CSFL,2007-11-09,3,497244.3
CSFL,2009-08-03,14,1495000.0
CSFL,2017-09-13,3,260031.0
CSFL,2018-12-14,3,252555.0
CSFL,2020-02-04,3,347850.0
CSFL,2020-05-14,3,403297.68
CSG,2013-08-15,4,257111.0
CSG,2013-12-13,4,237123.0
CSGP,2026-03-03,3,3432194.4000000004
CSHB,2016-03-30,7,3281274.2699999996
CSII,2011-10-25,3,1726822.55
CSLT,2015-11-16,3,8640808.459999999
CSLT,2020-03-12,3,353617.19999999995
CSNT,2007-08-16,3,2061610.0
CSPR,2020-02-12,3,30199992.0
CSPR,2020-08-17,3,271500.0
CSQ,2006-05-03,3,312583.0
CSR,2022-06-01,4,231185.9
CSS,2016-06-03,3,289507.57999999996
CSSE,2018-12-03,3,532310.73
CSTL,2006-08-01,3,303139.44
CSTL,2019-07-31,5,12405920.0
CSTR,2007-12-28,3,2612975.0000000005
CSTR,2016-09-23,4,225585.0
CSTR,2019-09-11,9,3399985.35
CSU,2019-03-15,7,225664.99
CSV,2007-01-05,3,304725.48000000004
CSV,2007-07-09,4,519479.7184
CSV,2008-02-11,6,619990.08
CSV,2015-08-11,5,259675.2
CSV,2018-11-07,4,1213389.79
CSV,2020-03-17,6,222228.82
CSV,2021-01-04,3,917160.0
CSV,2023-01-03,4,208160.0
CSWC,2007-08-28,3,925064.48
CSWC,2016-01-13,3,1303463.32
CSWC,2020-03-19,4,632859.5700000001
CSWC,2024-06-04,3,260851.0
CSWI,2016-03-14,3,550198.8
CT,2007-08-03,3,36819294.23
CT,2008-08-06,3,2767096.7199999997
CTBI,2007-04-24,4,401720.17
CTBI,2009-03-11,4,464236.12
CTBI,2011-09-07,3,376234.4741
CTBI,2023-04-27,5,399257.90669999993
CTBI,2024-01-25,12,332064.17819999997
CTBI,2024-08-08,3,696819.8828000001
CTCT,2011-08-10,3,360150.0
CTCX,2023-12-18,8,206365.00000000003
CTDH,2020-04-27,6,623003.0
CTEV,2025-05-16,3,741824.45
CTEV,2025-11-19,3,426283.0
CTEV,2026-03-02,3,638682.5
CTEV,2026-06-10,4,493447.15
CTF,2016-11-14,3,697896.23
CTGI,2008-09-25,3,276839.23
CTGI,2009-10-16,3,514909.6600000001
CTGO,2024-12-12,3,429893.88
CTHR,2014-08-18,3,421063.49999999994
CTHR,2014-12-29,6,352621.77
CTHR,2017-06-08,3,233520.40000000002
CTHR,2020-09-17,4,274340.6
CTHR,2023-12-11,3,205825.47
CTKB,2021-07-29,5,50343800.0
CTKB,2022-02-25,3,20683235.22
CTL,2011-08-09,3,695220.0
CTL,2016-11-14,3,1542432.5
CTL,2017-12-08,8,2889820.0
CTL,2019-03-06,3,1853470.0
CTL,2020-03-16,4,701200.0
CTLM,2007-03-05,3,365490.56
CTLM,2007-08-22,3,240045.75
CTLM,2008-02-26,3,260319.21000000002
CTLP,2022-05-25,3,900004.3699999999
CTLP,2024-10-01,3,2195754.84
CTLT,2019-05-30,3,2542845.0
CTM,2022-12-02,5,3308311777.0
CTM,2023-03-23,6,1019998090.25
CTMM.PK,2009-11-17,3,212912.14
CTMM.PK,2010-05-24,3,667028.14
CTMX,2015-10-16,4,7776000.0
CTO,2014-03-17,6,206877.85
CTO,2014-11-07,6,208060.82559999998
CTO,2021-08-16,3,271590.0
CTO,2023-03-13,4,265180.44
CTOS,2021-04-05,10,1493100000.0
CTOS,2022-05-16,3,2335296.73
CTOS,2023-11-14,3,835300.0
CTOS,2024-05-08,3,253160.0
CTOT.OB,2010-08-11,5,475000.0
CTR,2012-07-18,3,420000.0
CTRE,2015-08-17,4,1354500.0
CTRI,2024-04-22,8,2880150.0
CTRN,2021-12-23,3,307284.0
CTRN,2023-12-04,3,8278592.5
CTRN,2024-04-12,3,5666400.49
CTRN,2024-07-12,4,12541227.71
CTSO,2023-12-15,8,305002.25
CTT,2013-12-19,5,749857.5
CTT,2018-12-13,6,212470.8
CTTG,2011-12-08,3,300000.0
CTUM,2006-07-11,3,202299.95
CTUM,2007-01-09,5,280000.0
CTUY,2010-10-01,12,1674500.0
CTV,2023-05-25,3,255946.2
CTVA,2019-11-06,4,470899.0
CTVA,2020-03-02,3,1216100.0
CTVA,2020-08-12,3,227172.0
CTVA,2023-11-15,3,229086.3
CUB,2016-02-10,4,378218.74
CUB,2019-05-13,5,369147.5923
CUB,2019-12-03,4,221159.42479999998
CUB,2020-05-18,6,263503.0
CUBA,2011-08-09,3,310091.64
CUBA,2020-03-23,3,249419.35
CUBA,2025-03-10,5,395598.60000000003
CUBI,2013-05-21,5,1094997.75
CUBI,2023-03-14,3,660150.0
CUDA,2013-11-12,7,33157348.58
CUE,2018-12-26,3,401382.13
CULP,2024-07-10,4,331680.0
CULP,2024-12-20,5,254515.30000000002
CULP,2025-03-20,4,1288465.83
CUO,2009-11-03,5,154200744.0
CUO,2012-03-01,4,1196387.05
CUR,2010-01-25,3,387194.51
CURO,2017-12-13,5,1204000.0
CURO,2023-06-15,3,278000.0
CUTR,2018-05-11,3,372281.0
CUTR,2021-12-03,4,219145.85
CUZ,2007-08-27,3,830651.84
CUZ,2007-11-26,3,2255930.0
CUZ,2008-11-20,3,661540.0
CUZ,2009-09-23,3,2412300.0
CUZ,2015-09-14,4,1384130.0
CVA,2015-12-15,3,2121552.2
CVA,2016-12-14,3,760640.0
CVA,2017-05-01,3,1216300.0
CVBF,2023-08-25,3,5040220.9399999995
CVBF,2024-02-06,3,1067144.78
CVBT,2006-03-31,4,320345.0
CVC,2008-11-21,3,608148.94
CVCO,2026-02-05,3,866594.0
CVCY,2020-09-10,4,228330.51
CVCY,2023-05-02,7,354525.80999999994
CVEO,2014-09-30,3,508800.0
CVG,2007-09-05,5,213707.0
CVG,2008-11-12,3,9055937.870000001
CVGI,2008-11-12,3,213595.15000000002
CVGI,2011-08-10,3,222055.0
CVGI,2013-09-05,3,1189060.3
CVGI,2014-11-19,3,317197.0
CVGW,2006-03-30,3,330989.75
CVGW,2008-10-07,3,273598.0
CVGW,2025-04-15,3,832690.3899999999
CVH,2008-10-27,4,795608.0
CVI,2007-10-24,5,218500.0
CVI,2011-01-19,3,374291.69999999995
CVI,2025-04-15,3,28393148.57
CVLY,2015-12-17,5,292300.0
CVM,2021-07-07,4,257980.0
CVNA,2017-05-03,5,23131173.33
CVNA,2022-05-18,3,568733875.0
CVNA,2022-11-14,3,1342300.0
CVO,2006-03-06,3,865086.0
CVO,2006-08-15,3,357851.0
CVO,2006-11-30,3,1988204.0499999998
CVO,2007-03-05,3,1848784.5
CVO,2007-08-13,6,1904600.5
CVO,2007-11-28,3,702354.75
CVO,2008-04-02,3,1215137.4800000002
CVO,2008-09-30,4,1057247.08
CVO,2009-05-13,4,389130.0
CVO,2009-08-31,4,434802.5
CVO,2010-02-05,4,657082.0
CVO,2010-11-22,3,304092.0
CVO,2011-04-01,5,457355.7400000001
CVO,2011-08-15,4,300660.0
CVO,2011-11-30,3,272482.0
CVO,2012-03-29,3,214445.0
CVO,2012-09-10,5,420306.16000000003
CVO,2013-12-10,3,207629.0
CVO,2014-03-24,3,328041.97000000003
CVO,2014-11-13,4,252025.42
CVO,2015-06-08,3,304228.0
CVO,2016-05-17,4,262135.86
CVO,2016-09-01,3,229711.55
CVO,2017-05-17,3,1200750.88
CVO,2017-09-05,3,349415.85
CVON,2018-02-26,3,11000000.0
CVRR,2013-01-18,4,100900000.0
CVRS,2017-03-02,3,14963723.28
CVRS,2019-03-14,3,8794160.4
CVRX,2021-07-02,3,9477743.5
CVRX,2025-05-14,3,1009237.77
CVS,2019-03-11,4,1677085.9
CVT,2013-08-13,3,273000.0
CVU,2006-05-11,3,599733.0
CVX,2015-08-26,3,967707.7
CW,2006-07-10,10,249297.94559999998
CW,2007-07-09,10,256461.1978
CW,2008-07-14,9,228340.8898
CWAN,2021-09-30,10,304326.0
CWAN,2022-06-09,7,7802949.1
CWBC,2007-02-07,3,508594.3
CWBC,2007-06-13,3,662336.0
CWBC,2008-03-26,3,219154.6
CWBC,2013-06-04,5,822290.0
CWBC,2024-06-11,7,262402.56
CWBS,2006-10-30,3,453960.0
CWBS,2008-12-02,3,1151148.17
CWBS,2009-05-14,3,501750.0
CWEI,2006-01-05,4,1348011.7200000002
CWEI,2008-03-05,4,1881004.84
CWEI,2010-01-29,3,298869.0
CWEI,2016-04-07,3,3282293.02
CWEN,2019-03-08,3,283563.0
CWGL,2015-09-04,3,224887.61
CWGL,2016-04-08,7,219787.36
CWGL,2016-09-26,3,246550.9
CWGL,2017-03-28,3,1284511.85
CWGL,2018-05-18,3,208350.64
CWGL,2025-11-24,4,1061449.36
CWH,2018-05-16,3,647900.0
CWH,2018-11-13,3,373087.0
CWH,2019-03-21,3,2406215.1399999997
CWH,2019-08-20,3,822711.1
CWH,2020-03-09,4,1394700.0
CWH,2020-06-08,3,383251.12
CWH,2020-09-08,4,3059041.1300000004
CWLZ,2007-09-11,4,222800.0
CWPC,2006-07-07,3,205870.0
CWT,2010-03-03,18,1309631.4809999997
CWT,2011-03-02,19,1489502.3343999998
CWT,2012-03-07,19,1617840.4000000004
CWT,2013-03-06,19,1428529.9338000002
CWT,2016-03-03,4,205638.15720000002
CWTR,2009-03-19,3,221374.64
CWTR,2011-10-20,5,7027371.6
CXDO,2021-12-08,3,225547.5
CXDO,2023-06-09,4,245424.44
CXM,2021-06-29,6,84359392.0
CXO,2019-08-07,3,1286040.0
CXP,2013-12-06,3,251131.75
CXP,2020-03-12,4,422101.02
CXPO,2011-08-24,3,216614.77999999997
CXR,2009-05-22,4,198288422.4
CXS,2009-11-18,5,350945.0
CXS,2011-08-16,7,599126.5
CXW,2009-03-06,4,587070.0
CXW,2016-08-19,3,224642.0
CY,2017-09-14,3,834100.0
CYAN,2016-03-23,3,408403.17
CYBI,2008-03-07,3,390171.60000000003
CYBI,2008-07-30,3,3780000.0
CYBI,2008-12-08,3,540720.0
CYBI,2009-03-09,3,277312.5
CYBI,2009-12-04,3,372000.0
CYBI,2010-06-11,3,2352264.3
CYBX,2012-06-19,3,1698665.35
CYBX,2012-09-18,4,636580.0
CYBX,2012-12-19,4,671167.1
CYCC,2008-03-21,4,814290.0
CYCC,2013-05-22,3,439212.2
CYCN,2019-04-10,3,24036028.67
CYCN,2021-06-07,3,6733853.5200000005
CYH,2011-11-04,7,2485866.0
CYH,2018-01-11,3,7868059.91
CYH,2019-05-29,3,3700568.85
CYN,2007-11-02,4,237670.91999999998
CYS,2009-06-15,6,617514.0
CYT,2021-06-24,3,14999958.0
CYTH,2021-04-16,5,226680.0
CYTH,2021-12-15,3,213683.44
CYTH,2023-04-24,4,318864.55000000005
CYTR,2012-02-24,7,235015.04000000004
CYTX,2006-08-22,3,11016224.45
CYTX,2006-12-14,4,205324.86000000002
CYTX,2008-08-14,3,6179502.46
CYTX,2012-12-21,3,219450.0
CZFC,2006-11-09,15,1195488.0
CZN,2007-09-24,3,349199.0
CZNC,2009-11-25,19,350000.0
CZNC,2017-09-12,4,271339.61
CZR,2018-08-08,4,1199150.0
CZR,2018-12-21,4,838123.25
CZWI,2006-11-02,7,566650.0
CZWI,2017-09-13,4,215982.56000000003
D,2006-02-01,4,1738480.0
D,2006-05-25,3,385789.05
D,2009-03-06,4,607377.12
D,2011-08-08,3,293833.8888
D,2012-01-31,4,881398.0
D,2014-05-22,3,625785.9029
D,2015-02-24,4,3232203.7588
D,2021-11-29,3,436647.8952
DAEG,2011-07-29,4,246479.80000000002
DAL,2013-08-21,3,401300.0
DALS,2021-08-03,5,62500000.0
DAN,2008-03-25,3,323362.0
DAN,2011-08-10,3,336024.5
DAR,2006-03-28,3,225778.0
DAR,2020-03-20,3,223240.0
DAR,2023-03-16,3,398188.0
DAR,2023-11-16,3,589688.4
DASH,2020-12-15,4,102040973.4
DASH,2022-03-10,4,199851908.12
DAVE,2015-04-02,3,927463.33
DAVE,2016-07-21,3,862470.0
DAVE,2017-08-22,4,229164.00000000003
DAWN,2021-06-02,5,8608000.0
DAWN,2022-06-22,3,41000010.0
DBD,2017-07-26,5,221100.0
DBD,2018-05-24,3,547910.0
DBD,2019-03-05,3,606134.2999999999
DBD,2019-10-31,6,429848.0
DBD,2020-03-06,4,281530.0
DBD,2022-05-12,6,588747.88
DBD,2024-11-12,3,303629.12
DBD,2026-05-27,3,249138.01000000004
DBI,2020-03-19,3,1115498.4
DBTX,2021-02-19,5,75749976.0
DCA,2006-03-10,3,239220.0
DCA,2016-03-23,3,1920805.9000000001
DCA,2016-07-13,3,523339.92000000004
DCBF.OB,2012-12-21,10,629424.4
DCBF.OB,2014-06-26,3,299996.31
DCF,2018-10-29,3,277290.0
DCO,2012-05-11,4,216880.0
DCO,2020-03-19,3,1785180.0
DCOM,2006-08-02,3,365030.0
DCOM,2009-05-14,8,320525.08999999997
DCOM,2020-02-06,14,1230000.0
DCOM,2021-02-05,3,9253530.52
DCOM,2021-09-07,3,9341619.290000001
DCOM,2023-05-18,4,525270.216
DCP,2006-05-08,12,661500.0
DCP,2017-11-20,3,950000.0
DCP,2020-03-10,6,959816.25
DCT,2006-12-19,6,1673105.0
DCT,2007-06-14,4,207761.0
DCT,2020-11-24,8,1954800.0
DCTH,2007-06-04,4,399748.58999999997
DCTH,2009-11-20,3,475200.0
DCTH,2012-06-04,7,325664.5
DCTH,2015-07-28,4,207965.5
DCTH,2020-12-14,5,251213.0
DCTH,2021-06-30,3,6036322.5
DCTH,2022-01-03,3,229992.0
DCTH,2022-04-20,5,204962.0
DCTH,2022-12-16,3,260159.09999999998
DCTH,2023-11-21,4,560900.0
DD,2015-06-16,3,1166158.1
DDE,2008-01-28,3,1274378.81
DDE,2008-04-30,3,1807264.5299999998
DDIC,2007-08-13,4,834775.86
DDIC,2008-03-03,5,360764.1
DDIC,2008-12-05,3,250715.7
DDIC,2009-04-30,3,221276.23
DDMG,2011-11-28,3,10562128.5
DDOG,2019-09-23,5,2295000.0
DDR,2008-11-12,3,1615684.0
DDR,2011-08-10,3,1396178.0
DDR,2013-11-18,3,235926.0
DDR,2016-11-15,3,4675104.89
DDR,2017-03-24,3,1099400.0
DDR,2017-06-22,4,5899599.75
DDS,2008-10-27,5,1712900.0
DEA,2015-02-13,4,1381500.0
DEA,2015-08-26,3,1730419.2
DEAR,2006-11-09,3,542774.0800000001
DECK,2006-05-17,4,324746.1
DEI,2006-11-01,10,9244200.0
DEI,2022-09-06,3,1503500.0
DEIX,2006-04-14,8,523200.0
DELL,2013-08-16,3,51816126.70550001
DEP,2008-08-28,3,2566389.0
DEP,2008-12-15,3,1026798.32
DEP,2010-02-22,4,1280724.868
DERM,2014-10-08,15,15952128.0
DERM,2023-09-25,3,377730.88
DERM,2024-03-25,3,206900.0
DEST,2009-12-03,3,490555.0
DF,2007-04-03,3,9545969.81
DF,2010-06-01,3,620902.0
DFG,2008-11-24,3,3429040.3
DFH,2021-01-27,8,4095000.0
DFIN,2020-03-11,3,555168.0
DFIN,2022-05-11,3,26374413.49
DFP,2013-08-16,4,833140.0
DFP,2013-11-25,3,228739.0
DFP,2015-06-23,3,455187.04
DFR,2006-04-12,3,3618603.0
DFRG,2015-07-27,4,419812.0
DFRG,2017-07-27,3,557054.41
DFRG,2017-10-25,3,339136.0
DFRG,2018-05-14,5,514199.9
DFRG,2018-08-13,9,480451.0
DFRG,2019-05-14,3,2986150.0
DFS,2008-10-10,3,621483.0
DFS,2020-01-27,3,1612587.68
DFT,2007-10-26,4,3198300.0
DFT,2008-03-06,3,2081667.0
DFT,2008-11-13,5,652804.3
DG,2009-11-20,5,996294.0
DG,2011-06-09,4,208896.80000000002
DG,2015-09-14,3,3428139.0
DG,2023-06-12,3,1576666.2000000002
DGI,2014-12-15,3,234651.78
DGI,2015-11-03,6,408412.5
DGICA,2011-05-25,3,2178924.81
DGICA,2011-11-15,4,280249.52999999997
DGIT,2011-12-08,5,365050.0
DGIT,2013-03-01,3,2260285.13
DGITD,2006-06-12,4,203285.44
DGSE,2012-11-20,3,642507.0
DGTC,2012-09-14,3,878870.0
DGTC.OB,2009-11-24,3,1194073.22
DGTC.PK,2007-03-30,3,1450912.05
DHG,2010-03-24,3,1525200.58
DHIL,2024-07-01,3,207541.0
DHX,2008-02-21,12,44113507.75
DIAL,2013-01-03,7,499996.0
DICE,2021-09-20,3,27897000.0
DIET,2006-06-15,3,1967380.04
DIET,2009-07-17,3,500000.0
DIL.NZ,2009-04-01,4,1572943.12
DIL.NZ,2009-09-29,3,260458.80000000002
DIL.NZ,2010-02-17,3,1800000.0
DIN,2008-09-12,3,9391080.56
DINE,2008-07-28,4,3530117.0
DIO,2006-05-01,4,232325.0
DIO,2007-01-04,7,333553.0
DIO,2007-07-31,7,333553.0
DIOD,2008-11-20,3,768651.9
DIRI.OB,2011-12-01,4,221850.0
DISCA,2008-11-12,3,14286637.76
DISCA,2017-08-22,3,1243300.0
DK,2006-05-08,7,1723200.0
DK,2009-03-13,3,1553208.0
DK,2009-08-24,3,1526503.6199999999
DK,2009-12-16,4,2196279.0
DK,2025-03-14,4,220610.55
DKAM,2007-04-03,3,428915.25
DKL,2012-11-07,9,2562000.0
DKL,2016-11-23,3,2703312.01
DKL,2017-03-13,3,1221994.63
DKL,2024-10-15,4,274911.0
DKNG,2021-11-22,3,2600270.0
DKS,2008-07-16,3,1229760.81
DKS,2014-05-29,3,5969466.0
DLA,2022-12-05,5,209590.0
DLHC,2019-12-26,3,207588.0
DLIA,2006-06-09,3,2541790.27
DLM,2007-12-20,3,306581.5
DLM,2008-10-20,5,428520.0
DLNO,2013-10-18,7,221600.0
DLPH,2018-12-10,3,334420.0
DLR,2013-11-18,4,1664370.18
DLTR,2018-06-19,3,647082.5
DLTR,2021-06-10,3,851326.6799999999
DLX,2008-08-06,3,501739.4
DM,2007-08-09,9,1683391.9
DM,2014-10-22,8,5147100.0
DM,2015-10-06,3,9824521.58
DMAC,2021-08-17,5,301827.75
DMAC,2022-12-06,3,3671337.5399999996
DMAC,2023-06-26,6,693246.9099999999
DMAC,2025-07-25,3,16799996.5
DMLP,2015-08-13,3,312247.50999999995
DMLP,2016-09-21,3,216252.5
DMLP,2017-07-05,7,4710461.0
DMLP,2019-08-16,3,390627.04000000004
DMLP,2020-03-04,3,470063.22000000003
DMLP,2022-12-08,3,672099.8
DMLP,2024-06-18,3,476593.3
DMLP,2024-12-12,3,1741393.0
DMLP,2025-11-28,3,239160.81
DMND,2006-09-29,3,208272.68000000002
DMND,2008-10-01,4,247537.3
DMND,2010-10-08,3,257059.45
DMND,2011-10-13,5,257959.6
DMTX,2015-10-29,3,17699994.0
DNAI,2015-07-21,5,17170000.0
DNB,2020-07-07,7,10236600.0
DNB,2021-08-11,3,2255589.74
DNBF.OB,2006-05-19,8,209407.75449999998
DNBK,2008-01-11,21,3497780.0
DNBK,2008-05-23,4,232966.0
DNDN,2006-06-16,4,248950.0
DNP,2008-10-09,3,434870.0
DNP,2016-07-26,3,2480715600000000.0
DNTH,2023-10-03,3,1451231.9700000002
DNUT,2021-08-20,4,3550593.49
DNUT,2021-11-18,5,11994880.56
DNY,2009-05-26,3,212893.13
DNY,2009-11-16,3,363816.89
DNY,2010-02-17,3,514144.77999999997
DO,2014-12-10,3,20756071.700000003
DO,2015-08-10,3,4906108.32
DOC,2013-07-26,6,483977.5
DOC,2025-04-28,5,630564.9
DOLE,2009-10-26,5,1426245.0
DOLE,2010-05-13,4,570780.0
DOMO,2023-04-04,3,9157770.100000001
DORB,2009-02-13,3,13500000.0
DORB,2009-09-28,3,2964426.75
DOUG,2022-03-07,3,567950.0
DOUG,2022-10-11,3,875745.0
DOUG,2023-08-23,3,229002.94
DOUG,2024-07-10,3,411379.94
DOV,2006-03-06,3,254239.9624
DOVA,2017-07-07,6,4881900.0
DOVA,2018-06-06,3,3787051.8
DOVA,2018-12-21,5,2934258.7800000003
DOVA,2019-07-11,3,8243826.0
DOW,2006-08-02,4,1577390.0
DOW,2008-10-29,3,684500.0
DOW,2019-08-12,3,1659910.0
DOW,2020-03-16,3,1766846.5
DOW,2024-12-17,3,1611795.18
DPC,2026-06-26,9,75821493.0
DPG,2011-08-04,3,210000.0
DPHIQ.PK,2007-08-21,3,724753.59
DPL,2009-12-18,3,570045.96
DPLO,2017-11-22,3,228780.0
DPM,2007-06-01,3,225174.0
DPM,2008-06-09,6,223786.5
DPM,2008-11-12,3,218040.0
DPS,2010-06-09,3,732572.7
DPS,2010-09-10,3,264986.0
DPTR,2008-11-25,3,12591200.0
DPZ,2008-01-24,3,6538093.529999999
DR,2006-05-23,12,2878512.549
DRAD,2013-08-09,3,577102.16
DRAD,2019-05-17,3,293329.7
DRAD,2020-05-29,5,208320.0
DRC,2007-03-16,3,4290328.7
DRCO,2012-05-24,3,212172.0651
DRI,2008-01-04,3,578996.0
DRI,2020-04-23,12,4551768.0
DRIO,2016-03-14,3,560574.0
DRIV,2013-05-10,4,611294.7999999999
DRNA,2014-02-05,4,36000000.0
DRP,2010-06-28,3,361385.0
DRRX,2006-09-14,3,268357.28
DRRX,2015-03-20,3,3877389.6100000003
DRRX,2016-04-28,3,7325000.0
DRSV,2011-10-19,5,464797.4
DRSV.PK,2009-10-08,3,2034860.7000000002
DRTT,2019-11-21,6,222809.3
DRTT,2020-03-03,4,202814.0
DRTT,2021-07-30,3,8679859.79
DRTT,2022-03-03,4,539303.7
DRTT,2022-12-13,3,2071499.4800000002
DRTX,2012-07-24,8,49411719.0
DRTX,2013-02-14,5,297000.0
DRVN,2021-01-22,3,1373525.6
DS,2020-03-13,3,2667560.0500000003
DSCI,2011-09-21,3,234816.72
DSCI,2015-08-14,7,394874.9
DSCO,2007-03-12,7,203191.0
DSCO,2007-11-20,4,205439.0
DSCO,2008-10-08,3,279007.31
DSGN,2021-04-01,9,40211000.0
DSGN,2022-12-20,3,15264200.0
DSKE,2018-05-21,4,280250.0
DSKE,2018-12-13,3,313040.0
DSKE,2020-05-15,4,360931.78
DST,2016-02-12,3,686066.82
DSTI,2007-10-30,4,19372222.759999998
DSU,2016-11-14,7,631195.2
DSW,2014-06-06,3,642290.0
DSW,2015-08-31,3,28370767.5
DTC,2022-04-19,3,486200.0
DTIL,2019-04-04,3,1700029.54
DTM,2023-05-12,3,233545.0
DTST,2012-09-21,3,375000.0
DUNR,2012-02-07,3,621653.44
DUNR,2012-12-26,4,25573550.280000005
DVA,2013-07-09,3,171887738.62
DVAX,2006-04-05,3,2358747.36
DVAX,2008-05-09,3,345282.51
DVAX,2013-10-30,3,312195.6
DVD,2007-10-18,3,955093.2000000001
DVD,2008-01-16,3,693424.3500000001
DVD,2009-02-27,3,203258.8
DVD,2009-12-03,3,406172.12
DVD,2011-11-18,3,265114.16000000003
DVLY,2007-11-21,3,1319000.0
DVN,2023-03-15,3,2424312.7199999997
DVOX,2010-11-30,3,215200.0
DVR,2009-06-11,6,221000.0
DWA,2006-11-22,3,29989200.0
DWCH,2014-05-27,3,504118.0
DWCH,2015-03-09,3,457403.0
DWCH,2016-02-03,3,236478.0
DWCH,2016-11-09,3,918326.26
DWRI,2006-07-18,3,5954000.0
DX,2010-08-02,4,1518230.0
DX,2011-05-18,3,230754.0
DX,2019-01-31,5,206098.8
DX,2020-03-18,7,1439660.21
DX,2021-03-08,3,219970.94999999998
DX,2022-09-06,3,224323.87
DXCM,2008-03-17,4,768479.0
DXCM,2008-11-24,7,410020.0
DXCM,2010-06-08,3,742319.5800000001
DXLG,2016-12-05,3,418140.70000000007
DXLG,2019-06-19,4,399211.78
DXLG,2020-01-16,7,205774.04
DXPE,2008-11-13,3,448055.5
DXPE,2011-08-22,4,291564.0
DXPE,2014-05-19,6,330815.85
DXYN,2007-11-13,3,421882.48
DXYN,2008-05-21,3,273292.55
DY,2008-03-04,3,849457.5
DYN,2012-07-02,3,7016196.41
DYN,2012-11-13,3,470200.0
DYN,2015-08-13,5,622710.5
DYN,2015-12-10,3,258854.0
DYN,2020-09-23,3,41325000.0
DYNT,2017-12-01,4,2840050.0
EAC,2007-03-01,4,1261222.02
EAGL,2019-03-01,4,618340.0
EAR,2020-10-22,14,64699956.0
EARN,2016-01-26,3,204639.52
EARN,2018-03-19,3,941734.86
EARN,2020-06-04,3,1486477.78
EAST,2018-12-14,3,220491.94
EASY,2006-04-17,12,494500.22000000003
EAT,2020-03-02,3,272623.25
EBC,2020-10-16,25,19482840.0
EBC,2025-08-29,5,1682710.9900000002
EBHI,2007-08-31,6,612545.59
EBHI,2007-11-29,6,346241.64
EBHI,2008-03-19,3,215761.0
EBHI,2008-08-19,4,211819.86
EBIX,2020-03-06,3,811605.0
EBOF.OB,2008-03-14,4,240000.0
EBTC,2009-11-23,11,1092595.0
EBTC,2015-01-26,11,241994.08000000002
EBTC,2016-02-12,10,237908.06
EBTC,2016-06-23,22,2347821.5
EBTC,2017-01-30,10,286343.68
EBTX,2007-08-03,3,4613338.459999999
EBTX,2007-11-19,3,2832591.51
ECA,2017-03-10,3,221152.0
ECA,2018-02-22,4,236265.0
ECA,2018-11-05,7,1168021.89
ECA,2019-06-06,4,441402.0
ECA,2019-09-05,4,277920.0
ECAT,2024-01-09,3,47874496.57
ECAT,2025-03-06,3,4837032.4
ECBE,2009-12-03,4,245728.4
ECBE,2011-08-04,6,275729.27
ECBK,2023-05-18,3,229450.47
ECC,2014-10-09,8,3732020.0
ECC,2015-06-10,4,218116.8
ECC,2018-05-24,3,10519981789.380001
ECC,2018-12-26,3,595029672.96
ECC,2020-03-18,3,76715027841.67
ECHO,2006-11-02,3,444690.0
ECHO,2007-04-13,3,340871.0
ECHO,2007-08-29,3,980330.0
ECI,2012-04-03,3,485000.0
ECIA,2025-08-21,3,275000.0
ECIA.PK,2013-12-19,3,850000.0
ECL,2011-08-30,3,251084937.21000004
ECL,2018-03-14,3,228202023.46000004
ECOL,2010-09-17,7,231016.43
ECOL,2020-03-13,4,214743.2
ECOM,2015-02-12,4,225204.29000000004
ECOM,2017-08-10,3,299400.0
ECOR,2020-04-16,3,1749148.7
ECOR,2021-07-07,3,200000.0
ECPG,2007-04-12,3,22107744.0
ECPG,2009-03-27,3,461625.0
ECPG,2015-06-08,3,280384.0
ECPG,2016-03-02,6,606665.0
ECPG,2025-03-06,3,3107800.0
ECR,2014-06-27,3,310500.0
ECR,2014-12-30,4,315004800.0
ECTE,2014-07-01,3,220000.0
ECVT,2022-05-16,4,688572.24
ECVT,2024-08-08,4,212699.82
ECYT,2011-02-08,4,10014996.0
ECYT,2011-12-16,3,488606.0
ED,2010-05-20,7,282698.4758
EDAC,2008-11-12,3,203600.0
EDCI,2007-07-12,3,1808224.41
EDF,2011-03-08,4,221871.12
EDF,2011-08-10,4,229492.5
EDF,2011-12-28,3,239364.01
EDGE,2015-10-08,9,11010450.0
EDGW,2017-03-07,3,1810156.5
EDI,2014-02-07,3,216978.0
EDI,2020-03-30,3,613136.8
EDMC,2009-10-08,6,435300.0
EDNT,2019-05-28,9,228700.0
EDR,2010-05-06,3,379625.0
EDSA,2020-01-10,4,502554.57
EDVC,2008-10-31,6,6071392.800000001
EE,2022-04-20,9,10780032.0
EEE,2006-10-02,4,665293.77
EEE,2007-03-08,5,239273.0
EEE,2007-08-09,3,524548.0
EEE,2007-11-16,5,253587.01
EEE,2009-01-26,7,202379.18999999997
EEE,2011-02-03,5,640000.4000000001
EEI,2008-10-15,3,221867.01399999997
EEP,2008-12-03,3,251058.0
EEP,2010-05-06,3,2193322.3400000003
EEQ,2013-03-11,3,306711.0
EERG,2011-04-18,3,335835.0
EFC,2011-12-21,3,250722.89
EFC,2018-05-24,3,1733066.14
EFCR.OB,2006-12-13,4,237500.0
EFOR,2026-04-27,12,1796760.45
EFSC,2006-04-20,3,437400.0
EFSC,2007-05-02,3,251591.0
EFSC,2008-06-02,3,311369.17
EFSC,2010-01-14,9,1358367.63
EFSC,2011-05-20,13,1014900.0
EFSC,2021-11-12,3,424425.0
EFSI,2011-05-20,4,203257.0
EFSI,2011-12-06,3,219250.0
EFSI,2012-04-26,5,234680.34
EFSI,2014-05-23,4,214175.5
EFSI,2025-02-10,21,506720.0
EG,2024-02-12,4,947979.55
EGBN,2009-09-17,9,4369624.2
EGBN,2010-07-29,3,1069500.0
EGBN,2011-08-09,4,275698.4
EGBN,2023-05-17,3,212097.8
EGL,2012-09-21,3,2785066.7300000004
EGL,2015-05-19,6,560892.5800000001
EGLE,2016-08-17,3,37992864.0
EGLE,2018-11-23,3,12334928.55
EGLE,2019-02-22,3,2911527.04
EGLE,2019-08-06,3,10097000.0
EGLT,2014-02-12,5,5199996.0
EGN,2018-07-09,3,177731682.48000002
EGR,2008-03-26,5,253431.0
EGR,2008-07-17,3,203457.94000000003
EGRX,2014-02-20,3,14999985.0
EGY,2015-03-25,5,217096.6
EGY,2019-05-16,3,202517.84
EHAB,2022-08-08,3,285715.0
EHAB,2023-05-23,4,288122.0
EHTH,2014-08-11,3,6717543.379999999
EHTH,2016-08-05,3,1362280.0
EHTH,2020-08-10,3,3793369.0300000003
EHTH,2021-11-15,4,1304989.72
EHTH,2024-08-08,3,329403.8
EIC,2019-07-25,9,1141586.55
EICU,2006-04-07,4,228000.0
EIDX,2018-06-22,4,70000016.0
EIDX,2019-05-29,4,114491114.56
EIG,2008-03-04,14,442744.5
EIG,2009-05-13,8,233452.80999999997
EIG,2010-05-27,9,219358.45
EIG,2020-05-05,3,788771.3
EIGI,2016-08-08,7,22879974.439999998
EIGI,2019-05-14,3,5205703.36
EIGR,2016-08-22,3,3073585.9
EIHI,2006-06-20,15,6358800.0
EIHI,2008-11-21,4,215149.84
EIKN,2026-02-06,4,12999924.0
EIPC,2008-10-07,3,31246437500.0
EJMLL,2014-07-28,3,2518680.0
EK,2011-05-17,4,322612.2696
EKFC,2011-03-02,7,895300.0
EKSO,2026-03-20,3,233661.59999999998
ELAN,2018-09-26,11,1747800.0
ELAN,2019-08-26,3,791974.5
ELAN,2020-03-06,3,319829.0
ELAN,2020-08-19,3,467916.0
ELAN,2021-08-17,3,900515.0
ELAN,2022-09-09,4,989930.0
ELAN,2024-03-12,3,617799.0
ELAN,2025-12-15,3,724883.0
ELEV,2021-07-01,5,26000000.0
ELGX,2007-11-28,4,214407.8
ELGX,2008-06-09,4,293030.75
ELGX,2014-11-18,3,416742.16
ELGX,2015-11-03,3,302645.0
ELGX,2016-12-15,4,334880.0
ELGX,2017-05-24,4,217876.46000000002
ELGX,2019-04-03,4,469984.22
ELMD,2021-06-07,3,213340.0
ELOX,2018-03-23,4,295488.8
ELOX,2019-06-26,3,5400000.0
ELOX,2021-05-17,4,27329995.349999994
ELOY,2007-08-17,12,5365620.619999999
ELOY,2007-11-15,11,8504254.35
ELOY,2008-02-26,3,1384973.4700000002
ELOY,2008-05-27,15,12832180.989999998
ELRE,2016-08-25,3,12000000.0
ELS,2011-03-03,13,11026125.0
ELSE,2006-04-27,3,922680.5299999999
ELVT,2017-04-12,3,806013.0
ELVT,2018-11-29,3,236954.08000000002
ELX,2010-08-26,3,231025.0
ELX,2014-05-07,3,1127700.0
ELY,2006-07-31,3,269820.0
ELY,2008-05-13,3,236816.0
ELY,2019-05-23,3,324629.75
ELYS,2020-12-16,3,1132616.4000000001
EMAG,2008-03-24,3,733419.0
EMAG,2008-11-14,3,847054.7299999999
EMAN,2018-03-22,10,235005.30000000002
EMBC,2023-08-10,3,311076.5
EMC,2012-07-24,5,500777.45999999996
EMC,2014-03-27,3,222664.8
EMCF,2011-04-01,9,1247321.9
EMCF,2015-06-12,8,2434835.0
EMCF,2020-06-17,3,253994.3
EMCF,2021-05-18,3,746012.9
EMES,2013-05-16,4,1470500.0
EMES,2015-09-02,3,10331882.120000001
EMFP,2007-03-05,3,1241480.25
EMG,2015-12-09,3,293608.95999999996
EML,2017-05-23,5,2965550.0
EML,2025-12-17,8,305941.37
EML,2026-03-17,7,306940.6
EML,2026-06-17,6,306138.54
EMMA,2019-08-30,3,250666.11
EMMS,2012-05-16,4,210847.61000000002
EMN,2025-08-28,10,1825343.5500000003
EMO,2011-08-09,5,271644.0
EMO,2022-11-21,3,11449526.61
EMPD,2026-02-20,3,10699339.7
EMR,2011-08-09,3,2043186.2
EMR,2023-11-13,3,983685.0
EMYB,2025-04-03,3,200402.467
ENBL,2014-04-16,10,2590000.0
ENBL,2015-06-03,3,316815.0
ENCO,2008-10-28,3,17168008.72
END,2008-10-10,3,202793.36
END,2010-02-05,4,5954999.4
END,2011-11-07,3,213942.0
END,2013-01-09,3,2447465.34
ENDI,2022-08-22,5,1820430.0
ENDP,2015-11-12,7,1219317.12
ENDP,2016-03-16,4,204787.5
ENDP,2017-08-15,4,279460.0
ENFC,2014-11-17,3,337095.18000000005
ENFC,2015-12-17,4,278600.0
ENH,2009-04-01,3,363025.3601
ENH,2011-05-26,9,600000.0
ENLC,2021-08-03,4,578404.58
ENOC,2008-09-12,3,817018.0
ENOC,2008-12-16,4,665218.5900000001
ENOC,2015-11-13,4,317500.0
ENOV,2025-08-25,3,463787.0
ENP,2007-09-13,10,2398200.0
ENP,2008-05-29,4,590554.45
ENP,2008-11-24,4,716015.25
ENPH,2012-04-04,8,27312436.44
ENPH,2012-11-23,5,260422.58
ENPT,2006-04-12,4,260404.69999999998
ENR,2017-08-21,3,1031601.36
ENR,2018-12-06,3,756872.4
ENR,2019-08-08,4,866820.04
ENR,2025-05-13,3,431930.0
ENR,2025-12-03,3,449240.0
ENR,2026-04-17,3,361301.54
ENS,2008-11-18,3,347520.0
ENSG,2020-03-17,3,989593.01
ENSI,2007-03-01,3,277730.0
ENSI,2007-08-07,4,1907143.27
ENSL.OB,2010-12-22,4,5250000.0
ENSV,2017-06-23,3,202681.22
ENT,2018-05-21,11,2786976.0
ENT,2019-06-07,7,3118466.2
ENTA,2013-03-28,5,4885874.0
ENTL,2015-02-04,6,17804984.0
ENTL,2017-05-08,3,216625.0
ENTR,2008-08-13,3,379357.72
ENVA,2015-08-24,3,281042.62
ENVX,2021-08-12,3,30366498.0
ENVX,2022-05-17,3,3015400.0
ENZ,2022-06-17,3,293099.0
ENZN,2007-07-26,3,1017413.4900000001
ENZN,2008-11-14,3,277621.48
ENZR,2014-01-16,4,276000.0
EOLS,2018-06-15,3,797039.1
EOLS,2018-12-17,4,4560466.0
EOLS,2019-06-04,3,37911000.05
EOLS,2022-09-09,3,325718.35
EONR,2025-09-17,5,284880.0
EOSE,2022-03-02,5,305150.5
EOSE,2026-03-10,3,692962.0
EP,2022-07-05,4,815674.4700000001
EP,2023-06-01,3,263012.62
EPAX,2012-05-17,3,382630.0
EPB,2007-11-26,8,4504000.0
EPC,2018-02-13,4,573273.72
EPC,2019-05-20,3,664331.0
EPD,2006-03-29,3,3970203.22
EPD,2006-12-27,3,1194200.0
EPD,2007-08-16,3,4874909.0
EPD,2008-02-26,3,539092.0
EPD,2008-05-27,4,6578346.75
EPD,2008-12-19,3,353165.0
EPD,2015-08-03,5,3921524.75
EPD,2015-12-07,4,4032284.75
EPD,2016-03-09,4,739400.0
EPD,2019-12-11,3,35517585.2
EPD,2020-03-10,4,19965546.33
EPE,2006-02-15,3,978850.0
EPE,2006-06-19,4,878913.3
EPE,2018-09-11,3,203400.0
EPIC,2008-11-25,3,393378.07
EPIC,2009-03-02,3,2587319.56
EPIX,2022-07-20,3,2687576.13
EPM,2011-07-05,4,1185462.22
EPRT,2018-07-12,4,111952554.0
EPRT,2018-11-06,3,284500.0
EPRT,2020-03-20,5,834879.0
EPSN,2023-07-10,3,1048036.0
EPZM,2013-06-06,3,1479975.0
EPZM,2013-11-18,11,87980016.51999998
EPZM,2016-01-12,12,109999980.0
EQBK,2020-09-17,3,286648.4
EQBK,2024-12-05,4,520650.0
EQGP,2015-05-15,6,5467473.0
EQH,2018-05-11,7,440000.0
EQH,2020-03-09,4,622767.3
EQIX,2008-02-25,5,53187912.03
EQM,2012-07-05,7,1711500.0
EQPT,2026-06-17,3,2628609.67
EQS,2006-01-04,4,26403814.8
EQS,2007-11-29,3,473370.0
EQS,2010-12-13,3,396730.74
EQS,2011-09-15,3,1149809.1
EQS,2014-05-23,3,3690410.4000000004
EQS,2017-03-17,4,1897200.0
EQT,2007-08-01,4,1473309.96
EQT,2008-07-10,4,307673.70000000007
EQT,2017-06-23,3,688880.0
EQT,2018-07-05,3,252229.97999999998
EQT,2018-10-31,3,587186.79
EQT,2019-02-21,3,499254.72
EQY,2008-11-20,3,51970284.05
ERAS,2021-07-20,4,241600.0
ERAS,2022-12-20,3,2296998.0
ERAS,2023-12-08,3,1766644.5
ERES,2008-08-22,3,7867266.859999999
ERESU,2020-08-06,5,200605.0
ERFW.OB,2008-01-11,3,2277815.36
ERHE.OB,2013-04-29,5,12994900266.730001
ERI,2014-11-17,4,215576.72
ERI,2015-08-26,4,281577.5
ERI,2015-12-17,3,252737.04
ERI,2016-03-21,3,286040.0
ERI,2016-06-20,3,217698.0
ERI,2016-11-14,4,226290.0
ERI,2018-12-04,3,470880.99999999994
ERIE,2012-05-14,7,221551.21
ERIE,2018-03-27,3,227504.16000000003
ERII,2014-05-28,3,5625530.78
ERII,2015-03-16,3,889861.0
ERII,2023-11-13,4,401668.5
ERNA,2022-12-06,3,2889555.36
EROC,2008-11-21,3,1977704.0
EROK,2026-05-19,5,11449983.0
ES,2007-11-20,4,376050.0
ES,2008-11-21,3,4044026.0
ESA,2008-08-12,4,4199895.0
ESAQ,2014-03-31,5,780000.0
ESAQ,2014-07-14,6,496000.0
ESBS.OB,2010-12-21,8,352000.0
ESC,2007-08-23,3,2632154.17
ESC,2008-03-24,3,466287.0
ESC,2008-08-27,4,913409.8799999999
ESC,2008-12-02,7,5021556.0600000005
ESCA,2011-06-09,3,335476.24
ESCA,2020-05-12,3,370876.44
ESDI,2017-08-14,4,566387.69
ESES,2015-04-13,4,3999953.0
ESES,2015-07-24,3,219868.75
ESES,2016-07-01,3,210340.81999999998
ESGR,2019-03-13,4,6960460.32
ESI,2006-05-10,3,8259032.0
ESI,2010-09-10,3,2713100.0
ESI,2019-08-15,3,255245.0
ESI,2020-03-18,3,609190.0
ESIO,2008-07-28,3,3682362.4299999997
ESIO,2015-08-27,3,206340.09999999998
ESL,2007-12-17,3,406351.78
ESL,2011-12-19,3,388885.0
ESL,2012-09-28,4,370714.0
ESL,2017-11-16,3,375189.5
ESNC,2017-06-26,4,209974.45
ESNC,2018-09-06,3,600000.18
ESNT,2016-02-24,3,5447116.56
ESOA,2021-01-07,4,523990.77
ESP,2017-10-19,3,259021.49
ESPR,2013-07-01,9,20196092.0
ESPR,2014-10-21,4,30100000.0
ESQ,2017-07-28,4,346665.0
ESQ,2019-08-19,4,203467.69
ESQ,2020-05-19,5,245526.17
ESS,2009-02-13,3,438675.68
ESSC,2020-02-26,3,5010000.0
EST,2008-09-18,4,834650.0
EST,2009-08-13,4,456000.0
ESTA,2019-08-19,4,265502.0
ESTA,2022-05-10,3,3050525.93
ESTE,2016-06-23,4,1155000.0
ESTE,2021-01-12,3,7645765.68
ESV,2015-06-01,3,608541.18
ESYS,2012-10-09,6,219614.52
ET,2012-03-29,6,17100000.0
ET,2020-03-10,3,101197397.22999999
ET,2021-08-23,3,28900173.76
ET,2021-12-13,4,121363234.15
ET,2022-08-15,3,31523106.060000002
ET,2022-12-19,3,23270810.0
ET,2023-09-05,3,39704500.0
ET,2024-08-26,3,47667200.0
ETE,2007-11-20,3,17041112.0
ETE,2008-07-24,3,52638987.92
ETE,2015-12-08,4,75647491.75999999
ETFC,2008-01-30,10,1929938.0699999996
ETFC,2009-06-22,3,200121900.20000002
ETFC,2018-11-05,3,1129414.5
ETLK,2008-02-22,3,3049980.94
ETM,2008-11-25,3,216118.41
ETM,2020-03-25,3,2261264.72
ETNB,2019-11-13,7,73500000.0
ETNB,2020-07-14,3,13562450.0
ETON,2018-11-15,6,240000.0
ETP,2007-07-31,3,2649341.0
ETP,2008-10-15,3,297806.85
ETRM,2007-11-19,8,15220000.0
ETRM,2008-04-30,3,675000.0
ETRM,2009-02-20,3,3806959.5
ETRM,2010-12-16,4,5976900.0
ETRM,2011-09-26,3,5164500.0
ETRN,2019-03-26,3,5463345.54
ETRN,2019-08-05,3,3720318.0
ETRN,2020-03-16,3,805800.0
ETST,2024-05-16,3,213353.47999999998
ETST,2025-01-16,3,212675.03999999998
ETTX,2018-10-02,10,64061640.0
ETWO,2021-10-21,3,1336186.0
EU,2026-06-15,3,346884.30999999994
EUBK,2008-03-24,3,575000.0
EVA,2015-06-17,3,509139.85
EVA,2021-06-22,3,41989258.5
EVA,2022-06-24,3,1753213.2999999998
EVA,2022-10-13,4,10894514.27
EVA,2023-05-09,3,2139974.08
EVBG,2021-12-16,4,1513902.0
EVBG,2023-09-05,4,335073.29000000004
EVBN,2010-06-17,10,200208.0
EVEP,2008-01-23,3,387087.51
EVEP,2008-09-19,3,222912.0
EVER,2012-05-08,3,5400000.0
EVER,2021-11-18,3,3414432.0700000003
EVFM,2018-08-15,3,254309.37000000002
EVFM,2020-06-16,3,3041390.5
EVGG,2006-10-10,5,255000.0
EVH,2025-03-10,9,1345761.2
EVHC,2013-08-21,4,1161500.0
EVI,2017-02-03,3,3799569.12
EVLO,2022-05-31,3,574997.64
EVLV,2015-06-11,6,227233.0
EVLV,2016-03-30,6,505892.98
EVLV,2017-05-25,5,263010.75
EVLV,2017-12-15,4,272432.0
EVLV,2019-05-06,3,4475000.25
EVLV,2025-11-24,3,410606.0
EVMN,2025-11-12,3,70000000.0
EVOL,2008-12-10,3,234461.0
EVOL,2016-08-30,3,520048.41
EVOP,2018-05-24,4,1376000.0
EVOP,2020-03-12,3,433336.58
EVRG,2021-09-27,3,3519001.17
EVRI,2015-09-15,3,544670.0
EVRI,2020-03-16,4,232800.0
EVRY,2013-05-24,3,16607625.0
EVT,2025-02-27,3,224921.5
EVTC,2026-05-12,4,1823175.9
EWBC,2019-08-29,8,1765286.5899999999
EWBC,2023-05-04,4,892701.2
EWCZ,2021-08-09,5,710600.0
EWTX,2021-03-31,5,31750000.0
EWTX,2022-09-16,3,14999996.16
EWTX,2024-01-25,3,10100960.1
EXA,2013-01-14,3,345265.95
EXA,2017-09-27,3,3617268.74
EXAM,2011-08-09,3,982182.0
EXAM,2011-12-06,3,204800.0
EXAR,2006-08-14,3,835340.0
EXAR,2011-01-27,3,1441015.36
EXAS,2010-08-17,3,251140.0
EXAS,2016-03-08,3,302459.5
EXBX,2007-11-26,4,1077800.0
EXEL,2008-10-31,4,1276325.0
EXEL,2010-08-25,4,1040953.17
EXFY,2023-08-14,3,6973704.1899999995
EXFY,2023-11-16,3,2364912.16
EXFY,2024-05-03,3,1562288.74
EXH,2008-08-14,3,666714.0
EXL,2014-02-26,5,226915.0
EXLS,2022-03-18,4,604726.02
EXPE,2019-12-09,3,4725339.07
EXPO,2022-02-11,4,212327.95000000004
EXR,2008-11-21,3,270975.0
EXTN,2020-03-11,3,10821560.58
EXTN,2021-05-12,3,4025538.0
EXTR,2015-08-31,4,345910.0
EXTR,2018-05-16,3,767044.51
EXTR,2020-06-10,3,941403.0
EXXI,2008-03-12,3,260334.78
EXXI,2008-09-11,3,441128.0
EXXI,2010-02-11,3,278849.0
EXXI,2011-08-23,3,977610.1
EXXI,2013-07-01,9,211844.2
EXXI,2014-12-01,3,398550.0
EXXIF.OB,2007-06-25,5,571676.24
EYE,2007-06-28,3,42895577.9
EYE,2022-05-16,6,2980596.24
EYE,2023-05-24,3,1388672.97
EYEG,2015-02-23,3,2866662.0
EYEG,2018-05-11,3,5203242.819999999
EYEN,2018-02-08,3,3550000.0
EYEN,2019-07-15,3,799997.8199999998
EYEN,2020-03-26,3,2234911.14
EYEN,2021-11-01,3,555512.0
EYEN,2022-05-23,3,448452.0
EYEN,2023-05-26,3,291974.55
EZEM,2006-08-16,3,207540.0
F,2011-09-07,3,654250.0
FA,2008-06-26,3,399306.0
FAAC,2007-01-23,3,2007630.0
FABK,2008-07-01,7,518252.6963
FAC,2011-12-22,3,11345423.55
FACE,2009-03-12,6,747846.0
FACE,2009-08-28,3,239446.2
FADV,2006-02-15,5,241249.0
FAF,2013-05-30,3,701474.8
FANG,2012-10-23,5,60202660.0
FARM,2019-05-10,3,13778987.25
FARM,2019-08-19,5,4149801.0300000003
FARM,2021-12-20,3,299448.0
FARO,2023-05-16,3,468042.55
FAST,2006-06-19,3,522259.0
FAST,2008-10-30,3,247264.0
FAST,2012-06-11,3,221612.75
FAST,2013-11-12,3,235317.75
FAST,2014-07-24,3,212933.0
FAST,2017-05-01,3,255582.5
FAST,2018-10-17,3,208145.0
FAST,2020-02-07,3,667089.43
FAST,2021-02-08,4,351748.98
FAST,2022-09-16,3,287350.0
FAST,2025-11-21,4,211020.0
FAT,2017-12-01,3,222000.0
FAT,2018-08-02,5,285000.4
FAT,2018-11-21,3,10347063.17
FAT,2019-03-01,3,1170215.0399999998
FATE,2013-10-07,7,25599990.0
FATE,2016-11-28,3,1249992.52
FAV,2016-01-13,3,259963.34
FAV,2016-04-18,5,1252977.1400000001
FAV,2016-07-18,5,1136177.64
FAV,2016-10-21,5,4470905.640000001
FBC,2010-01-29,4,1200000002.08
FBC,2010-11-03,4,289229052.0
FBCM,2007-06-11,4,1394000.0
FBCM,2009-03-04,4,1039430.45
FBCM,2009-06-17,4,9434850.0
FBCM,2010-05-20,3,1593135.28
FBFS,2007-03-30,9,231052.1
FBIO,2023-02-14,6,3319758.96
FBIZ,2007-04-02,3,223562.63
FBIZ,2007-10-01,3,207932.0
FBIZ,2016-11-08,3,258040.0
FBIZ,2020-08-05,5,220003.5
FBK,2016-09-19,7,1886700.0
FBK,2020-05-06,3,1611062.41
FBK,2022-12-19,3,2328302.84
FBM,2017-02-17,7,1560020.0
FBM,2017-05-26,3,650296.48
FBMI,2012-06-29,3,965327.25
FBMS,2006-02-02,5,298935.0
FBMS,2006-11-22,13,2161867.5
FBMS,2013-03-26,10,1340536.0
FBMS,2016-10-18,8,1477510.0
FBMS,2017-10-31,8,462550.0
FBN,2007-11-06,3,252925.0
FBN,2008-03-17,6,823680.0
FBN,2009-03-03,6,267221.0
FBN,2010-02-09,3,271450.0
FBN,2011-02-08,6,272189.0
FBNC,2015-05-15,4,238810.46
FBNC,2020-03-18,6,285658.57
FBNK,2015-03-12,3,232187.65
FBP,2007-11-26,4,5043178.109999999
FBP,2008-11-25,3,659524.0
FBP,2009-11-04,3,223900.0
FBP,2011-11-03,3,3366505.18
FBR,2007-12-18,3,13995074.73
FBTX,2006-07-05,3,599800.0
FBTX,2007-05-04,3,541173.8
FBTX,2007-08-09,8,356603.23
FBTX,2007-11-29,7,219430.0
FCAL,2007-06-22,3,2512988.88
FCAL,2007-11-29,5,1993681.16
FCAL,2008-03-04,4,267008.25
FCAL,2008-07-02,3,2186753.68
FCAL,2011-07-21,5,2812500.0
FCBC,2009-06-09,11,380325.0
FCBM,2026-06-22,15,1659487.5
FCBP,2006-08-17,3,533099.2
FCBP,2018-06-04,10,321662.75
FCBP,2018-09-12,11,446937.03719999996
FCBP,2018-12-12,12,399529.3497
FCBP,2019-05-28,11,273414.0636
FCBP,2019-09-03,10,686204.6827
FCBP,2019-12-16,9,322715.72040000005
FCBP,2020-03-16,8,355995.7356
FCBP,2020-06-16,9,607739.5113
FCBP,2020-12-30,8,336217.9573
FCBP,2021-05-27,8,347517.4930000001
FCCO,2009-02-04,3,278460.0
FCCY,2020-03-12,3,203960.0
FCEA/FCEB,2009-05-18,7,7676603.8
FCEA/FCEB,2011-10-18,3,548911.0246
FCEA/FCEB,2016-12-12,3,578471.5
FCEL,2010-06-28,3,1046000.0
FCEL,2011-07-18,3,317600.0
FCEL,2013-04-19,4,284550.0
FCEN.OB,2007-08-21,3,342330.0
FCF,2008-10-31,8,555000.0
FCFC,2008-04-17,3,224639.88
FCFL,2007-03-23,3,232614.15
FCFL,2007-09-20,4,587020.0
FCFL,2010-01-05,3,6557884.13
FCH,2010-03-03,8,517165.57999999996
FCH,2011-03-29,7,3241182.0
FCH,2012-05-08,9,577802.29
FCH,2013-02-25,3,578104.67
FCLF,2006-07-12,8,1294000.0
FCLF,2007-03-15,3,269233.0
FCN,2010-07-20,3,693861.0
FCN,2026-05-14,3,2076583.8
FCNCA,2006-03-27,3,563580.46
FCNCA,2006-09-18,3,288583.68
FCNCA,2007-03-14,3,1428250.8199999998
FCNCA,2007-11-09,3,998600.0
FCNCA,2008-02-19,3,331861.5
FCNCA,2008-05-29,4,3949814.88
FCNCA,2008-11-13,3,257532.5
FCNCA,2011-02-23,3,558961.0800000001
FCNCA,2011-11-21,3,1299070.32
FCNCA,2012-05-24,3,225820.81999999998
FCNCA,2018-05-24,4,238813.93
FCNCA,2018-11-21,4,200505.8
FCNCA,2019-06-19,3,3278614.8
FCNCA,2020-03-10,3,701089.75
FCNCA,2021-03-22,3,869462.22
FCNCA,2022-02-01,3,244010.66000000003
FCNCA,2022-05-03,3,643068.0
FCNCA,2023-03-03,3,801246.6
FCNCA,2024-02-22,3,2707741.7
FCNCA,2025-08-11,5,2497738.44
FCPT,2015-11-10,4,770238.75
FCPT,2020-05-15,5,370023.76
FCPT,2022-03-29,3,326263.1
FCRIX,2018-06-11,3,51850443.829500005
FCRIX,2018-12-26,3,95857227.72819999
FCSC,2014-06-06,5,1255000.43
FCSC,2015-08-11,3,5696274.6
FCSX,2008-07-17,3,534911.29
FCTR,2007-05-29,4,303011.0
FCVA,2007-06-21,12,885937.5
FCVA,2009-11-30,6,244751.68
FCVA,2012-05-15,12,1186328.0
FCVA,2012-11-20,3,288035.2
FCX,2007-03-26,3,842204.48
FCX,2008-08-06,3,2483990.9699999997
FCX,2013-08-05,4,72576614.5
FCX,2015-09-08,3,32337000.0
FCZA,2011-05-24,5,318356.0
FCZA,2012-07-02,4,6195228.0
FCZA,2013-12-20,17,17983960000.0
FDBC,2012-09-14,4,209485.66700000002
FDBC,2013-02-07,13,326065.0815
FDBC,2015-02-04,4,8166797.1450000005
FDBC,2016-02-04,13,325710.1278
FDBC,2017-02-09,13,324008.75
FDBC,2017-11-27,3,498086.0
FDBC,2022-05-04,3,245815.0
FDC,2015-10-22,10,29235600.0
FDC,2016-06-13,3,7251345.0
FDMT,2020-12-17,4,37474981.0
FDRA,2007-12-26,3,652830.8
FDSA,2006-08-28,3,691050.0
FDSA,2007-01-18,3,2411538.9
FDT,2007-08-07,6,219748.73
FDUS,2014-12-04,3,215592.63999999998
FDUS,2018-03-12,4,252840.0
FDUS,2020-03-12,4,352959.5
FDX,2008-06-30,3,773985.0
FEAM,2025-08-27,4,710685.5
FEAM,2026-02-04,3,8015000.0
FED,2007-11-21,5,1159327.5
FED,2008-05-08,3,295457.0
FEIM,2018-10-09,3,519736.36
FEIM,2020-01-06,3,965568.9400000001
FEIM,2020-04-06,3,1026479.5499999999
FEIM,2020-09-17,3,207660.0
FEIM,2021-03-25,3,472617.33999999997
FELP,2014-06-20,5,3740000.0
FELP,2015-12-28,3,4221623.62
FEMY,2021-06-24,4,2602700.0
FENX,2015-09-22,6,271650.5
FES,2013-04-19,3,487346.63
FES,2013-08-21,3,546208.42
FET,2012-04-18,8,1958000.0
FET,2019-11-27,5,2010201.28
FEYE,2021-08-25,3,1348739.64
FF,2024-06-13,6,647320.4099999999
FFAI,2025-08-26,3,221576.05
FFBC,2008-04-08,8,493937.8
FFBC,2010-10-22,10,37655935.440000005
FFBC,2018-10-24,11,349443.32
FFCH,2009-06-05,3,230204.92589999997
FFCH,2011-11-08,10,201732.08000000002
FFCO,2010-09-22,11,384500.0
FFDB,2006-01-04,5,2802000.0
FFG,2008-03-10,4,219908.53000000003
FFIC,2009-02-26,6,203068.9
FFIC,2024-12-16,9,248468.25
FFIN,2006-03-02,3,1146113.34
FFIN,2007-03-06,3,686860.36
FFIN,2007-06-13,3,436290.0
FFIN,2008-03-04,4,492760.0
FFIN,2011-08-11,3,238797.0
FFIN,2011-11-28,3,1760835.52
FFIN,2012-05-21,4,296550.0
FFIN,2014-02-13,3,343637.73
FFIN,2015-05-06,4,457155.8
FFIN,2016-02-11,3,296285.0
FFIN,2019-05-21,3,877113.2000000001
FFIN,2019-12-13,3,310986.0
FFIN,2020-03-12,4,2626068.69
FFIN,2021-06-02,3,1571673.43
FFIN,2021-09-02,3,301739.18
FFIN,2022-02-24,4,263693.39
FFIN,2022-09-14,3,290538.54000000004
FFIN,2023-03-13,3,203981.17
FFIN,2023-08-25,4,253121.94
FFIN,2024-05-16,5,205401.88
FFIN,2026-02-23,3,375993.66000000003
FFKT,2013-01-30,6,217319.82
FFKY,2008-12-05,8,294730.4
FFNW,2007-10-11,13,4020490.0
FFWM,2014-12-04,3,215636.75
FFWM,2015-08-13,5,2651687.5
FFWM,2018-09-17,5,296015.2
FG,2018-09-17,3,918700.0
FG,2019-03-13,3,1527700.0
FG,2019-08-19,3,4080057.0
FG,2025-03-28,3,152372120.0
FGBI,2025-04-02,4,1877248.4500000002
FGBI,2025-07-02,5,1064826.0
FGBI,2025-10-02,4,1662292.0
FGBI,2026-01-02,4,1956481.05
FGBI,2026-04-02,3,1572919.95
FGL,2013-12-19,10,348500.0
FGMC,2022-03-03,4,2200000.0
FGNA,2020-10-02,4,18500000.0
FGNA,2021-04-02,3,329251.64
FGP,2009-03-11,3,261822.84999999998
FGP,2010-08-05,3,238415.0
FGP,2011-08-09,6,247784.95
FGP,2013-03-11,3,395420.0
FGP,2014-02-20,3,395420.0
FGP,2015-03-23,3,227863.0
FGP,2015-06-23,5,10382090.0
FGP,2015-12-11,3,500828.0
FH,2016-09-14,3,393460.65
FH,2017-05-24,4,250245.59999999998
FH,2017-09-14,4,240946.0
FHCO,2017-06-12,7,277366.85
FHN,2007-10-23,4,3434216.09
FHN,2008-06-06,3,396519.04
FHN,2012-07-26,3,355864.0
FHN,2018-08-01,3,2352315.0
FHN,2018-10-31,3,1087271.0
FHN,2023-05-11,3,371183.04
FHTX,2020-10-29,3,4888000.0
FI,2013-08-16,6,2235938.0
FIBK,2013-08-29,3,266733.1695
FIC,2008-01-29,3,715051.0
FICC,2006-08-28,4,236954.44
FIF,2008-01-08,3,238810.0
FIG,2009-05-21,5,18000000.0
FIG,2025-08-05,4,10312500.0
FIME.PK,2007-05-16,4,333150.0
FIME.PK,2008-05-14,3,219200.0
FINS,2020-03-19,3,546466.64
FINS,2025-06-03,3,278220.50999999995
FINS,2026-02-23,3,337613.43
FINW,2021-11-23,12,929250.0
FIP,2022-08-03,4,1042645.0
FIS,2023-02-17,7,1054810.87
FISH,2013-07-31,3,350000.0
FISI,2015-03-03,3,258682.5
FISI,2016-02-29,3,417736.56
FISI,2016-08-19,3,239600.0
FISI,2020-05-07,5,254632.06
FISI,2023-05-04,5,231263.0
FISI,2024-12-16,15,835000.0
FISV,2021-11-30,3,3653980.2199999997
FISV,2026-06-16,4,1073672.85
FIVN,2015-03-16,4,1095356.0
FIX,2006-11-27,3,355675.0
FIX,2019-08-01,3,355510.0
FIX,2020-05-21,3,442973.95
FIXX,2018-04-04,4,40000000.0
FJC,2006-08-16,3,217119.0
FKFS,2006-12-13,8,763968.0
FL,2007-11-30,3,1427253.11
FL,2020-12-04,3,76428381.15
FLCM,2007-12-07,3,592750.0
FLDM,2016-12-02,4,1396862.08
FLDM,2017-08-08,4,414629.15
FLDM,2017-11-09,4,1830595.94
FLDM,2018-02-08,4,2245396.0
FLDM,2018-05-09,5,1136118.9500000002
FLDM,2018-08-17,5,313427.6
FLDM,2018-11-16,3,629064.71
FLE,2008-07-07,4,265824.0
FLIC,2020-03-13,5,416044.66000000003
FLKS,2016-03-15,4,1484660.0
FLL,2015-06-01,6,233644.0
FLL,2022-05-13,3,324780.0
FLL,2023-09-07,3,222835.0
FLLCU,2019-07-31,4,8580000.0
FLME,2021-03-03,3,5200000.0
FLML,2016-03-21,3,1224630.0
FLMN,2018-08-24,4,15550000.0
FLNC,2021-11-03,6,482720.0
FLNC,2022-02-16,3,437400.0
FLNC,2025-02-18,5,522096.0
FLNT,2018-05-17,4,406678.62999999995
FLNT,2019-08-22,3,206750.0
FLNT,2026-06-16,4,358259.55
FLO,2008-08-27,3,373853.38
FLO,2008-12-03,3,410175.0
FLO,2009-03-12,3,267620.0
FLO,2014-02-18,3,419189.7
FLO,2016-08-23,3,392860.0
FLO,2023-12-21,3,255746.8
FLO,2025-05-28,3,202440.0
FLOC,2025-01-22,6,1886400.0
FLOW,2008-12-15,4,236832.63999999998
FLT,2017-05-09,6,1932070.76
FLUT,2026-05-12,5,745983.2154
FLUX,2020-08-18,5,1012500.0
FLUX,2021-02-23,5,762500.0
FLWS,2009-03-05,5,296409.91
FLWS,2025-02-12,3,17417394.84
FLXN,2014-02-20,6,26999986.0
FLXN,2016-06-10,6,30195805.0
FLXN,2019-06-03,3,226774.76
FLXS,2020-06-11,3,514281.68000000005
FLXS,2020-09-10,3,1170855.631
FLXS,2022-02-14,4,523467.48
FLY,2025-08-08,5,1097910.0
FMAO,2011-12-23,3,309861.05
FMAO,2015-11-24,4,227975.0
FMAO,2020-03-13,6,249260.5
FMAO,2022-09-23,3,215482.9
FMAR,2007-12-27,6,207869.56
FMBH,2009-11-24,4,842394.42
FMBH,2015-03-23,6,225995.8094
FMBH,2015-11-18,4,316177.55
FMBH,2016-09-14,4,279231.208
FMBH.OB,2007-03-02,6,1203789.912
FMBI,2008-07-18,7,1264604.45
FMBI,2010-01-22,13,401181.0
FMBI,2020-06-18,11,1018560.0
FMBM,2014-03-24,10,767399.9894
FMBM,2026-03-23,14,546456.52
FMC,2015-09-03,6,1710014.1800000002
FMC,2021-09-07,3,362648.93
FMC,2025-03-06,3,2362948.0
FMCB,2008-06-02,4,1648015.0
FMCB,2014-12-17,3,511450.0
FMCB,2018-09-28,3,1656000.0
FMCB,2022-03-25,11,505835.0
FMCIU,2018-08-09,3,16650000.0
FMER,2007-08-17,4,261190.0
FMER,2010-06-01,3,1065408.1
FMER,2013-02-06,4,1220000.0
FMFC,2007-11-06,3,201564.07820000002
FMFC,2009-03-02,9,246951.78860000003
FMNB,2015-09-24,13,289121.94
FMNB,2016-12-12,14,577590.41
FMNB,2018-09-21,8,258846.78
FMNB,2020-03-04,7,200208.6
FMNB,2021-09-14,3,395100.0
FMNB,2021-12-21,3,562759.8699999999
FMNB,2022-05-10,3,228516.16
FMNB,2026-03-05,3,525874.41
FMR,2006-10-19,5,1377000.0
FMR,2008-03-12,4,367244.5
FMSA,2014-10-10,4,1795477.0
FMSA,2018-03-16,3,240570.0
FMTB,2010-06-10,6,650000.0
FMTX,2020-06-25,3,180000000.0
FMXIQ,2007-02-02,5,550658.25
FMXL,2007-08-30,3,8405432.0
FNB,2008-03-10,3,267789.0
FNB,2008-08-01,3,1106741.81
FNB,2009-06-15,13,962500.0
FNB,2011-08-11,4,457060.02
FNB,2013-10-30,11,1032875.0
FNB,2014-02-10,3,211839.0
FNB,2016-08-15,6,222676.74
FNB,2017-11-08,3,207730.0
FNB,2018-05-18,15,810569.6
FNB,2018-10-29,6,247000.0
FNB,2020-03-10,3,243190.0
FNBG,2013-01-03,4,878958.6749999999
FNBG,2013-04-30,3,5772333.16
FNBG,2013-11-20,3,270141.6
FNBG,2014-03-04,10,26081665.549999993
FNBG,2016-02-23,3,629412.08
FNBG,2016-06-07,3,441042.33
FNBG.OB,2006-02-10,8,264253.5
FNBG.OB,2006-12-18,3,490693.5
FNBG.OB,2007-12-18,9,1127871.0
FNBG.OB,2008-12-17,10,545350.0
FNBG.OB,2009-04-29,5,1088273.85
FNBG.OB,2009-12-22,3,289843.19999999995
FNBG.OB,2010-12-28,4,357261.885
FNBG.OB,2011-12-28,4,536454.819
FNBN,2012-12-31,5,1024961.7
FNBN,2013-05-10,7,323082.96
FNCB,2006-03-20,3,244185.16
FNCB,2006-11-08,3,201199.0
FNCB,2007-02-15,4,694086.25
FNCB,2007-08-10,3,691875.0
FNCB,2008-05-06,3,296675.0
FNCB,2012-09-21,4,260791.75999999998
FNCB,2019-02-08,10,1554224.0
FNCH,2021-03-25,4,30749957.0
FNFG,2011-08-12,3,229770.0
FNFG,2011-12-14,8,525000.0
FNFG,2012-08-02,10,822703.9
FNFG,2014-11-13,5,394994.06
FNHC,2013-12-17,3,640159.0
FNHM.OB,2010-04-27,3,1867238.4
FNKO,2023-08-23,3,3382322.85
FNLY,2006-04-18,3,1154727.58
FNM,2007-11-20,4,1058965.0
FNNIX,2019-12-26,4,2000018.88
FNNIX,2020-03-31,4,1328016.0
FNRN,2008-09-08,4,342862.35000000003
FNRN,2009-03-12,6,294508.35
FNSC,2009-09-04,14,550500.0
FNTE,2018-07-02,3,10050000.0
FNWB,2015-01-30,11,590205.0
FNWB,2015-08-06,5,351276.20100000006
FNWB,2020-05-15,5,200311.25999999998
FNWB,2023-05-24,3,306100.0
FNWB,2024-08-02,3,212250.1372
FNWD,2022-03-04,4,208656.0
FOA,2021-09-02,3,1085783.97
FOA,2023-04-04,4,60000004.32
FOE,2008-03-11,4,243100.0
FOE,2019-05-15,4,457455.0
FOF,2007-05-18,3,529340.0
FOFI,2010-05-21,3,459595.0
FOFI,2011-05-19,3,259208.96000000002
FOFI,2011-08-26,3,507265.25
FOFI,2012-01-05,3,586432.09
FOFI,2012-04-04,4,1409397.3900000001
FOFI,2012-12-13,3,484587.95999999996
FOFN,2014-08-18,12,15808528.4
FOGO,2015-06-24,4,577920.0
FOLD,2007-07-02,4,3992849.88
FOLD,2008-02-04,4,2266881.58
FOLD,2012-03-09,6,36538755.6
FOLD,2014-08-21,4,241056.0
FOLD,2014-11-25,8,14172824.0
FOLD,2018-09-25,3,7800500.0
FOR,2018-12-19,3,421769.15
FORD,2010-05-24,3,2137540.4899999998
FORFX,2024-02-14,3,1931463.6947
FOSL,2006-06-14,3,1435711.91
FOSL,2012-05-14,3,619000.0
FOSL,2017-08-23,3,473776.51
FOSL,2020-03-13,3,746587.8999999999
FOSL,2025-11-24,5,664465.74
FPAY,2018-10-01,5,515000.0
FPAY,2020-03-16,3,804183.69
FPAY,2021-08-30,3,225657.49000000002
FPAY,2022-05-20,3,365600.98000000004
FPF,2023-12-08,3,356494.0
FPFC,2007-07-25,7,271883.0
FPH,2017-05-16,9,53213692.0
FPH,2020-03-27,3,14939272.28
FPI,2014-08-20,4,438890.0
FPI,2018-08-21,3,210916.12
FPI,2023-03-09,4,313484.0
FPND.OB,2008-05-28,3,274579.6
FPO,2007-04-30,4,521860.0
FPO,2007-11-20,4,210040.0
FPRX,2019-10-31,3,2998734.42
FR,2008-11-04,4,501144.7
FR,2011-08-17,3,1033800.0
FRAF,2015-07-30,3,253711.61999999997
FRAF,2016-04-29,6,345148.13
FRAF,2020-03-27,9,363278.43
FRAF,2023-05-18,9,208609.65
FRAF,2025-02-28,3,352055.28
FRAN,2012-12-12,3,402648.8
FRAN,2019-07-16,3,1352502.3
FRBK,2006-10-19,7,377850.9
FRBK,2007-10-24,3,785000.0
FRBK,2010-06-28,10,1487400.0
FRCCO,2011-03-25,3,946704.87
FRD,2020-03-18,3,217825.0
FRD,2022-10-18,5,229762.25
FRD,2023-08-22,4,256901.2
FRD,2024-06-28,3,222982.76
FREE,2020-09-08,4,210316.5
FREQ,2019-10-08,3,4251492.0
FRG,2019-12-18,4,12532523.1
FRG,2021-06-01,3,37937400.0
FRGA,2019-10-25,3,56120007.96
FRGB,2008-08-04,5,219915.12
FRGI,2017-03-15,3,20902593.619999997
FRGI,2017-08-18,3,5695735.0
FRM,2014-11-18,6,205864.6
FRME,2017-12-18,4,225109.9272
FRME,2020-03-17,3,624312.215
FRN,2006-09-22,3,1673995.4
FRNK,2011-04-29,12,5200490.0
FRNK,2011-09-02,3,301110.34
FROPX,2018-07-12,3,1772999.9621000001
FRP,2008-05-29,3,400846.9199999999
FRP,2008-11-19,3,278765.81999999995
FRP,2011-05-20,3,5426084.0
FRPH,2025-11-13,3,325486.95
FRPT,2006-07-31,6,292344.96
FRPT,2015-04-24,6,795000.0
FRPT,2015-11-20,4,2340820.1
FRPT,2020-02-28,5,1215984.0
FRPT,2021-12-02,3,858036.29
FRPT,2025-02-26,5,659727.77
FRPT,2025-09-11,4,259656.0
FRPT,2026-05-20,4,352542.3
FRSH,2014-09-11,3,219740.0
FRSH,2015-08-21,4,249392.0
FRSH,2016-08-16,3,484925.79
FRSH,2016-11-25,6,626725.7699999999
FRSH,2017-06-30,3,1134779.9799999997
FRSH,2022-09-16,3,30546009.5
FRSH,2022-12-15,4,46130355.94
FRST,2021-05-10,4,211636.25
FRST,2022-03-10,9,835331.92
FRST,2022-06-22,5,205264.5
FRST,2023-03-15,8,353216.86000000004
FRTA,2017-09-11,8,782376.0
FRTA,2019-03-18,3,331488.39
FRTA,2019-08-14,3,633556.0
FRTR,2011-04-04,3,395320.0
FRZ,2008-02-12,3,5332648.6899999995
FRZ,2008-12-11,4,213478.75
FRZR,2007-01-04,3,672393.36
FSAM,2014-11-04,7,3140750.0
FSB,2015-03-30,4,1195950.0
FSBC,2021-05-06,18,4014980.0
FSBC,2021-11-12,3,367242.56
FSBC,2022-02-24,4,526179.54
FSBC,2022-06-03,4,379808.85
FSBC,2023-04-28,6,210745.78
FSBC,2024-04-01,6,5499987.75
FSBK,2013-03-18,5,238047.05000000002
FSBS,2008-10-16,3,263375.0
FSBW,2012-08-02,6,278802.82
FSC,2008-06-19,4,2293332.0
FSC,2009-05-18,3,438656.51
FSC,2009-12-16,3,224270.0
FSC,2010-08-24,3,750150.95
FSC,2011-05-17,3,287021.0
FSC,2011-12-12,3,219746.0
FSC,2012-03-13,4,336556.0
FSC,2013-03-01,3,234808.0
FSC,2013-05-31,4,323483.55
FSC,2013-12-17,4,200707.5
FSC,2015-02-12,3,7874146.07
FSC,2017-02-14,5,254755.0
FSCI,2010-05-07,3,501763.70999999996
FSCO,2023-06-02,6,1508585.0
FSD,2015-08-25,3,373201.15
FSFR,2013-07-19,4,878583.0
FSFR,2013-12-05,5,728534.55
FSFR,2014-03-20,4,3191057.0500000003
FSFR,2014-08-25,3,5779093.22
FSFR,2014-12-16,6,324632.0
FSFR,2016-02-26,3,2780951.86
FSFR,2017-02-14,5,1152813.73
FSGI,2013-04-12,11,836862.0
FSIC,2014-06-17,3,307255.76
FSIC,2014-10-10,3,591745.2500000001
FSIC,2015-03-04,4,770550.0
FSIC,2015-08-03,3,415961.95999999996
FSIC,2015-12-15,5,249482.65
FSIC,2016-03-15,3,223500.0
FSIC,2017-12-29,6,575692.2999999999
FSIC,2018-04-03,7,474062.80000000005
FSK,2019-01-18,3,6104676.050000001
FSK,2019-06-07,3,209151.65
FSK,2019-09-09,3,335795.0
FSK,2020-03-04,5,215092.8
FSK,2021-08-12,4,1040675.1799999999
FSK,2021-11-23,4,256950.0
FSK,2022-03-09,4,225657.9
FSK,2022-06-10,5,431220.08
FSK,2023-03-10,3,206470.0
FSK,2024-12-06,3,238180.0
FSK,2025-12-09,3,313475.0
FSLR,2006-11-22,4,248000.0
FSLR,2022-08-05,3,1249912.68
FSLY,2019-07-15,3,10417179.58
FSLY,2020-03-23,3,19185282.770000003
FSNM,2008-06-02,5,219312.0
FSNN,2013-07-02,3,447461.0
FSNN,2015-12-23,5,584998.64
FSNN,2016-11-21,6,395000.85
FSNN.OB,2009-12-01,3,450000.08
FSP,2006-06-12,6,267772.25
FSP,2007-09-06,3,1837022.4
FSP,2008-03-07,5,216448.75
FSP,2012-05-24,3,1205500.0
FSP,2013-09-18,3,296758.5
FSP,2014-03-05,4,200686.08
FSP,2015-09-10,5,211027.5
FSP,2016-03-03,3,222610.54
FSP,2017-09-01,5,1100342.2
FSP,2020-09-16,3,1140401.0
FSP,2021-02-22,3,1552971.82
FSR,2007-04-02,8,21192300.0
FSR,2021-11-17,3,1256044.29
FSR,2022-12-06,3,263208.631
FSRL,2010-04-13,10,1166977.0
FSRVU,2019-11-07,3,19950000.0
FSS,2007-09-10,3,475538.05
FSS,2011-04-13,6,202066.5
FSS,2011-12-05,6,212812.78999999998
FSSL,2025-12-01,3,1278818.51
FSSL,2026-03-12,3,639449.9199999999
FST,2006-06-09,3,217279.5
FST,2008-12-03,4,605175.0
FSTR,2011-08-11,3,258970.0
FSTR,2015-08-10,3,270750.0
FSTR,2015-11-23,5,278735.0
FSTR,2016-08-17,3,1036684.94
FSTR,2016-11-18,3,753602.79
FSTR,2017-03-24,3,1755144.4600000002
FSTR,2018-04-27,3,758323.87
FSTR,2023-05-19,3,368896.12
FTAI,2015-11-12,3,1054850.0
FTAI,2016-08-09,3,1047400.0
FTAI,2018-03-05,3,1746186.84
FTAI,2020-03-23,4,782831.27
FTAI,2021-09-14,3,2754000.0
FTAI,2025-05-05,3,1008715.3
FTAI,2025-11-14,3,1432353.48
FTBK,2007-05-21,4,230634.2
FTBK,2007-11-05,5,490776.0
FTBK,2008-02-29,4,321309.25
FTBK,2008-06-16,3,236579.16999999998
FTCI,2023-11-17,3,248924.1
FTCV,2021-06-24,3,6972580.3
FTDR,2022-05-27,3,477750.0
FTEK,2007-12-10,4,202406.19999999998
FTEK,2008-03-11,3,799210.0
FTEK,2008-12-10,3,219132.32
FTEK,2010-06-17,6,281872.01
FTFL.OB,2008-07-18,7,11041600.0
FTHM,2024-05-20,4,268534.7
FTHM,2024-12-02,5,230018.89
FTHY,2022-03-08,3,452074.99999999994
FTHY,2024-04-11,3,1054350.0
FTK,2008-12-12,5,301917.0
FTK,2018-05-16,4,274749.8
FTK,2020-08-24,3,1429293.3699999999
FTK,2023-06-14,3,616847.98
FTK,2023-12-13,4,264080.48
FTNW,2018-12-07,4,355811.86
FTR,2011-09-09,4,424045.0
FTR,2012-05-18,6,450380.5
FTR,2015-11-12,4,562435.6499999999
FTSI,2018-02-06,7,11511000.0
FTSV,2018-07-02,4,21400000.0
FUBC,2009-09-24,8,1130000.0
FUBC,2011-03-22,4,434850.0
FUBO,2020-10-14,3,4559363.25
FUL,2008-10-24,3,296284.52
FULC,2019-07-22,5,8017500.0
FULC,2023-01-06,3,14999094.529999997
FULL,2014-09-25,5,229226.0
FULL,2015-04-08,5,11779376.0
FULT,2006-05-24,4,519690.0986
FULT,2007-08-03,3,634781.4017
FULT,2009-09-09,3,210323.228
FULT,2018-12-06,3,468073.33999999997
FULT,2023-05-15,3,248126.3548
FUN,2007-09-20,3,308412.64
FUN,2010-02-04,3,47576623.08
FUN,2011-08-08,7,569346.6799999999
FUN,2011-11-21,3,33854019.81
FUN,2012-03-27,3,358852.5
FUN,2018-11-06,3,1890480.0
FUN,2020-02-28,3,737620.8
FUNC,2011-05-27,9,206202.11000000002
FUNC,2017-03-21,16,550772.31
FUND,2018-02-15,3,531265.48
FUR,2006-05-04,3,4473761.25
FUR,2006-11-06,4,2640000.0
FUR,2007-05-25,3,871974.4
FUR,2007-11-15,4,494840.0
FUR,2008-06-06,3,1131745.0
FUR,2011-04-07,5,2283750.0
FURX,2011-11-21,3,4647596.58
FUSB,2025-11-26,5,287761.3
FUSN,2020-07-02,9,55532591.0
FUV,2018-11-21,6,822741.0
FVCB,2018-09-18,6,975000.0
FVR,2025-03-27,3,373235.12
FVR,2025-08-21,3,330572.1
FVRL,2006-03-09,5,18750001.14
FWAA,2021-03-01,3,31425000.0
FWAC,2021-05-27,3,27210000.0
FWLT,2008-09-04,3,239364.0
FWRD,2023-08-17,3,1276186.26
FXCB,2006-10-03,12,997873.0
FXCB,2010-07-01,12,768630.0
FXCM,2011-11-28,5,246324.66999999998
FXCM,2012-09-14,3,868411.0
FXCM,2015-12-15,3,321870.0
FXEN,2008-03-14,3,260200.0
FXLV,2021-12-01,3,7076370.000000001
FXLV,2022-08-29,3,8248352.220000001
FXNC,2006-08-29,3,201750.0
FXNC,2007-06-29,3,255078.6
FXNC,2011-03-30,3,210410.0
FXNC,2011-08-26,5,226799.5
FXNC,2023-05-12,4,231541.18
FXNC,2024-05-28,5,200147.14000000004
FYBR,2021-09-28,4,45720028.2
FYBR,2023-03-15,5,20061044.2
FYBR,2023-08-24,5,16115465.3
FZMD,2018-02-08,3,20800000.0
GABA.OB,2006-02-24,7,1338149.75
GABC,2011-09-21,8,211436.6
GABC,2015-07-10,8,315694.7122
GABC,2016-08-18,9,236763.8734
GABC,2017-08-18,8,265629.304
GABC,2018-01-03,3,354792.8821
GABC,2018-06-13,7,1108968.8207
GABC,2018-11-05,6,208527.0
GABC,2019-03-22,6,268260.64
GABC,2019-08-02,8,208868.44
GABC,2020-03-10,8,507935.45
GABC,2020-07-17,10,201943.02999999997
GABC,2021-08-18,9,241422.68
GABC,2022-02-25,7,313544.74
GABC,2022-08-17,9,251492.98
GABC,2023-05-03,7,513059.8895
GABC,2023-08-07,8,334871.9852
GABC,2023-11-24,5,350463.6816
GABC,2024-07-30,7,267957.14639999997
GAIA,2019-08-19,3,886281.22
GAIAX,2024-12-10,5,2628000.0
GAIIX,2024-12-13,3,5000000.0
GAIN,2013-11-20,3,231211.0
GAIN,2014-12-10,3,410953.0
GAIN,2020-03-19,3,273693.0
GAIT,2006-03-27,3,1092850.0
GALT,2019-02-11,3,516735.0
GALT,2019-06-03,6,40262653.36
GAM,2008-10-08,4,262830.88
GAM,2009-05-21,4,205784.0
GAM,2013-09-05,3,1285182.0999999999
GAM,2014-03-06,3,205474.5
GAM,2015-06-30,3,235179.5
GAM,2017-12-18,3,463379.0
GAM,2025-03-07,3,226941.0
GAM,2025-12-09,3,1605513.6900000002
GAM,2026-04-17,3,343271.57
GAMR,2014-05-21,8,12119000.0
GAP,2006-05-19,4,239865.0
GAP,2008-08-12,3,3965986.0
GAP,2008-11-10,6,4331918.0
GARS,2013-04-02,8,2525010.0
GARS,2013-12-13,4,282037.96
GARS,2015-08-11,3,592422.4199999999
GARS,2016-03-10,4,628884.75
GARS,2017-05-16,3,204205.0
GARS,2019-03-13,4,340619.68
GAS,2006-09-06,3,248920.93320000003
GAS,2009-03-06,3,201165.13
GATO,2020-11-12,4,228900.0
GATO,2023-09-13,3,395475.15
GBCI,2011-08-05,6,303730.0
GBCI,2015-08-28,4,259355.0
GBCI,2020-03-13,4,274371.88
GBCI,2023-03-13,3,398898.44000000006
GBCI,2025-11-05,3,223426.25
GBDC,2010-04-22,6,4677424.5
GBDC,2011-04-04,3,4393746.0
GBDC,2011-08-12,3,964574.88
GBDC,2013-09-16,3,1237485.5999999999
GBDC,2024-08-20,3,1621290.0
GBE,2007-08-23,3,1889405.0
GBE,2007-12-14,3,891479.6
GBE,2008-05-27,3,1611824.0
GBE,2008-08-26,4,1025869.72
GBE,2009-06-16,3,614059.0
GBE,2010-09-01,3,237895.35
GBE,2011-02-23,3,203765.99
GBIM,2014-07-09,6,6950000.0
GBIO,2020-06-17,3,19475000.0
GBIO,2023-12-05,3,746555.5499999999
GBIW.OB,2006-02-14,3,1293097732707.0
GBLI,2012-05-02,3,1162649.1400000001
GBLI,2022-08-22,3,473355.0
GBLI,2025-06-02,3,1987818.02
GBNK,2010-08-03,3,3453593.9
GBNK,2012-03-02,3,223484.5
GBT,2016-01-07,8,1652920.0
GBTB,2007-03-26,4,1053292.17
GBTG,2022-06-08,3,27257999.84
GBTS,2006-03-10,4,214893.15
GBTS,2006-07-28,8,748083.79
GBTS,2007-03-28,3,249423.44
GBTS,2007-08-14,4,231933.38
GBTS,2007-11-20,5,878911.67
GBTS,2008-06-27,6,579482.23
GBX,2008-11-17,3,733390.0
GCA,2008-09-02,3,360209.0
GCA,2014-03-18,6,404100.0
GCA,2015-08-12,3,715350.64
GCAP,2013-03-25,3,4561813.65
GCBC,2025-05-15,3,213875.78
GCBC,2025-11-19,5,292266.55
GCBC,2026-03-18,4,255609.0
GCBS,2006-05-17,3,244229.71939999997
GCFB,2012-06-12,4,26000000.0
GCFC,2006-01-12,6,553000.0
GCI,2012-02-29,3,522289.0
GCI,2020-03-05,4,646880.0
GCMN,2007-10-31,5,242000.0
GCO,2016-09-21,4,610276.0
GCO,2021-06-03,3,641870.55
GCO,2023-05-30,3,318663.18
GCP,2018-10-01,3,29650725.13
GCS,2009-05-28,3,472238.58999999997
GCS,2009-12-14,3,239338.65
GCS,2010-03-30,3,240029.0
GCT,2007-05-31,3,412264.0
GCT,2007-09-06,3,924931.0
GCV.G,2023-01-05,3,4250000.0
GDEN,2018-11-15,3,268367.0
GDEN,2019-06-12,3,286610.0
GDL,2007-07-02,3,440445.0
GDL,2008-04-28,3,312995.0
GDL,2008-07-30,3,200227.0
GDL,2009-05-26,3,318659.0
GDL.A,2009-02-13,6,32020550.0
GDL.B,2011-04-19,3,252100.0
GDOT,2012-11-21,3,2105430.16
GDP,2006-06-21,3,1697068.1
GDP,2006-10-05,3,714719.0
GDP,2007-07-24,3,875405.0
GDP,2007-12-12,3,6110000.0
GDP,2009-03-09,3,611276.0
GDP,2010-03-30,3,309496.0
GDP,2012-06-06,3,287613.0
GDP,2013-04-12,5,2710178.0
GDP,2013-08-20,4,2950000.0
GDP,2018-04-02,3,7822604.25
GDRZF,2025-03-24,3,4527877.82
GDV,2026-02-10,4,218154.8
GDV.M,2024-10-15,3,56320000.0
GDYN,2020-08-19,3,205988.95
GE,2006-01-27,3,1563155.0
GE,2007-01-31,3,2352588.0
GE,2008-04-16,3,1515460.0
GE,2008-11-21,3,2033444.46
GE,2009-03-02,4,1826750.0
GE,2014-01-27,3,1366842.0
GE,2015-05-01,4,2267130.0
GE,2017-05-16,3,3854200.0
GE,2017-08-23,5,6118273.34
GE,2017-11-22,4,55895470.0
GE,2018-11-15,3,2783250.0
GE,2019-08-14,3,4491512.32
GE,2022-05-03,3,5391756.299999999
GEC,2017-01-04,3,295257.76
GEC,2017-05-19,5,12151330.350000001
GECC,2018-11-19,4,633642.97
GEEK,2011-01-04,3,455862.25
"GEF, GEF-B",2025-01-08,3,539278.5
"GEF, GEF-B",2025-11-14,3,1776845.52
"GEF,GEF.B",2011-09-14,3,624902.0
"GEF,GEF.B",2015-03-11,3,886012.0
"GEF,GEF.B",2017-06-14,3,935176.62
"GEF,GEF.B",2018-12-28,3,450923.0
"GEF,GEF.B",2019-07-08,3,653499.96
"GEF,GEF.B",2020-03-12,3,362796.0
"GEF,GEF.B",2023-03-17,3,748466.87
"GEF,GEF.B",2024-03-11,3,1851466.2544999998
GEG,2021-06-04,3,822060.0199999999
GEG,2022-05-10,4,2819171.04
GEG,2022-08-10,6,306027.88999999996
GEG,2022-11-08,6,750902.44
GEG,2023-02-27,4,216469.36
GEG,2023-05-31,3,1832117.91
GEG,2023-11-16,3,897902.02
GEG,2024-03-13,3,331175.56000000006
GEHC,2026-05-01,3,556221.67
GEHL,2006-11-15,3,4385108.4
GEL,2012-10-09,4,45680340.0
GEL,2017-11-13,3,1345668.15
GEL,2019-05-13,3,1502200.37
GEL,2019-08-27,3,260270.0
GEL,2020-02-27,4,532054.02
GEL,2021-08-10,3,547083.04
GEMP,2016-08-12,9,6593700.0
GEMP,2017-03-14,4,1036737.72
GEN,2015-11-23,3,324428.0
GENB,2026-03-02,5,150060800.0
GENK,2024-03-13,5,2848060.98
GENR,2007-12-27,3,593806.25
GEO,2020-03-16,3,9856642.38
GEOI,2007-07-26,5,750679.14
GEOY,2008-12-22,3,222612.5
GEOY,2011-12-15,5,9294078.0
GER,2014-09-26,9,737020.0
GER,2015-02-24,3,225448.25
GER,2016-03-23,4,504268.0
GER,2016-06-21,3,419510.35
GER,2017-02-14,4,1545045.6700000002
GER,2017-12-14,3,246296.0
GERN,2025-03-03,3,206275.0
GET,2011-08-23,3,109210562.92
GETG,2013-09-16,3,920000.0
GETI,2006-05-19,3,200178.79
GETI,2006-12-04,3,1284246.4399999997
GETI,2007-09-10,3,993057.14
GETI,2008-03-31,3,1925357.5
GETI,2009-03-19,3,3251161.02
GETR,2022-12-15,4,230005.0
GEVA,2012-07-13,3,76014000.0
GEVA,2013-01-15,3,82724966.87
GEVO,2011-02-15,4,9260295.0
GEYI,2010-06-07,4,269850.0
GF,2006-05-17,6,7450304.1663999995
GFED,2014-03-07,3,782368.0
GFF,2007-11-21,3,1326955.0
GFF,2010-06-08,4,918770.0
GFF,2018-12-06,4,883450.4
GFF,2021-12-23,6,495072.12
GFG,2008-08-06,5,709450.0
GFIG,2008-03-19,6,1763505.1
GFN,2010-06-29,8,293469.0
GFN,2015-05-29,3,828617.17
GFN,2015-10-15,3,289546.5
GFN,2016-02-03,3,1807430.5
GFN,2017-09-25,3,207242.47999999998
GFN,2018-05-24,3,7100594.16
GFN,2018-08-23,3,9422206.56
GGC,2007-12-17,3,7966408.0
GGL,2006-04-12,6,644400.0
GGL,2006-08-01,10,2013978.0
GGO/GGO.A,2016-09-09,4,17284624.0
GGP,2007-06-21,3,3294939.0
GGP,2007-12-20,3,1864012.0
GGP,2008-08-14,3,309514.0
GGP,2011-01-27,3,5655219988.0
GGP,2011-08-10,3,1143933.9500000002
GGP,2013-11-27,3,1063939352.52
GGS,2013-03-04,4,204800.0
GGZ,2014-08-07,3,263198.94
GHBAA,2010-10-21,5,492000.0
GHBBB,2007-11-30,3,9253928.0
GHC,2020-03-02,3,225189.06
GHDX,2006-12-05,4,14062420.7
GHDX,2007-03-05,7,8825802.76
GHDX,2008-06-09,3,8111456.250000001
GHDX,2009-05-11,4,2769381.74
GHDX,2009-08-17,4,3729991.4799999995
GHDX,2010-02-22,3,8287317.999999999
GHDX,2010-08-13,3,4082303.7199999997
GHDX,2011-03-02,3,8039898.84
GHDX,2011-11-14,3,12747036.36
GHDX,2012-02-16,4,22264633.939999998
GHDX,2012-06-15,3,18162391.729999997
GHDX,2013-02-21,3,6119556.61
GHDX,2013-05-29,3,18266902.98
GHL,2018-11-21,3,9998229.36
GHLD,2024-06-10,6,202813.24599999998
GHM,2020-03-06,3,430966.94
GHM,2022-02-14,5,256860.0
GHS,2006-10-27,7,4817895.0
GHS,2007-07-23,4,6605100.0
GHS,2007-11-21,3,284250.0
GHS,2008-03-20,3,3739605.6900000004
GHY,2013-06-05,4,228485.0
GHY,2018-03-27,3,500097.25
GHY,2020-04-24,3,465021716.4
GI,2016-03-11,4,1472095.85
GIC,2021-12-16,3,184111690.62
GIFI,2019-11-21,3,1375678.52
GIFT,2024-10-23,3,1309375100.0
GIGM,2006-07-19,3,2445139.0
GIII,2022-12-07,3,3506534.0
GIM,2022-07-06,3,4058818.3
GIM,2022-10-07,3,20449010.36
GIW,2008-12-12,7,232382.0
GIW,2009-12-01,8,454289.92
GKIS,2007-01-11,5,405878130.0
GKNT,2007-05-09,3,21700425.25
GKNT,2011-05-13,3,1493741.41
GKNT,2012-05-18,4,220034.94
GL,2024-04-26,4,530857.98
GLA,2008-02-05,5,2398400.0
GLA,2008-09-12,3,1077125.6
GLA,2017-03-30,3,490488.82
GLAD,2015-12-16,3,213775.0
GLBC,2006-06-07,3,124564340.0
GLBL,2008-12-05,3,3071486.84
GLBL,2015-08-05,5,31134000.0
GLDD,2017-03-01,3,613440.0
GLG,2008-05-21,3,8237802.24
GLGC,2007-03-01,3,963102.8999999999
GLGC,2007-11-30,6,225579.12
GLND,2026-05-12,3,449906.6
GLO,2007-01-29,4,222978.5
GLO,2017-05-04,3,20085336.94
GLO,2023-02-09,3,312102.0
GLO,2026-01-15,3,217623.74
GLOI,2007-10-31,5,3732295.5
GLOI,2011-12-02,4,517035.0
GLOO,2025-11-20,5,8302000.0
GLP,2015-09-04,3,301077.95
GLPI,2018-11-21,3,873910.0
GLPI,2020-03-18,3,2896492.5
GLPW,2015-08-04,3,3798518.140000001
GLPW,2016-01-21,4,264131.68000000005
GLQ,2015-03-05,3,312253.31999999995
GLQ,2017-04-21,3,803424.0200000001
GLQ,2020-11-06,3,1110560.51
GLRE,2007-05-25,3,2277020.0
GLRE,2008-12-09,4,2176556.8
GLRE,2025-11-21,3,766750.0
GLSI,2020-09-29,4,1112487.0
GLSI,2022-02-14,3,258571.0
GLT,2011-02-28,4,359702.0
GLT,2022-03-07,3,520933.94999999995
GLT,2022-09-07,3,261900.0
GLTC,2013-02-28,3,289819.58999999997
GLTO,2020-11-04,4,27999975.0
GLUE,2021-06-30,16,276750010.0
GLUU,2010-08-31,3,5950000.0
GLUU,2012-11-19,3,215994.34
GLUU,2014-12-08,3,1060285.0
GLV,2017-04-19,3,681613.0299999999
GLW,2008-11-10,3,3143200.0
GLYC,2014-01-15,5,32000000.0
GLYC,2022-11-16,6,447003.65
GM,2011-03-08,4,414675.0
GM,2011-08-11,3,311225.0
GM,2015-05-19,3,1088696.04
GM,2017-08-22,3,896643.5
GMAN,2010-09-16,3,415951.2
GMAN,2014-09-25,3,513855.50999999995
GMAN,2015-04-13,3,255201.0
GMCR,2007-03-30,3,351618.04000000004
GMCR,2007-12-21,3,416111.20999999996
GMCR,2011-11-17,3,310920.6
GMCR,2012-08-09,3,272085.0
GMCR,2013-11-27,3,1506760.0
GMCR,2015-05-15,3,1112440.0
GME,2019-09-24,4,456386.14
GME,2022-03-24,3,10754678.009999998
GME,2023-06-13,3,10337205.58
GME,2025-04-10,3,11140200.0
GME,2026-01-26,3,21984710.0
GMET,2007-02-14,4,221000.0
GMO,2006-09-15,3,1028391.0
GMO,2007-10-12,7,6692415.5600000005
GMO,2008-02-22,3,7658752.899999999
GMO,2008-11-12,3,266299.0
GMO,2010-05-03,3,569950.0
GMO,2011-08-11,3,308330.0
GMO,2014-04-14,3,235556.94999999998
GMR,2011-04-04,7,1627552464448.0
GMRE,2016-07-06,3,30155074.5
GMRE,2018-12-18,3,29999997.0
GMS,2016-06-02,3,329700.0
GMS,2018-09-10,3,222559.36
GMS,2018-12-17,3,3323373.6
GMS,2020-03-26,3,1299118.63
GMS,2022-04-07,3,15260758.63
GMT,2009-03-13,4,204321.0
GMTN,2006-03-15,5,200285.0
GMTN,2007-09-18,6,231788.58000000002
GMXR,2007-10-23,3,15642398.68
GMXR,2009-05-15,3,2000040.0
GMXR,2010-05-14,4,233730.0
GMXR,2011-12-07,4,227667.35000000003
GMZ,2013-11-27,9,854000.0
GMZ,2015-02-24,3,254293.19
GMZ,2016-03-23,4,574486.0
GMZ,2016-06-21,3,534911.0
GMZ,2017-02-14,3,751353.6599999999
GMZ,2017-12-14,3,205428.05
GNBC,2015-02-06,5,641095.48
GNBC,2016-02-03,4,415613.8
GNC,2012-11-16,4,602548.0
GNC,2017-02-27,3,6223730.59
GNC,2017-06-09,4,2388048.0
GNCA,2014-02-11,4,10324128.0
GNCA,2019-02-19,11,51432550.73
GNCA,2019-06-25,11,109999967.0
GNCA,2020-07-28,10,70903350.0
GNE,2012-03-19,3,583608.0
GNK,2014-07-29,3,20972900.900000002
GNK,2014-11-07,3,20777876.07
GNK,2015-05-08,3,12600000.0
GNLN,2019-10-02,3,547200.0
GNMK,2010-06-07,4,9649992.0
GNMK,2012-06-28,8,864003.0
GNMK,2015-11-02,4,210320.0
GNMT,2009-07-31,3,2931587.08
GNMX,2017-10-18,8,1000000.26
GNOM,2010-11-16,6,18849996.0
GNPK,2020-12-01,4,11450000.0
GNPX,2018-04-05,3,500000.0
GNRC,2011-02-23,4,200048.8
GNRT,2015-06-29,4,10922299.57
GNTY,2017-05-15,8,2538000.0
GNTY,2020-03-11,3,856429.92
GNTY,2023-03-13,4,364279.18
GNV,2007-04-03,8,775500.0
GNV,2007-07-19,4,1241378.0
GNV,2007-11-05,8,1433565.6
GNV,2008-02-05,5,1135420.4
GNW,2007-11-06,4,423112.0
GNW,2008-08-25,3,444120.0
GNW,2012-03-07,3,476620.92000000004
GNW,2015-08-19,3,328850.0
GNYS,2012-08-23,4,367607.04
GO,2019-06-28,5,1287660.0
GO,2025-03-03,3,2435050.0
GO,2026-03-11,4,2696414.42
GOAM,2007-11-07,3,3609985.4400000004
GOBI,2021-07-06,3,1.2e+16
GOCO,2021-03-17,3,4154876.3
GOCO,2021-08-18,3,3556280.5200000005
GOCO,2021-11-23,3,5819400.0
GOCO,2022-11-22,3,6045118.04
GOED,2021-06-04,5,1274074.0133
GOED,2021-12-15,3,1203289.5200000003
GOF,2008-10-10,6,225680.0
GOF,2016-04-01,3,292249.0
GOGO,2013-06-28,4,368900.0
GOGO,2014-05-16,4,1918432.1
GOGO,2016-08-10,3,3192500.0
GOGO,2016-11-15,3,3495400.0
GOGO,2018-05-29,3,2839286.48
GOGO,2019-08-27,3,1474119.74
GOK,2007-09-13,3,3648103.0
GOK,2008-03-17,3,1207779.4
GOK,2009-01-20,3,277234.16000000003
GOKN,2006-10-05,3,8005436.6
GOLF,2008-12-04,7,200538.68000000002
GOLF,2016-11-03,15,3580200.0
GOOD,2018-02-23,4,353866.0
GORO,2021-03-29,3,210293.0
GORV.OB,2008-12-11,3,3000000.0
GORV.OB,2009-09-08,3,12383013.0
GORV.OB,2010-07-16,3,7758840.0
GOSS,2019-02-12,3,236000.0
GOSS,2019-09-27,4,371460.38
GOSS,2020-10-14,3,1053802.2
GOSS,2022-07-15,4,1199981.9300000002
GOSS,2023-03-22,3,1069880.29
GOSS,2024-06-24,3,323240.0
GOVX,2012-01-04,6,225089.18
GOVX,2020-09-29,6,1228015.0
GPGI,2026-03-18,3,901699.9999999999
GPI,2008-11-05,4,211950.0
GPMT,2017-06-30,11,3309150.0
GPMT,2017-10-02,3,3534058.4699999997
GPMT,2018-05-29,3,200226.95
GPMT,2021-08-13,3,231340.0
GPMT,2025-05-27,3,303081.67000000004
GPN,2021-08-11,3,800475.02
GPP,2015-06-30,8,1215000.0
GPP,2015-11-20,3,206265.15
GPRE,2006-08-04,4,8300040.0
GPRE,2017-12-01,3,2440046.6199999996
GPRO,2020-03-03,3,231106.25
GPRO,2021-05-19,3,239987.9
GPS,2015-09-01,3,430423059.0
GPT,2016-11-22,3,1287300.74
GPX,2011-11-23,3,653369.0
GPX,2012-05-16,3,521522.28
GPX,2016-09-16,3,1381562.52
GRA,2008-12-03,5,824890.0
GRA,2018-02-14,3,2046456.0
GRA,2019-08-14,3,18794246.41
GRAN,2007-07-25,5,208516.23
GRAY,2020-10-01,4,38300000.0
GRB,2008-10-15,6,382709.25
GRBK,2015-07-01,6,113698760.0
GRBK,2015-11-24,3,282546.0
GRBK,2018-06-28,5,577197.5
GRC,2015-08-25,6,220892.33
GRC,2022-08-30,3,225205.0
GRCYU,2020-07-30,3,7800000.0
GRDB,2008-05-14,3,640000.0
GRDH,2015-03-10,4,584700.0
GRDN,2024-10-01,4,699972.0
GREE,2025-05-20,3,403600.0
GRIF,2015-04-22,8,3014099.4000000004
GRIL,2020-05-15,4,214840.0
GRIL,2023-08-15,3,27632942.24
GRMC,2008-09-24,7,202711.25000000003
GRMC,2018-07-23,8,30019864.84
GRMH,2008-08-18,3,469729.0
GRMN,2008-11-24,4,526366.0
GRNA,2022-02-04,3,22750000.0
GRNA,2022-08-15,3,62749995.84
GRNB,2009-08-03,4,220546.5
GRNT,2023-06-12,7,217336.65000000002
GRNT,2023-09-18,5,283820.0
GRNT,2024-06-17,6,226155.0
GRNT,2024-11-21,5,330450.97
GRNT,2025-12-05,3,208074.02
GRNT,2026-03-16,5,219425.0
GRNT,2026-06-16,4,692719.12
GRPH,2021-07-01,4,14719994.0
GRPN,2022-04-27,3,38826745.66
GRT,2008-02-28,4,709649.08
GRT,2009-03-24,5,209650.88
GRTX,2019-11-12,3,16999992.0
GRTX,2023-03-20,3,212350.0
GRWG,2024-08-16,3,593584.6000000001
GRX,2024-08-21,3,2056605.7
GRX,2024-11-22,3,242319.07
GRX,2025-03-11,3,295925.19999999995
GRX.C,2020-12-22,3,10650000.0
GRYP,2025-01-15,8,245448.84000000003
GSAT,2008-05-19,3,2459966.5
GSAT,2011-08-18,3,213842.2
GSAT,2014-11-13,3,1488780.0
GSAT,2019-12-03,3,1230383.1400000001
GSAT,2022-09-14,5,461750.0
GSB,2017-03-03,3,981936.0
GSBC,2008-04-25,4,386962.14
GSBD,2015-03-18,8,890800.0
GSBD,2020-03-23,8,479594.13
GSCP,2006-01-17,5,379500.0
GSE,2012-02-15,5,225000.0
GSHD,2024-02-27,3,542448.52
GSHD,2026-05-18,3,491325.0
GSJK,2011-06-16,8,1686000.0
GSJK,2014-07-30,3,32761655.5
GSKY,2020-11-17,3,7696101.8
GSL,2006-04-24,3,2180176.48
GSS,2006-09-28,3,298950.0
GSS,2007-12-07,3,306497.0
GSS,2012-05-22,4,316380.0
GST,2014-12-05,4,211710.0
GST,2017-05-25,3,39600004.559999995
GSVC,2011-05-04,5,1663035.0
GSVC,2016-04-04,4,200688.84000000003
GSVC,2017-09-18,3,252100.0
GT,2024-08-12,3,577394.4
GTAX.PK,2007-08-22,10,3829000.0
GTCB,2008-03-17,3,3559720.16
GTE,2015-06-26,4,702504.0
GTE,2016-11-29,4,370782.0
GTE,2018-03-09,3,826596.4
GTE,2019-04-04,3,42541394.330000006
GTE,2019-08-30,3,1117387.0
GTE,2020-03-13,3,288600.0
GTE,2025-04-14,3,2826645.29
GTE,2025-11-25,3,5250665.34
GTEC,2009-12-01,4,585000.0
GTEC,2010-03-04,3,269285.02
GTES,2019-05-14,3,1073197.2
GTES,2019-08-13,3,4263073.12
GTES,2020-03-10,3,4695676.0
GTES,2024-02-20,3,12948897.0
GTF,2009-08-25,3,200361.92999999996
GTHX,2017-05-24,6,18424995.0
GTI,2014-04-28,4,1019025.6499999999
GTIM,2016-05-23,3,261092.0
GTIM,2016-10-31,3,231971.29
GTIV,2011-11-08,5,637700.0
GTLB,2021-10-18,3,150173100.0
GTLB,2022-05-25,3,12756951.86
GTLS,2023-03-20,4,839902.75
GTLS,2024-09-13,3,217071.4
GTLS,2025-03-14,5,209973.17
GTLT,2007-04-12,6,330514.0
GTLT,2007-08-31,3,217490.0
GTLT,2008-01-14,3,355433.07
GTLT,2011-03-28,3,263500.0
GTN,2006-01-11,3,235520.0
GTN,2006-12-18,3,2765142.0
GTN,2007-03-26,3,921441.0
GTN,2007-07-16,3,1219194.0
GTN,2007-11-28,3,4043450.0
GTN,2008-02-28,4,446844.0
GTN,2008-07-18,3,372824.0
GTN,2008-11-14,5,232331.8
GTN,2016-11-18,3,204846.6
GTN,2019-08-14,3,204935.0
GTN,2022-11-17,3,224670.0
GTOP,2006-09-12,3,1914098.42
GTOP,2007-03-05,3,3425887.6
GTOP,2007-06-05,3,6040237.31
GTS,2007-12-12,15,571039.0
GTS,2019-12-16,3,246557.13
GTT,2017-03-14,4,681000.0
GTT,2018-05-09,3,323026.0
GTT,2018-08-15,3,26700114.369999997
GTT,2018-11-13,3,34354028.0
GTT,2019-08-13,8,595728.6
GTT,2019-11-26,4,2382318.08
GTX,2020-10-28,3,2918132.0
GTX,2021-05-19,3,968855.1799999999
GTXI,2007-12-07,3,751242.43
GTXI,2009-01-27,3,298248.0
GTXI,2010-06-24,3,2099115.8
GUID,2013-03-14,3,1487803.9400000002
GUTS,2024-02-08,4,21999975.0
GV,2007-12-10,3,241252.15
GVA,2008-03-11,3,1327960.0
GVA,2019-08-15,3,303109.0
GVFF.OB,2006-01-06,8,1158360.0
GVP,2015-12-14,4,262876.0
GVP,2016-06-15,4,234411.88
GWAV,2024-12-05,3,380821.32
GWAY,2012-02-09,7,13648340.0
GWB,2014-10-20,7,1130400.0
GWB,2020-07-31,4,324050.0
GWRS,2017-12-20,4,26279783.59
GWRS,2022-03-02,3,440893.93789999996
GWW,2010-11-19,3,200638.0
GXP,2006-01-24,9,315047.25
GXP,2007-01-24,9,449771.67
GXP,2008-05-28,3,346356.0
GXP,2008-09-19,3,207099.12
GXYF,2009-05-08,3,6690466.8
GY,2007-08-03,3,18874657.0
GYRO,2011-10-20,3,210463.0
GYRO,2015-06-30,4,405616.75
H,2010-08-26,3,350950.99
H,2011-09-20,5,2095730.0
HAE,2008-05-06,16,318921.60000000003
HAE,2008-11-06,4,225772.2
HAFC,2011-11-18,7,218800.0
HAFC,2013-08-29,3,671409.7
HAFC,2018-08-07,3,374563.0
HAFC,2020-03-24,5,257018.8
HAIN,2010-09-08,4,14961820.0
HAIN,2010-12-07,5,13887263.48
HAIN,2011-03-09,4,3885253.0
HAIN,2017-11-09,3,2000035.0
HAIN,2019-03-07,3,184168579.04000002
HAIN,2023-11-16,3,419975.0
HAIN,2024-05-15,3,207995.0
HAIN,2025-05-12,3,811325.0
HAIR,2018-08-13,4,6599998.5
HALL,2009-04-13,3,666458.76
HALL,2009-09-29,3,758219.49
HALL,2010-10-15,3,3133047.28
HALL,2011-04-15,3,606475.73
HALL,2012-04-24,3,338803.98
HALL,2013-09-19,3,393842.7
HALO,2008-03-20,3,12281429.44
HALO,2011-08-11,3,6027497.25
HALO,2012-11-29,3,448450.0
HAMP,2011-12-20,6,444390.0
HAMP,2012-06-19,3,228235.1
HAQ,2007-05-07,3,377500.0
HAQ,2007-08-07,6,5744000.0
HARI.OB,2012-03-19,6,233955.31999999995
HARL,2008-03-31,6,234022.65
HARP,2019-02-14,8,41499976.0
HAS,2011-07-25,3,552650.0
HASI,2013-04-25,3,357750.0
HASI,2013-11-19,3,229478.6
HASI,2015-08-17,3,362633.49999999994
HASI,2016-03-08,3,281610.18
HASI,2016-11-18,3,239416.0
HASI,2018-06-07,3,393299.15
HASI,2020-03-18,6,238509.8795
HASI,2022-11-09,5,711945.0
HASI,2023-03-16,5,484181.04000000004
HASI,2023-08-21,10,802306.25
HAWK,2006-08-17,3,857298.0
HAYW,2021-03-16,7,595850.0
HAYW,2021-09-22,7,595850.0
HBAN,2007-07-31,4,223185.9
HBAN,2008-06-25,4,217076.0
HBAN,2009-04-24,14,1581690.0
HBAN,2009-11-03,5,711221.0
HBAN,2010-02-01,7,926067.0
HBAN,2010-12-17,19,1029420.0
HBAN,2011-08-04,3,487180.5
HBAN,2012-05-10,3,234593.0
HBAN,2013-03-01,6,348418.85
HBAN,2014-05-07,3,262618.5
HBAN,2016-02-01,4,1341349.21
HBAN,2022-04-28,3,272871.8308
HBAN,2026-03-16,3,1040353.64
HBB,2020-11-13,3,6439104.449999999
HBCP,2008-10-06,10,5084030.0
HBDT,2008-06-30,6,841767.16
HBDT.OB,2009-11-02,3,3665398.1999999997
HBDY,2007-09-24,3,41250000000.0
HBE,2008-02-19,3,514224.43999999994
HBHC,2008-02-29,9,375983.59789999994
HBHC,2010-08-02,6,276734.7
HBHC,2011-08-24,4,371760.0
HBHC,2015-02-05,4,390414.75800000003
HBHC,2016-01-29,3,398466.8692
HBI,2007-11-28,3,433325.2
HBI,2008-08-04,5,1719240.0
HBI,2009-03-05,4,508080.0
HBI,2018-05-18,3,1244923.8
HBI,2018-11-20,3,940079.0
HBI,2022-09-08,5,728976.2799999999
HBIA.PK,2009-12-16,8,848000.0
HBIA.PK,2011-09-21,7,815535.0
HBIO,2006-08-09,3,2943465.0
HBIO,2006-12-11,3,582018.75
HBIO,2007-08-07,3,319183.55
HBIO,2007-11-21,3,531762.88
HBIO,2019-08-20,3,223889.2
HBIO,2026-04-01,4,202353.5
HBK,2012-10-12,7,1316920.0
HBKA,2014-04-17,10,749350.0
HBKA,2016-02-10,3,1053649.54
HBKS,2006-07-03,8,1796837.5
HBKS,2006-12-29,4,544143.0
HBKS,2009-05-11,3,240300.0
HBMD,2012-07-24,15,2167552.5
HBMD,2017-02-03,12,781740.0
HBMD,2018-08-24,5,206809.0
HBNC,2006-05-02,3,279538.0
HBNC,2009-02-03,3,288000.0
HBNC,2012-03-01,3,207220.19
HBNC,2014-05-22,6,280984.8
HBNK,2007-01-17,19,2073100.0
HBOS,2010-12-01,13,570000.0
HBT,2019-10-18,11,1508800.0
HBT,2020-03-12,4,284918.0
HBT,2020-06-12,3,243990.0
HBT,2020-09-11,4,632998.29
HC,2006-11-06,3,8937762.0
HCA,2011-03-17,5,1050000.0
HCA,2022-05-04,3,19373413.040000003
HCAP,2015-08-28,3,362755.25999999995
HCAP,2015-12-15,4,590954.6
HCAP,2016-11-03,3,256652.95
HCAP,2017-12-18,4,865460.07
HCAP,2018-03-19,4,507805.73
HCC,2007-08-13,3,408802.5
HCC,2008-03-17,4,1616516.8
HCC,2009-09-15,3,532703.3400000001
HCC,2011-08-11,3,323935.0
HCCI,2008-03-19,7,9256867.5
HCCO,2020-11-02,3,31336642.68
HCCOU,2019-12-19,3,21000000.0
HCDI,2021-12-06,6,205182.29
HCF,2008-01-30,3,1131208.0
HCF,2012-08-17,3,1060459.47
HCFB,2016-04-13,6,1035000.0
HCFT,2018-06-05,5,263663.5
HCFT,2018-12-26,6,217840.0
HCHC,2016-11-15,4,318942.0
HCHC,2020-06-17,3,5904900.899999999
HCI,2017-12-19,3,331440.0
HCI,2018-12-20,6,233942.9
HCI,2022-04-07,3,254590.0
HCI,2022-08-24,5,218651.48
HCIC,2026-02-09,3,20130000.0
HCLP,2012-08-22,4,606900.0
HCLP,2014-12-12,3,2783318.18
HCOM,2011-09-29,3,427450.0
HCOM,2012-11-20,3,1309726.0
HCOM,2013-02-20,5,1366797.6999999997
HCOM,2013-08-23,3,864484.63
HCOM,2014-09-30,3,1132628.1400000001
HCOM,2015-01-12,3,1899233.83
HCOM,2015-05-28,3,2327985.45
HCOM,2015-08-27,4,833535.7
HCOM,2015-11-25,3,2251333.0
HCOM,2016-03-14,3,1445641.62
HCP,2015-11-12,3,527725.0
HCP,2016-02-12,4,1036258.64
HCP,2022-04-26,3,6202095.340000001
HCPO,2008-07-23,3,39368820.0
HCR,2019-06-10,3,302620.0
HCWB,2021-07-23,5,6570000.0
HCWB,2023-06-07,3,237297.86000000002
HCWB,2025-05-09,6,2875054.0
HCWB,2026-05-27,3,431530.5
HCWC,2024-09-18,3,250000.0
HD,2008-06-05,3,156561306.27
HD,2018-11-21,3,2570800.0
HDHL,2009-11-23,3,1600000.0
HDP,2014-12-18,4,6400000.0
HDP,2016-02-26,3,212587.0
HDSN,2007-07-02,4,5899985.0
HDSN,2026-05-21,8,209503.5
HDY,2007-06-26,5,611851.8
HDY,2010-06-30,4,272828.95999999996
HDY,2013-03-11,3,302553.89
HE,2009-03-11,4,218602.698
HEAR,2016-02-08,3,3150000.0
HEAR,2019-06-12,4,398036.53
HEAR,2023-05-15,4,267515.0
HEB,2006-12-07,3,202352.0
HEB,2010-06-18,3,360230.85
HEB,2019-06-25,6,381032.47
HEES,2006-02-06,8,1297800.0
HEES,2014-12-09,3,978550.44
HEES,2015-03-09,3,378425.0
HEES,2015-08-13,3,689325.0
HEES,2016-11-01,3,691181.1599999999
"HEI, HEI.A",2006-10-23,5,251269.0
"HEI, HEI.A",2008-01-09,9,531176.0
"HEI, HEI.A",2009-07-29,4,286099.10000000003
"HEI, HEI.A",2010-09-24,9,599494.0
"HEI, HEI.A",2011-11-01,9,678113.38
"HEI, HEI.A",2012-10-29,7,527460.0
"HEI, HEI.A",2013-10-31,9,614673.0
"HEI, HEI.A",2014-12-19,11,1134290.3900000001
"HEI, HEI.A",2015-09-23,11,763265.5
"HEI, HEI.A",2016-09-09,11,1296397.0000000002
"HEI, HEI.A",2017-10-03,10,1141200.0
"HEI, HEI.A",2018-10-10,7,830934.56
"HEI, HEI.A",2019-10-30,9,1032052.2000000001
"HEI, HEI.A",2020-10-14,8,871906.56
"HEI, HEI.A",2021-09-10,8,831086.54
"HEI, HEI.A",2023-01-11,10,1828818.05
"HEI, HEI.A",2023-06-06,10,314808.4
"HEI, HEI.A",2024-10-21,10,1907892.64
"HEI, HEI.A",2025-10-14,8,1317222.0
HEK,2012-05-18,5,478547.28
HELE,2025-07-16,3,425948.45
HELI,2014-01-23,5,1100000.0
HENC,2011-03-11,6,200278.15
HENC,2015-02-18,5,210000.0
HEOP,2008-11-21,6,223663.3
HEOP,2009-02-19,4,214785.8
HEOP,2010-03-16,8,315000.0
HEP,2008-10-10,3,237688.0
HEPA,2026-04-27,4,400000.0
HERO,2007-08-09,3,694662.8
HERO,2008-08-05,3,1292712.92
HERO,2008-11-13,3,1253262.8
HERO,2012-06-19,3,312150.0
HERO,2014-06-25,3,425960.0
HES,2012-03-08,10,248608.80000000002
HES,2015-03-05,14,4323102.08
HES,2015-09-25,3,8052383.000000002
HES,2016-02-09,4,2349984.0
HES,2017-03-02,11,275304.04000000004
HES,2018-03-08,11,275172.48
HES,2019-03-08,10,250790.80000000005
HES,2020-03-10,8,200073.28
HESM,2017-04-12,8,6741300.0
HFBC,2009-03-10,9,640800.0
HFBLD,2010-12-27,9,285000.0
HFC,2021-05-12,3,713470.0
HFC,2021-08-11,3,754445.0
HFUS,2024-04-04,5,460280.0
HG,2023-12-12,3,3404138.26
HGBL,2014-12-16,6,329900.0
HGBL,2015-06-01,5,234000.0
HGBL,2017-01-03,3,1461771.38
HGBL,2020-05-22,3,599920.0
HGBL,2020-10-06,3,3254557.38
HGBL,2021-12-02,4,215456.82
HGEN,2022-03-15,4,3154210.0
HGG,2008-11-12,3,305910.96
HGG,2009-07-28,3,33999999.0
HGSI,2008-11-14,3,265790.43
HGSI,2011-08-09,3,366410.0
HGT,2006-05-18,6,5002422.25
HH,2008-09-09,3,215570.97
HH,2016-01-27,6,519772.77
HHC,2010-11-30,3,58268051.67
HHC,2011-08-22,3,373447.0
HHC,2013-06-17,3,1590924.9
HHC,2018-11-16,3,6078392.3
HHC,2019-11-19,3,862310.0
HHC,2020-03-31,5,501310980.11
HHC,2022-12-30,3,162964748.48
HHC,2023-04-12,3,8023417.350000001
HHGP,2006-11-14,3,407092.48
HHH,2023-10-19,3,52953044.690000005
HHS,2022-02-28,3,326722.5
HHS,2024-05-15,3,259452.81
HHS,2024-08-15,3,613822.1100000001
HI,2008-04-09,3,1779612.3399999999
HI,2008-12-29,3,873775.5
HI,2011-08-15,6,247396.0
HI,2020-03-02,4,207410.0
HI,2023-12-07,3,424123.62
HI,2024-05-06,4,265380.48
HI,2025-02-10,4,219950.0
HIBB,2017-09-01,4,312595.0
HIBB,2020-04-03,3,231044.4
HIBB,2021-07-16,3,474218.0
HIBE,2009-01-28,10,1495760.0
HIE,2021-01-13,3,993966.84
HIFR,2015-12-07,4,821675.0
HII,2018-05-15,3,635473.2
HII,2025-02-28,3,624169.9
HIIQ,2019-03-25,3,3073888.34
HIL,2016-03-21,4,421745.44000000006
HIL,2016-08-16,5,502776.5
HIL,2018-11-21,3,1225040.0
HIL,2019-05-15,3,458267.86
HIL,2020-05-14,3,259437.26
HIPO,2021-08-23,7,2047715.51
HIPO,2021-11-26,3,273975.0
HITC,2024-08-02,3,2630235.46
HIW,2022-09-29,3,210315.0
HK,2008-08-13,4,667094.0
HK,2008-11-13,3,355020.0
HK,2010-04-07,3,355659.0
HK,2012-08-06,4,717653.94
HK,2012-11-13,8,2019786.1
HK,2013-06-17,3,10964581.25
HK,2013-12-05,4,445620.0
HK,2014-12-08,4,405000.0
HK,2015-12-21,5,260000.0
HK,2018-03-12,3,7982455.48
HKFIQ.PK,2007-06-14,3,2167850.0
HKN,2008-10-15,3,694311.23
HLCS,2007-05-31,9,23784606.0
HLCS,2009-09-21,3,1872998.0099999998
HLF,2008-11-06,5,1229169.9700000002
HLF,2012-05-11,3,650900.0
HLF,2014-07-31,3,1709467.0
HLF,2014-11-12,3,324258.0
HLF,2021-08-17,3,415665.75
HLF,2022-05-12,4,1509738.22
HLF,2022-12-13,4,482809.75
HLF,2024-03-13,3,646117.94
HLIT,2011-08-10,3,268541.8
HLIT,2025-02-13,3,286142.55
HLMN,2022-03-07,5,2194625.1
HLMN,2022-11-30,3,1590510.0
HLNE,2026-02-24,4,3217604.4
HLNE,2026-06-15,3,14241108.139999999
HLR,2006-05-19,3,216085.0
HLS,2007-08-15,4,2475760.65
HLS,2008-11-12,3,972540.3
HLSS,2012-03-06,4,10468990.0
HLSS,2012-08-23,3,995572.62
HLSS,2013-05-29,3,276745.55
HLSS,2014-02-28,3,252254.25
HLTH,2016-02-03,6,204491.89
HLX,2009-03-06,5,1628527.51
HMA,2007-08-03,3,2446606.0
HMA,2008-11-03,3,664385.2
HMA,2012-12-27,3,49780136.13
HMH,2026-04-06,5,1480000.0
HMPR,2006-03-17,3,256322.0
HMPR,2007-02-07,7,243212.92950000003
HMPR,2007-08-09,3,357452.25
HMPR,2008-08-13,6,434149.08
HMPR,2009-02-19,4,213730.0
HMPR,2009-11-23,10,429658.0248
HMPR,2012-06-28,3,23607551.28
HMPR,2012-09-28,4,30310210.699999996
HMST,2012-02-14,6,423148.0
HMST,2014-02-07,3,210755.15999999997
HMST,2018-04-27,5,354231.0
HMST,2020-03-12,3,605938.3400000001
HMST,2020-11-09,3,699741.3600000001
HMST,2021-08-05,3,766099.8200000001
HMST,2022-05-17,3,1878482.62
HMST,2023-05-08,6,550972.49
HMSY,2015-08-14,5,266923.0
HMTV,2015-10-30,3,1262571.67
HMTV,2022-04-14,3,2350619.52
HMX,2006-07-17,4,735140.0
HMX,2007-05-25,3,3459423.0
HMX,2008-11-05,4,207471.75
HNAB,2006-05-18,3,551532.0
HNH,2011-03-22,3,568059.7
HNH,2011-06-23,3,1098647.04
HNH,2011-09-23,3,4137805.36
HNH,2012-02-17,3,265889.71
HNH,2012-05-25,3,1319351.44
HNR,2008-05-08,3,447434.5
HNR,2008-08-20,4,211510.0
HNR,2010-05-14,4,416445.0
HNR,2013-12-02,6,774900.0
HNSN,2009-04-21,4,500003530785.5
HNSN,2010-04-30,3,2026600.0
HNSN,2013-08-01,6,1411405.32
HNVR,2022-05-11,15,1291500.0
HOFT,2019-04-25,3,268445.0
HOFV,2020-08-24,3,247491.2
HOFV,2021-02-16,5,249900.0
HOFV,2022-03-18,8,304060.0
HOG,2026-03-09,3,412010.0
HOLX,2008-08-08,4,1745905.0
HOLX,2018-03-16,3,954244.0
HOMB,2006-06-27,10,648819.2300000001
HOMB,2006-11-03,3,832940.14
HOMB,2007-03-02,4,303630.5
HOMB,2009-01-23,3,256940.55
HOMB,2010-02-18,3,217513.0
HOMB,2014-05-16,3,357502.32
HOME,2007-12-20,5,2600125000.0
HOME,2016-09-20,7,1566658.48
HOME,2018-12-11,3,529180.1900000001
HOME,2019-09-10,6,11091353.120000001
HOME,2020-09-28,3,385792.798
HON,2011-08-26,3,546446.0
HONE,2016-07-01,18,3585000.0
HOOK,2019-04-25,3,18249980.0
HOS,2007-03-16,3,726114.6
HOS,2008-12-18,3,2158744.4
HOS,2010-06-16,3,636501.5
HOS,2014-05-12,3,2260295.0
HOS,2016-01-08,3,462711.2
HOT,2008-11-19,3,830423.24
HOTJ,2007-10-16,3,1130000.3
HOV,2008-01-14,3,4071077.26
HOWL,2021-05-04,7,47200000.0
HP,2025-02-19,3,1662350.48
HPCO,2008-07-23,3,8180696.0
HPCO,2009-10-05,3,59748701.7
HPGP,2006-09-27,5,1036000.0
HPGP,2008-11-17,3,573974.1
HPK,2022-09-23,3,50070988.900000006
HPK,2023-07-21,8,92967525.0
HPP,2010-07-01,5,36569516.0
HPP,2011-05-04,5,1096500.0
HPP,2016-05-20,3,1931055.0
HPP,2018-12-06,3,519054.16
HPP,2020-03-30,3,2290470.0
HPP,2022-09-27,4,505424.4
HPP,2023-03-30,3,232523.25
HPP,2025-06-16,14,2564983.9099999997
HPR,2018-08-20,4,351100.0
HPR,2018-12-17,3,563850.0
HPR,2019-06-03,5,216200.0
HPTO,2015-07-30,6,224483.60000000003
HPTX,2012-08-02,16,67180000.0
HQGE,2012-09-07,3,8362560.0
HQI,2019-12-05,4,272721.0
HQI,2022-06-08,3,206645.09
HQI,2023-08-17,3,293410.0
HQL,2024-04-29,3,5357439.51
HQY,2014-08-07,5,1057000.0
HQY,2019-07-15,4,2440000.0
HQY,2021-12-16,3,1770982.47
HR,2024-09-06,4,892245.15
HR,2024-12-20,4,492019.0
HRB,2011-09-20,5,440910.0
HRC,2009-03-03,3,365133.97000000003
HRC,2010-05-12,3,1016980.0
HRC,2011-08-18,3,276960.0
HRL,2008-12-03,4,511366.34489999997
HRL,2009-03-06,3,206818.6139
HRL,2010-01-07,3,276633.9405
HROW,2022-12-23,5,5263856.36
HROW,2026-05-19,4,468720.0
HRT,2022-06-06,3,5202024.5200000005
HRT,2022-11-18,4,11876524.940000001
HRTG,2014-06-02,5,3473800.0
HRTG,2016-06-15,4,321447.16000000003
HRTG,2017-08-14,4,691434.0
HRTG,2018-08-13,4,253853.12
HRTG,2018-11-13,3,558810.5
HRTG,2022-11-16,3,725958.3999999999
HRTG,2024-05-07,3,540050.0
HRTG,2025-03-17,3,280450.0
HRTH,2021-09-08,4,268265.0
HRTX,2019-10-07,3,5169990.0
HRTX,2023-11-20,3,260650.0
HRZN,2020-03-31,4,232619.43
HRZN,2022-05-17,4,286641.0
HRZN,2026-06-10,5,585974.95
HSAQ,2020-08-06,3,4800000.0
HSC,2016-03-15,3,235797.6
HSC,2019-08-21,3,528702.5
HSC,2020-03-13,4,239441.76
HSDT,2017-12-26,4,1654998.52
HSGX,2014-12-08,4,12479929.0
HSII,2020-03-17,4,229320.05
HSOA,2006-12-04,5,312250.0
HSON,2012-07-25,3,3097440.0
HSON,2012-11-19,3,285650.0
HSON,2013-08-27,7,227553.16999999998
HSON,2014-10-21,4,1125068.67
HSTM,2008-11-14,3,606262.9199999999
HSWI,2008-07-11,3,2277694.48
HSWI,2008-10-17,3,399036.66
HSY,2018-11-07,3,10214680.0
HSY,2019-05-31,3,401990.0
HSY,2025-11-26,3,445416.0
HT,2008-01-04,3,262343.33
HT,2008-11-14,4,248144.75
HT,2009-11-25,3,221474.5
HT,2010-03-23,4,33107500.0
HT,2010-10-21,3,34255600.0
HT,2016-02-23,4,234895.0
HT,2016-09-13,3,254883.5
HT,2018-11-05,4,216120.0
HT,2019-08-30,3,374880.43
HT,2020-01-08,3,211446.0
HT,2020-04-09,5,1507369.74
HTA,2012-12-07,5,665260.0
HTA,2013-08-08,3,270762.5
HTA,2018-06-08,7,247530.0
HTBI,2012-07-11,15,8260900.0
HTBK,2007-09-04,3,212840.0
HTBK,2008-06-10,3,539759.4
HTBK,2009-08-25,3,205456.50199999998
HTBK,2009-12-08,6,373312.88
HTBK,2012-08-21,3,259262.0
HTBK,2019-06-03,3,277087.82999999996
HTBK,2020-02-07,3,238094.46
HTC,2009-04-02,4,1313040.0
HTCH,2006-08-07,3,850862.2799999999
HTCH,2009-03-06,3,318382.8
HTCH,2011-11-10,3,258640.0
HTGC,2007-09-04,4,245185.0
HTGC,2010-12-01,4,229269.2
HTGC,2011-06-03,3,262600.0
HTGC,2024-08-08,6,500140.79000000004
HTGC,2025-05-09,6,555913.83
HTGC,2026-02-24,3,868208.45
HTGM,2015-05-13,4,14000000.0
HTH,2008-10-15,3,57504860.0
HTH,2015-03-16,3,997748.96
HTLD,2023-03-15,4,1876663.5100000002
HTLD,2023-08-24,3,2319272.5
HTLD,2023-11-29,3,1711169.7499999998
HTLD,2024-04-30,3,4737118.4
HTLD,2025-05-14,3,7034968.87
HTLF,2007-06-14,3,220527.8
HTLF,2011-03-17,3,220164.0
HTLF,2020-11-10,3,213774.68
HTLJ,2010-08-31,3,401145.52
HTM,2016-05-18,3,1018276.41
HTRN,2008-08-14,5,618284.0
HTS,2008-05-02,6,1271208.0
HTS,2008-12-17,6,869792.0
HTS,2011-03-22,7,577125.0
HTS,2012-11-14,3,545900.0
HTS,2013-08-01,3,519221.0
HTV,2006-01-12,3,5764877.0
HTV,2006-04-12,4,12485119.0
HTV,2006-07-18,3,35573645.4
HTV,2007-12-13,3,1406807.0
HTV,2008-03-12,4,11382079.030000001
HTV,2008-06-10,4,13583694.96
HTWC,2007-07-02,10,453500.0
HTWO,2013-03-28,6,10448960.0
HTWO,2015-03-06,4,70555422.0
HTZ,2006-11-20,6,364800.0
HTZ,2007-08-06,7,30158536.09
HTZ,2008-03-03,4,1090169.99
HTZ,2008-11-21,3,442569.97
HTZ,2009-07-07,3,125006040.71
HTZ,2014-12-17,3,58394973.68
HTZ,2015-08-17,4,3938634.0
HTZ,2016-05-17,3,1323500.0
HTZ,2016-11-15,3,388706181.32000005
HUBG,2007-11-13,3,989448.5
HUBG,2022-08-15,3,19867843.41
HUBS,2026-05-12,3,2585781.46
HUMA,2021-08-27,3,45675000.0
HUMA,2022-09-19,3,481296.4
HUMA,2024-06-03,4,747747.25
HUN,2006-09-01,3,667402.0
HUN,2008-12-16,6,3880750.0
HUN,2018-12-11,3,861100.0
HUN,2020-02-26,4,353176.0
HURC,2023-09-20,5,298336.37
HURC,2025-07-07,4,220478.9
HUVL,2006-08-08,3,1780837.9
HUVL,2008-12-31,3,840000.0
HUVL,2009-10-29,5,4525000.0
HVB,2014-02-11,3,230304.05
HVBC,2021-02-26,4,237372.0
HW,2007-11-13,5,219271.0
HW,2008-12-15,3,364680.0
HW,2011-08-22,3,386054.26
HWAY,2015-11-04,4,325490.96
HWAY,2016-11-07,3,223421.98
HWBK,2020-08-12,3,401015.62
HWBK,2021-06-03,3,569148.55
HWBK,2024-03-01,4,219836.0
HWCC,2007-08-16,3,307970.0
HWCC,2018-11-21,3,307685.96
HWCC,2019-08-29,4,210740.0
HWCC,2020-03-18,3,814920.0
HWFG,2006-08-28,4,220494.47999999998
HWFG,2007-08-21,6,1146801.17
HWFG,2008-03-28,4,282503.0
HWFG,2008-10-01,8,225000.0
HWK,2007-03-27,4,252936.0
HWK,2010-11-08,3,870360.88
HWKN,2016-02-26,3,353190.0
HWLT,2011-06-16,3,211155.0
HXL,2024-04-30,4,2185420.0
HY,2016-09-21,20,2391404.0799999996
HY,2018-09-06,59,759224.1399999998
HY,2018-12-07,60,8504159.209999999
HY,2019-03-11,60,2574772.07
HY,2019-06-17,65,2196399.4299999997
HY,2021-01-26,20,13374501.0
HYC,2009-06-16,3,69428313391.6
HYC,2010-09-23,3,978195.74
HYDQ,2008-08-22,3,2412495.2
HYLN,2023-11-15,4,243845.96000000002
HYMC,2021-06-10,3,411250.0
HYNE,2025-12-05,10,2428915.6
HYPD,2025-12-22,3,398042.76
HYPR,2022-12-20,3,1598730.6800000002
HZN,2017-03-16,5,258699.94
HZN,2019-08-22,3,476114.06
HZN,2019-11-22,3,565601.49
HZN,2021-05-11,4,1676724.6400000001
HZN,2022-02-17,3,1113417.1800000002
HZN,2022-05-20,3,692133.2
HZNB,2007-05-16,3,4146715.3
HZNP,2011-08-04,9,22732776.0
HZNP,2012-03-06,5,28267584.05
IAAC,2009-12-21,3,202432.24
IAMXU,2017-08-22,3,7635000.0
IAO,2007-04-12,5,266475.0
IAR,2008-08-05,4,299500.0
IASG,2006-06-16,4,691885.0
IAUX,2025-03-03,6,470792.85
IAUX,2026-03-31,3,1454540.0
IBCA,2010-10-21,8,258690.9
IBCP,2007-04-27,5,291778.8
IBCP,2013-08-29,15,214287.5
IBFL,2006-10-19,3,419926.0
IBI,2008-05-12,4,289395.0
IBIO,2025-01-13,7,654995.0400000002
IBKC,2011-08-12,3,295392.0
IBKR,2009-08-06,4,10368870.240000002
IBM,2018-11-05,5,2091924.15
IBM,2020-10-29,3,1660342.5
IBM,2026-02-25,3,417156.72
IBP,2020-03-16,3,1061670.0
IBP,2026-05-12,4,844196.66
IBPI,2006-02-28,3,611875.0
IBPI,2006-06-21,3,879207.5
IBPI,2006-12-27,3,1307300.0
IBRX,2023-06-05,3,289093.35
IBTA,2024-10-29,3,4899130.36
IBTGF,2010-03-17,3,285000.0
IBTGF,2015-05-14,4,266250.0
IBTX,2013-04-05,9,2431390.0
IBTX,2013-08-28,5,689686.5
IBTX,2013-12-05,4,442070.27
IBTX,2014-06-06,10,611747.86
IBTX,2014-11-10,6,381792.14
IBTX,2015-02-09,5,354080.0
IBTX,2015-05-13,3,407735.0
IBTX,2015-11-17,3,202333.0
IBTX,2016-02-16,5,576495.83
IBTX,2016-06-28,3,611905.9
IBTX,2018-10-25,5,1106491.0
IBTX,2023-05-04,3,227790.0
ICAD,2021-12-15,4,209716.5
ICBK,2017-02-13,3,209127.74
ICCH,2017-03-29,13,2779000.0
ICD,2014-08-15,5,19943000.0
ICD,2018-12-27,3,245104.06
ICGE,2009-12-22,3,497684.91000000003
ICGN,2011-09-16,3,60423036.0
ICMB,2019-11-12,4,211668.68
ICMB,2020-02-11,4,243345.75999999998
ICMB,2020-05-12,4,270572.31000000006
ICO,2006-06-15,4,24503423.0
ICO,2007-08-23,3,7165380.0
ICO,2008-11-20,5,6080545.5
ICO,2009-02-24,4,10014100.0
ICOG,2007-08-15,3,4268102.1
ICOG,2008-01-23,3,4162290.0
ICOG,2008-10-22,7,633415.5700000001
ICOG,2010-09-08,3,465435.0
ICPT,2012-10-16,3,20500020.0
ICPT,2018-04-09,5,51074880.0
ICPW,2014-08-26,7,620673.7999999999
ICTSF,2018-04-10,5,1749000.0
ICTSF,2019-06-04,7,960000.0
ICVX,2021-08-02,3,4420260.0
ID,2007-08-08,3,844971.0
ID,2008-11-03,3,7128800.0
ID,2009-03-10,3,1812772.0000000002
IDCC,2012-01-26,3,668093.56
IDCP,2008-09-23,3,340000.0
IDI,2015-07-23,5,294974.35
IDI,2016-01-12,4,268865.0
IDI,2016-05-19,3,12718843.5
IDRA,2013-09-18,3,673801.02
IDRA,2016-10-11,3,6521324.8
IDSY,2016-10-11,3,478122.68000000005
IDSY,2019-03-18,4,676597.1799999999
"IDT,IDT.C",2008-03-18,3,1139500.0
IDXX,2007-02-28,3,564179.0
IDYA,2019-05-28,5,20500000.0
IE,2022-07-05,4,1614132.2
IE,2024-03-07,4,204644.66
IE,2025-03-11,3,493025.0
IEA,2021-08-05,4,140141716.0
IEA,2021-12-20,6,210270.76
IEAM,2006-12-06,3,744950.0
IEAM,2007-03-19,3,7219405.699999999
IEAM,2007-06-18,3,5498408.35
IEBS,2013-01-03,13,1170000.0
IEC,2011-08-26,3,275220.0
IEC,2012-02-02,4,211211.15999999997
IEC,2015-05-21,3,476202.31999999995
IEC,2016-02-22,3,515755.0
IEC,2019-06-06,4,202985.0
IEECD,2016-06-06,6,16620624325.0
IEGH,2015-09-10,3,250079.0
IEP,2013-03-04,6,1442700.0
IEP,2017-02-24,3,136925212.53
IESC,2006-09-05,3,2432812.0
IESC,2007-01-12,4,4471384.28
IESC,2008-03-04,3,9850516.0
IFC,2007-09-07,5,203719.5
IFF,2020-01-03,3,41348113.21
IFF,2025-05-19,3,3077948.0
IFF,2026-03-25,3,11969040.29
IFSIA,2009-03-10,3,256504.0
IFT,2014-03-21,3,239430.0
IFT,2014-06-23,3,274828.23
IFUE.OB,2008-04-25,3,750000.0
IGMS,2019-09-20,7,133159278.0
IGMS,2020-12-15,4,33999930.0
IGMS,2023-07-03,3,1721809.6600000001
IGR,2007-12-31,3,256977.6
IGR,2022-10-12,5,281979.64999999997
IGTE,2012-05-09,5,49521600.00000001
IGTE,2013-02-13,6,3069479.0099999993
IHC,2007-12-13,3,555366.0
IHR,2008-11-18,3,651003.2699999999
IHRT,2020-03-10,4,738581.2000000001
IHRT,2022-05-09,3,287338653.48
IHRT,2023-03-06,3,1053544.6199999999
III,2019-03-22,3,206902.0
IILG,2014-05-20,3,975463.0
IILG,2015-11-17,3,506135.67999999993
IIPR,2016-12-05,3,4518761.0
IKAN,2014-11-25,5,203045.0
IKT,2024-10-23,3,2698900.0
ILIU,2014-12-29,14,28478849.7
ILIU,2016-08-02,17,27195673.3
ILPT,2023-08-10,3,281100.0
IMA,2008-03-05,5,649568.25
IMA,2008-12-03,3,1771243.65
IMAX,2007-10-10,3,1869850.2000000002
IMAX,2012-08-16,3,17828516.4
IMAX,2020-03-18,3,273750.0
IMB,2008-02-20,14,5356558.083
IMBI,2022-05-13,4,1949999.53
IMCB,2007-11-28,3,211508.39999999997
IMCB,2012-01-25,7,1206763.0
IMCL,2006-08-28,3,66309234.3
IMDD.OB,2010-01-21,3,266400.0
IMDZ,2014-07-31,8,27659364.0
IMDZ,2016-09-22,3,10250000.0
IMDZ,2017-10-27,3,11438537.599999998
IMG,2025-04-03,4,6040425.5600000005
IMGO,2021-07-20,4,9413600.0
IMH,2014-01-27,3,837984.19
IMH,2014-12-15,3,653761.5
IMH,2015-06-29,3,1341561.6
IMH,2017-04-20,4,36250011.0
IMH,2017-10-17,3,12103098.0
IMKI,2010-04-08,4,1907884.1099999999
IMMR,2024-08-29,3,623725.4
IMMX,2021-12-20,5,422334.0
IMMX,2023-09-18,5,388100.0
IMMY,2016-12-21,3,528050.0
IMN,2015-12-15,3,311665.83999999997
IMN,2016-03-16,3,239166.69999999998
IMN,2016-12-02,3,268147.74
IMNM,2021-05-26,5,1611630.5900000003
IMNM,2024-11-25,3,1310007.7199999997
IMNM,2025-03-26,3,1221179.0
IMNP,2015-10-13,3,222261.0
IMNP,2016-08-04,3,1006250.25
IMNY,2006-11-07,4,462630.1100000001
IMNY,2007-03-01,4,1578272.32
IMNY,2007-08-13,3,756126.7
IMP,2007-11-14,3,228718.3
IMPL,2021-04-29,5,52875000.0
IMPV,2011-11-09,8,24849594.0
IMRA,2020-03-16,10,63600000.0
IMRA,2021-07-28,3,47999982.0
IMRX,2021-08-04,9,9552930.0
IMRX,2024-03-19,3,362047.69
IMRX,2025-06-23,3,202911.85
IMRX,2026-01-20,4,209481.90999999997
IMSU,2011-05-13,4,304279.4
IMUX,2025-06-05,3,208802.5
IMVT,2021-08-30,4,287255.28
IMVT,2022-10-07,3,2700202.0
INAB,2022-08-18,13,8759991.700000001
INAP,2011-09-07,3,336049.85
INAP,2016-02-24,5,394610.0
INAP,2018-11-08,5,271860.0
INBK,2013-12-02,7,460000.0
INBK,2020-03-20,3,372670.0
INBK,2022-10-26,3,508644.0
INBK,2023-03-16,3,270300.7
INBX,2024-08-30,3,1695410.3599999999
INCC,2011-03-11,3,990000.0
INCX,2006-05-18,4,203524.58000000002
INCY,2007-08-03,3,3135579.55
INCY,2007-11-16,5,12081644.309999999
INCY,2008-08-05,4,9900000.0
INCY,2008-12-19,11,6198878.98
INCY,2011-12-01,3,32359112.840000004
INCY,2016-03-17,3,260744634.57000002
INCY,2022-03-10,3,170794327.41
INDB,2008-02-04,5,202312.88
INDB,2023-05-08,3,207130.97999999998
INDM,2009-03-11,3,209170.0
INDT,2022-01-26,3,10132328.559999999
INDT,2022-04-27,4,3933918.3099999996
INFA,2007-02-13,3,568801.41
INFA,2013-02-04,5,217543.69
INFI,2009-01-09,3,30072723.14
INFI,2017-01-05,3,1856385.2700000003
INFN,2016-08-03,4,1557880.0
INFN,2018-11-14,3,506300.0
INFN,2019-05-28,3,559250.0
INFN.OB,2006-03-17,3,274068.0
INFO,2008-06-12,4,205014.93
INFS,2007-11-28,5,205908.51
INFU,2015-06-17,5,200280.01
INFU,2017-08-25,5,200311.05
INFU,2017-12-14,3,428610.93999999994
INFU,2018-05-22,3,554688.86
INFU,2018-08-31,3,257154.97
INFU,2019-09-06,3,392598.68
INGM,2024-10-25,5,7036700.0
INHX,2009-10-30,8,23249990.399999995
ININ,2008-08-11,3,1393985.4600000002
INIO,2026-06-08,4,4559976.0
INIS,2013-12-17,3,436499.62
INKS.OB,2010-03-22,3,390000.0
INLD,2006-02-08,5,346130.4
INLM,2006-06-30,3,76786405.0
INLX,2020-03-04,5,1128000.0
INMB,2019-05-10,3,809793.0
INMB,2024-04-24,4,666282.24
INMD,2008-06-04,3,1839869.9999999998
INMD,2009-04-08,3,352424.99
INMD,2009-08-31,3,227792.48
INMD,2010-09-22,3,285320.44
INN,2011-02-11,7,275925.0
INN,2015-08-14,4,292940.06
INNV,2021-03-15,3,784757.0
INO,2014-08-21,3,2682673.0
INOV,2016-12-19,4,3073260.75
INOV,2020-11-02,3,1657450.0
INQB,2007-01-11,3,300000.0
INR,2025-02-03,4,1600000.0
INR,2025-08-25,3,867412.4600000001
INR,2026-06-11,3,1361200.9
INSE,2017-01-11,3,1959205.0
INSE,2026-03-27,3,545788.85
INSG,2021-11-24,3,203050.0
INSM,2007-06-27,3,215993.2
INSM,2011-03-28,4,647782.42
INSM,2018-11-02,3,551522.15
INSP,2018-05-09,12,18496800.0
INST,2015-11-18,7,3174992.0
INST,2021-07-23,5,1162980.0
INSU,2007-12-17,3,242172.81
INSV,2011-07-20,5,517807.5
INSW,2010-02-11,4,249502.0
INSW,2010-05-13,3,218332.76
INSW,2010-11-04,3,960576.0
INSY,2013-06-04,3,571837.5
INSY,2014-05-19,3,365445.0
INSY,2017-06-02,3,208150.0
INT,2008-06-26,3,656228.6799999999
INT,2018-05-24,4,547450.0
INTA,2022-08-12,4,1287000.0
INTC,2021-10-26,5,2488697.75
INTV,2006-05-16,3,249925.83000000002
INTX,2014-09-10,3,2366797.95
INTX,2015-08-24,3,448521.82999999996
INTX,2015-11-24,4,10650000.0
INTX,2019-01-15,3,144323147.68
INTZ,2023-11-09,7,779853.7200000001
INUV,2009-12-29,6,935750.0
INUV,2011-12-02,3,347487.82
INUV,2014-11-12,3,237389.16
INUV,2020-03-23,5,707657.0399999999
INV,2025-12-03,5,244244.82
INVE,2010-02-12,3,954727.92
INVE,2010-06-18,4,625880.8799999999
INVE,2012-06-11,3,295856.4
INVE,2024-05-23,3,307822.02
INVH,2017-02-07,3,320000.0
INVO,2022-06-03,9,336881.4
INWK,2009-03-31,3,662200.8
INWK,2013-11-15,4,4553624.0
INWK,2020-03-25,5,205820.0
INZY,2020-07-28,13,70200000.0
INZY,2022-04-20,5,8346595.5
IO,2008-11-19,3,289400.0
IO,2009-03-05,4,480200.0
IO,2013-12-16,3,234101.15
IO,2015-11-18,4,317632.0
IO,2016-03-14,4,211117.0
IO,2017-12-18,7,1454800.95
IO,2020-02-20,3,236730.9
IOBT,2021-11-12,7,62899998.0
IOM,2006-08-07,5,200352.5
IOM,2008-01-23,3,1826547.0
IOMI,2006-02-02,10,46735500.0
IOMI,2006-10-27,11,55480708.4
IONM,2021-12-01,3,235220.0
IOP,2006-02-27,6,3098103.1000000006
IOSP,2007-08-10,3,6794693.999999999
IOSP,2008-02-29,6,423915.0
IOSP,2010-02-25,8,282613.38
IOSP,2011-02-23,8,465336.07000000007
IOSP,2023-03-09,3,232629.32
IOT,2021-12-21,6,459599984.0
IOTS,2015-10-28,4,6000000.0
IOVA,2018-12-20,3,12654156.43
IOVA,2022-06-02,5,6861443.130000001
IOVA,2022-12-02,4,65191880.0
IOVA,2024-02-20,3,48330300.0
IPAS,2006-02-09,3,2008511.7
IPAS,2006-07-19,3,6288504.5
IPAS,2010-06-04,4,947359.5
IPCS,2008-11-12,3,237060.0
IPG,2007-08-21,3,249050.0
IPHI,2012-12-03,3,391200.0
IPHS,2006-11-07,3,343312.0
IPI,2008-04-23,6,1206400.0
IPI,2017-03-23,3,15219998.4
IPI,2017-08-07,3,3370636.84
IPI,2019-08-22,4,222818.8
IPSC,2021-06-23,3,32000000.0
IPSU,2007-05-15,3,10313874.399999999
IPWR,2017-03-06,8,1381252.0
IPX,2026-03-30,4,2876821.12
IPXL,2010-08-17,4,1034684.7
IQNT,2013-11-14,3,2570106.28
IRC,2007-03-01,3,1641988.0
IRC,2007-08-09,3,384988.5
IRC,2007-11-13,5,1182888.15
IRC,2008-02-21,3,491473.0
IRC,2008-09-04,3,220365.0
IRC,2008-12-03,3,965314.0
IRC,2009-03-16,3,1409877.5
IRC,2009-06-16,5,3421907.4
IRC,2011-05-23,4,2119365.1799999997
IRC,2011-08-22,3,691366.0
IRC,2012-11-13,11,811248.4800000001
IRDM,2010-06-08,3,1978600.0
IRDM,2011-12-07,3,725181.8700000001
IRDM,2012-08-09,5,1224860.5500000003
IRDM,2012-11-08,4,548222.14
IRET,2008-10-20,7,265663.2054
IRET,2012-08-08,8,1059724.6001
IRET,2014-10-08,7,267345.4365
IRET,2016-09-15,4,471576.52
IRET,2018-01-05,4,545350.0
IRET,2019-01-03,7,271206.58999999997
IRF,2010-05-26,3,279730.0
IRF,2012-05-18,3,522980.0
IRI,2006-08-16,3,281729.0
IRIX,2015-09-11,3,300489.95999999996
IRLD,2017-03-30,3,1760000.0
IRM,2013-06-07,4,671414.0
IRN,2007-04-27,4,1609761.36
IRON,2023-02-17,3,15000025.0
IRON,2024-06-20,3,14000076.0
IROQ,2011-07-11,12,2389810.0
IRT,2013-08-16,5,1547000.0
IRT,2020-03-23,3,268582.0
IRTC,2016-10-26,3,2550000.0
IRWD,2021-03-10,3,22969280.0
ISAC.OB,2008-01-08,3,363300.0
ISBA,2015-11-13,4,612823.8084
ISBA,2019-02-14,9,201963.9136
ISBC,2009-02-11,6,272236.0
ISBC,2014-05-09,15,3026750.0
"ISCA, ISCB",2007-10-25,44,1309440.0
"ISCA, ISCB",2008-01-28,44,4443463.2
"ISCA, ISCB",2008-04-29,44,2199780.0
"ISCA, ISCB",2008-07-30,44,7689060.0
"ISCA, ISCB",2008-10-29,44,196267720.16
"ISCA, ISCB",2009-01-28,44,2587615.8
"ISCA, ISCB",2009-05-07,44,2855474.55
"ISCA, ISCB",2009-08-10,46,1184914.92
"ISCA, ISCB",2009-11-25,47,351932.2399999999
"ISCA, ISCB",2010-05-06,45,514851.80000000005
"ISCA, ISCB",2010-08-10,43,1030067.1500000004
"ISCA, ISCB",2010-11-17,43,602558.1400000001
"ISCA, ISCB",2011-02-24,48,579488.6399999999
"ISCA, ISCB",2011-06-01,48,333307.20000000007
"ISCA, ISCB",2011-12-29,42,243210.24000000002
"ISCA, ISCB",2012-04-16,42,1048950.0
"ISCA, ISCB",2012-10-09,42,324912.0
"ISCA, ISCB",2013-05-23,42,372433.32
"ISCA, ISCB",2013-08-26,42,540582.0
"ISCA, ISCB",2013-12-06,43,335271.0
"ISCA, ISCB",2014-04-10,43,750470.3999999997
"ISCA, ISCB",2014-07-09,43,553004.94
"ISCA, ISCB",2014-10-29,43,666439.8
"ISCA, ISCB",2015-03-10,43,223148.5
"ISCA, ISCB",2015-07-29,45,614472.8399999999
"ISCA, ISCB",2015-10-29,43,212991.48000000004
"ISCA, ISCB",2016-01-28,44,627733.2
"ISCA, ISCB",2016-07-06,44,345841.04
"ISCA, ISCB",2016-11-14,44,395653.25
"ISCA, ISCB",2017-04-11,47,281355.1599999999
"ISCA, ISCB",2017-08-11,47,942685.0
ISCO.OB,2014-09-02,4,503000.0
ISD,2018-03-27,3,447920.8225
ISDR,2024-03-21,3,400085.14
ISDR,2024-06-28,3,1385053.94
ISHM,2006-12-15,4,227990.0
ISIL,2016-05-04,3,430833.0
ISLE,2007-12-12,5,646753.6200000001
ISLE,2008-03-25,3,1277242.98
ISLE,2008-07-08,3,272375.0
ISLE,2011-09-28,7,246651.91
ISLN,2008-08-14,3,277300.0
ISNS,2021-06-09,3,201408.16
ISPH,2006-05-11,3,1815898.5
ISRL,2023-01-19,3,1125000.0
ISSI,2008-11-24,3,233119.0
ISTA,2006-05-18,3,1083445.0899999999
ISTA,2008-12-12,6,259046.53999999998
ISTR,2014-07-02,14,1609972.0
ISTR,2016-02-26,3,205184.35
ISTR,2018-10-30,5,329150.0
ISTR,2020-03-09,6,243260.96
IT,2006-02-16,3,3276117.5
IT,2007-11-15,3,5902395.41
ITCI,2014-11-13,4,869072.0
ITCI,2016-11-17,3,1479000.0
ITCI,2017-10-03,3,12000022.5
ITEK,2015-02-25,7,26539584.0
ITEX.OB,2010-03-04,6,200190.5
ITG,2007-11-20,3,3311031.0
ITG,2015-08-28,4,254660.0
ITGC,2015-01-07,3,704921.8
ITGR,2025-11-10,3,384759.9977
ITI,2007-02-16,3,1111427.29
ITI,2010-02-23,3,356162.41000000003
ITI,2015-08-27,3,218253.0
ITOS,2020-07-29,4,60230000.0
ITRA,2006-07-28,3,266941.6
ITRI,2011-11-03,3,1044732.0
ITRI,2016-02-12,3,7097439.88
ITRI,2017-12-18,3,38704073.910000004
ITRI,2018-05-29,3,15633854.84
ITRM,2018-05-30,9,35300135.0
ITUS,2015-03-26,4,219028.97
ITUS,2015-06-24,4,298532.7
IVAC,2008-02-29,3,574436.0
IVAC,2008-11-17,4,292692.0
IVAC,2018-02-09,3,1583517.86
IVAC,2023-02-22,4,213250.0
IVC,2013-04-30,4,657911.0
IVC,2016-05-17,5,244075.0
IVFH,2019-09-09,3,475825.8
IVFH,2024-07-22,3,3250018.8
IVFH,2024-12-10,3,2300000.0
IVFH,2026-01-09,3,390000.0
IVGN,2006-08-10,3,210596.6
IVR,2009-07-06,8,920000.0
IVR,2010-05-18,3,269908.0
IVR,2011-06-10,3,219565.0
IVR,2012-03-08,3,243920.0
IVR,2014-05-16,3,205280.52
IVR,2014-11-18,5,261113.2
IVR,2015-03-06,3,258401.07
IVR,2017-03-09,3,247797.0
IVR,2018-03-02,3,1039272.5
IVR,2019-05-14,4,210503.072
IVTY,2018-03-19,7,541070.3999999999
IWSY,2015-12-15,3,276400.0
IZEA,2018-07-02,3,620000.0
J,2025-11-25,3,335877.64
JAG,2017-02-03,3,816500.0
JAH,2007-08-17,3,839997.0
JAH,2007-12-04,3,211750.0
JAH,2008-06-10,3,3140200.0
JAKK,2016-03-01,3,339650.0
JAMF,2020-07-23,9,1649934.0
JAN,2026-03-24,6,3740000.0
JANL,2022-08-12,6,4081500.0
JANX,2021-06-16,7,107098946.0
JANX,2023-11-15,3,14965928.940000001
JASN,2014-11-24,5,411574.5
JASN,2015-06-18,4,210330.00000000003
JASN,2015-09-16,4,432506.08
JASN,2015-12-15,7,405390.0
JASN,2016-09-08,3,477831.9
JASN,2017-05-30,3,616500.0000000001
JASN,2018-05-30,4,208326.74
JASN,2018-09-14,3,484416.85
JASN,2018-12-13,6,312901.95
JAX,2015-11-18,4,254845.90000000002
JAX,2016-05-11,4,200455.88
JAX,2020-06-16,6,452786.14
JAXB,2007-06-11,3,1202067.5
JAXB,2013-01-03,8,1599362165000.0
JAZ,2007-05-30,3,229198.0
JAZ,2007-08-28,3,296426.0
JAZZ,2008-04-08,3,434706.69
JAZZ,2010-09-10,3,580784.4
JBGS,2020-09-16,3,1819677.3599999999
JBHT,2006-07-24,4,9676000.0
JBSS,2012-03-28,4,889484.44
JBSS,2012-06-27,3,396227.52
JBX,2008-11-21,3,313302.0
JCAP,2015-04-03,5,5300000.0
JCAP,2015-11-13,4,727796.0
JCAP,2016-12-13,4,2048485.0
JCAP,2017-08-11,4,204098.65
JCP,2017-08-22,4,1111391.4
JCP,2019-08-28,5,1369000.0
JEC,2008-11-10,5,203456.0
JEC,2011-08-11,3,223462.5
JEF,2008-04-25,3,273213106.74
JEF,2010-10-20,3,48609150.0
JEF,2011-04-11,3,374999987.25
JEF,2011-09-22,3,75480000.0
JEFFL,2015-03-20,3,5204940.0
JELD,2022-09-13,3,1589536.0
JELD,2025-03-03,3,1033483.4400000001
JFC,2017-04-04,3,2217031.6
JGV,2016-05-31,3,1222928.12
JGV,2016-08-29,3,2252794.58
JGW,2015-01-05,3,4494517.8
JGW,2015-05-15,3,1774038.0899999999
JGW,2015-09-11,3,981107.25
JHG,2022-03-31,3,234366478.10000002
JILL,2019-06-18,5,399765.17
JILL,2021-09-23,3,273707.5
JKMTL,2015-07-14,3,1667240.0
JLHY.OB,2007-03-19,3,6613846.82
JLI,2008-06-30,3,987946.0
JMBA,2007-09-10,4,230152.0
JMBA,2007-12-10,3,427750.0
JMBA,2016-12-05,3,1492466.29
JMBA,2017-03-07,5,3318428.1100000003
JMI,2015-05-07,3,220500.0
JMP,2007-11-13,3,225831.0
JMP,2013-03-18,3,399393.14
JMP,2014-04-28,3,431591.37
JMP,2014-10-29,4,4198525.6
JMP,2015-11-02,3,228440.75
JMP,2016-03-10,3,294963.92
JMP,2016-11-09,3,200604.0
JMP,2018-10-30,3,1120118.3
JMSB,2025-04-29,3,200709.02000000002
JMSB,2025-08-01,3,358347.38
JNCE,2017-02-02,3,10187200.0
JNJ,2018-12-17,3,502702.48
JNP,2015-06-16,3,283706.25
JNP,2015-11-20,3,211499.0
JNS,2009-03-09,3,755547.0
JNS,2014-02-21,3,612490.0
JOAN,2021-03-18,9,1260000.0
JOB,2021-04-19,4,287386.0
JOB,2024-05-30,5,218177.7
JOE,2017-12-12,3,20692943.0
JOE,2018-03-13,3,1426343.0
JOY,2015-06-10,3,643450.0
JOY,2015-09-17,4,973750.0
JPEP,2014-10-08,3,410000.0
JPM,2011-08-11,3,1588546.8
JRCC,2006-01-23,3,16128133.549999999
JRCC,2009-01-13,3,30736628.0
JRVR,2006-08-11,3,466656.0
JRVR,2014-12-19,8,8654716.08
JRVR,2022-03-04,4,1860077.0
JRVR,2025-05-21,3,728333.75
JSDA,2008-03-17,3,313565.0
JSPR,2025-09-24,4,347490.0
JUNO,2014-12-24,3,33025000.0
JUPM,2007-11-28,3,308091.01
JUPM,2008-12-12,3,566073.0
JVCP,2010-03-17,3,1186652.51
JWCA,2012-08-16,7,3891290.0
JWN,2007-11-30,3,571295.5
JWN,2008-11-26,4,568380.2
JWN,2011-09-12,3,234968.4
JXN,2022-05-17,4,978462.4135
JYNT,2016-03-31,8,259326.07
JYNT,2020-03-17,3,3269623.5700000003
JYNT,2022-09-26,3,2755946.99
JYNT,2023-09-07,3,9210392.45
KAD,2008-08-15,5,219390.0
KAIRU,2021-01-12,3,59400000.0
KALA,2017-07-21,3,9675000.0
KALA,2018-10-09,3,44999988.0
KALA,2020-03-16,3,119999988.36
KALU,2008-06-19,3,321488.0
KALU,2008-12-04,7,223076.04
KALV,2017-10-19,3,19315209.65
KALV,2024-01-10,3,8912649.91
KALV,2025-02-14,3,3087433.95
KAMN,2012-05-04,3,323088.0
KAMN,2013-05-23,3,314110.0
KAMN,2015-08-28,3,220724.0
KAR,2009-12-18,3,22914832.88
KAR,2016-02-23,12,209841.0
KAR,2020-03-10,5,2326340.4
KAR,2022-05-13,3,2115783.92
KARD,2026-06-24,3,90000000.0
KBDC,2024-06-04,3,16938663.87
KBH,2011-08-11,3,245320.0
KBIO,2013-02-04,4,3900000.0
KBIO,2015-11-19,4,5605469.890000001
KBNT,2021-12-17,4,363716.92
KBR,2026-05-21,4,945160.0
KCAP,2006-12-19,8,297000.0
KCAP,2007-11-26,4,226424.94999999995
KCG,2014-03-04,3,75991200.0
KCI,2008-10-27,3,1101881.75
KCLI,2008-12-01,3,261585.0
KD,2021-11-30,3,1745857.5
KD,2022-05-16,3,1498512.6
KD,2022-08-15,3,389250.0
KDE,2008-05-22,3,236900.0
KDMN,2016-08-03,3,18772084.880000003
KDP,2018-08-23,3,1738877.24
KDP,2018-11-21,4,1799928.1
KDP,2019-03-05,3,4793966.65
KDP,2019-08-14,3,893499.04
KDP,2020-03-11,3,200788230.0
KDP,2020-06-10,3,203581888.0
KDP,2021-03-04,3,398215.5795
KDP,2023-03-03,3,834391.2800000001
KDP,2024-03-07,4,17499954.3
KED,2006-09-27,12,3505000.0
KEF,2017-02-23,3,1854416.6600000001
KEF,2017-06-09,4,6682520.0
KEG,2012-11-14,4,241300.0
KEG,2013-05-02,4,535469.61
KEG,2019-02-27,5,1287555.94
KELYA,2026-03-24,3,317629.0
KEM,2008-03-17,3,335363.0
KEM,2009-08-05,7,259710.0
KEM,2009-11-16,3,218375.0
KEM,2012-05-16,5,308512.7
KEY,2008-06-19,4,445150.0
KEY,2013-08-21,3,365410.0
KEY,2014-07-24,5,231220.0
KEY,2016-01-27,9,1249045.0
KEY,2016-05-23,3,394260.0
KEY,2017-07-28,3,200720.0
KEY,2023-05-04,3,857507.0
KEYW,2007-01-10,4,1126623.0
KEYW,2011-10-04,5,879246.8
KEYW,2017-11-07,4,309735.0
KF,2006-11-16,3,18302966.2
KFN,2006-03-03,3,497885.0
KFN,2006-06-16,4,303543.25
KFN,2007-05-10,3,1109558.0
KFN,2007-08-22,7,2084342.0
KFN,2008-04-10,3,9744693.45
KFN,2011-03-04,3,435000.0
KFS,2012-12-11,4,379138.32999999996
KFS,2013-06-19,3,2509901.1999999997
KFS,2015-02-09,4,1416091.1
KFS,2016-05-25,5,205112.36
KFS,2016-10-03,5,13191892.780000001
KFS,2017-03-17,6,209770.87
KFS,2017-09-06,6,243928.70999999996
KFS,2017-12-14,7,354748.28
KFS,2018-09-10,5,292698.82
KFS,2019-01-02,5,1535100.6400000001
KFS,2019-04-16,6,2337213.48
KFS,2020-08-28,3,338242.94999999995
KFS,2020-12-23,7,241073.57
KFS,2021-04-01,4,751002.23
KFS,2021-06-30,4,1916058.8899999994
KFS,2021-10-04,4,499471.13
KFS,2022-01-03,7,689965.8
KFS,2022-04-04,7,954733.4199999999
KFS,2022-07-18,8,1933117.44
KFS,2023-03-27,4,275744.51
KFY,2016-06-30,3,527190.0
KGS,2007-08-14,7,3791200.0
KGS,2008-03-07,3,3200546.16
KGS,2023-07-05,10,766400.0
KGS,2026-03-16,3,624383.7004
KHK,2006-02-08,3,2142960.0
KIDS,2021-03-18,3,370393.4
KIN,2013-12-13,5,3031000.0
KIND,2022-06-09,4,37883327.74
KINS,2018-03-20,4,590415.2
KINS,2019-05-15,5,288100.0
KINS,2024-11-21,4,254882.28
KIRK,2008-09-22,5,7580612.399999999
KIRK,2020-06-29,6,230134.96000000002
KITD,2010-05-18,3,7299994.0
KITD.OB,2008-06-19,3,215564.29
KITE,2017-05-10,4,4960414.15
KKR,2026-02-18,4,35367546.3
KLDX,2018-03-09,4,13369606.689999998
KLG,2023-11-15,6,1805171.3
KLR,2021-03-05,3,2002300.0
KLR,2022-03-03,3,229570.0
KLRA,2026-04-20,4,318750016.0
KLTR,2026-03-25,4,266964.25
KLXE,2018-10-31,3,3102648.55
KLXE,2019-08-22,3,1319927.1
KLXE,2019-12-09,3,424968.04
KLXI,2015-12-03,3,504150.0
KMF,2010-11-30,10,3250000.0
KMF,2012-03-26,5,291560704300000.0
KMF,2014-05-02,4,225000039800000.0
KMF,2015-02-13,3,1000000.0
KMI,2011-03-29,4,2989168.0
KMI,2013-09-09,3,33040146.14
KMI,2014-02-24,3,11180554.850000001
KMI,2015-11-02,4,1099054.5
KMI,2021-12-10,3,471950.0
KMPH,2017-09-15,3,1089378.85
KMPH,2018-10-12,4,6024861.0
KMPR,2023-11-28,3,672750.0
KMPR,2025-08-07,4,394425.0
KMR,2007-06-13,4,2748405.0
KMR,2009-03-10,3,229964.6
KMT,2014-12-15,3,723378.16
KMT,2016-02-11,3,362067.86
KMTS,2025-09-15,3,858500.0
KMX,2026-06-26,5,1268083.74
KN,2015-05-13,3,222016.0
KN,2015-11-13,3,357159.5
KN,2016-02-19,4,255405.0
KNBT,2007-07-31,5,247957.0
KNDI,2016-11-28,3,592155.3400000001
KNDI,2018-08-17,3,253887.12
KNL,2007-10-26,3,696126.0
KNL,2008-02-14,3,519533.0
KNOL,2007-08-17,4,9093727.0
KNOL,2007-11-20,12,14471138.76
KNSA,2018-05-31,3,71247001.56
KNSL,2016-09-09,5,571728.0
KNTA,2006-06-08,4,213047.0
KNTE,2020-12-04,3,50000000.0
KNTE,2022-03-15,3,4317742.0
KNTE,2023-05-08,3,15520270.879999999
KNXA,2008-11-21,4,366912.0
KO,2012-03-01,3,526356.36
KO,2014-02-26,3,791026.1699999999
KOD,2020-03-24,3,27767888.32
KOD,2020-09-25,3,28544045.77
KOD,2021-09-17,3,18380004.18
KOD,2022-02-17,3,68723300.37
KOD,2022-06-06,3,9508715.020000001
KODK,2015-11-04,4,7858904.470000001
KODK,2017-05-16,3,14018721.5
KODK,2019-08-15,3,294787.5
KODK,2019-12-05,4,16781434.35
KODK,2020-03-25,3,241579.95
KODK,2022-03-25,3,31086858.020000003
KONA,2009-11-30,3,329480.0
KONA,2010-11-02,3,263367.04000000004
KONA,2017-06-06,3,426250.0
KOOL,2006-05-15,3,305009.0
KOP,2006-02-02,7,723100.0
KOP,2015-03-04,4,497034.14
KOP,2018-08-15,3,1099130.0
KOP,2018-11-19,3,1877290.0
KOPN,2016-05-17,3,475337.48
KORE,2023-05-22,4,249622.96
KOS,2011-05-18,6,1337400.0
KOS,2014-09-09,3,255550.0
KOS,2020-03-13,3,451750.0
KOS,2026-03-12,4,6999999.0
KPLT,2021-08-13,6,431019.0
KPLT,2021-12-13,4,29882265.0
KPLT,2022-06-09,3,463590.11
KPLT,2022-12-07,3,262796.8
KPPC,2008-06-16,3,304848.36
KPPC,2008-11-14,3,3620194.13
KPTI,2014-05-23,3,3089612.55
KPTI,2015-04-08,3,331910.0
KRA,2011-09-14,3,6796684.0
KREF,2023-05-15,3,454000.0
KREF,2025-11-10,4,616807.0
KRG,2006-06-22,3,468469.5
KRG,2007-11-21,3,239335.0
KRG,2008-02-29,3,609403.0
KRG,2018-02-15,4,1817967.2
KRMD,2020-09-08,3,411240.0
KRMD,2020-12-10,6,216793.71
KRMD,2026-05-20,4,1483348.08
KRO,2011-10-03,3,1302431.2
KRO,2012-01-03,3,888013.76
KRO,2012-05-17,3,500415.5
KRO,2015-08-21,3,724075.0
KRO,2016-01-26,3,806668.5003
KRON,2020-10-16,9,22518420.0
KROS,2020-04-13,8,37166352.0
KROS,2020-11-19,3,9000000.0
KRP,2017-02-09,4,436968.0
KRP,2018-11-28,3,349047.75
KRP,2019-09-12,4,218159.05
KRP,2020-03-23,5,278383.0
KRRO,2024-04-24,10,9999920.0
KRRO,2026-03-12,9,20707929.0
KRTX,2019-07-02,5,18042574.0
KRU,2008-08-22,3,612364.64
KRYS,2017-09-25,3,4000000.0
KRYS,2018-06-07,3,399607.0
KS,2016-02-26,4,707795.25
KSP,2008-08-21,3,404020.0
KSS,2022-08-24,3,1146916.77
KSWS,2010-05-24,3,2106564.94
KSWS,2011-03-18,3,461089.9
KTOS,2011-11-14,5,222348.12
KTOS,2012-05-15,3,55074850.0
KTOS,2012-08-15,3,287581.1
KTOS,2012-12-18,3,217867.75
KTOS,2013-03-19,5,204992.0
KTOS,2013-12-03,4,285933.4
KTOS,2014-05-21,3,1534400.08
KTOS,2015-08-28,5,358239.95999999996
KTOS,2016-11-28,5,5462988.0
KTOS,2020-03-16,3,357766.0
KTTA,2022-08-31,3,285874.73
KTYB.OB,2015-04-06,4,216471.5
KW,2015-05-14,3,544308.0
KW,2015-08-26,4,863564.0
KW,2016-03-07,3,2007434.68
KWD,2007-12-18,3,271425.0
KYMR,2022-05-31,3,9157403.790000001
KYN,2007-07-06,4,366125.5
KYN,2007-11-29,4,267468.0
KYN,2010-11-12,3,9680034000000.0
KYN,2011-04-05,4,1146912.15
KYN,2013-03-08,3,1378435.2
KYN,2013-08-26,3,25536100.0
KYN,2014-03-17,3,836330.65
KYN,2015-08-05,3,3028520.0
KYN,2018-12-28,3,594340.0
KYN,2023-11-29,5,18023388.439999998
KYN,2025-04-08,3,577796.5
KYN,2025-07-09,3,388980.0
KYN,2025-10-17,3,325000000152850.0
KYN,2026-03-23,3,470354.0
KYTX,2024-02-14,4,45388992.0
KZR,2018-06-27,3,8250000.0
KZR,2020-02-05,5,569194.6
LAB,2023-05-22,3,5450858.92
LAB,2024-05-28,3,5257304.32
LAB,2024-08-26,5,12025645.56
LAB,2025-11-20,3,3875750.0
LABC,2007-07-11,7,2228310.0
LABP,2021-02-08,3,50000000.0
LADR,2018-05-17,3,451970.0
LAKE,2015-02-06,3,258303.93
LAKE,2025-01-24,7,373508.1
LAMR,2007-08-10,3,17560331.73
LAMR,2008-03-20,3,52702848.58
LAMR,2008-06-25,5,47666459.33
LAND,2015-12-22,3,446729.35000000003
LAND,2017-03-15,3,230715.0
LAUR,2017-02-08,3,100153524.0
LAW,2021-07-27,4,200576.0
LAW,2026-03-02,3,200770.0
LAWS,2015-07-01,3,1842136.99
LAWS,2016-02-05,3,831648.0
LAWS,2016-09-13,3,633652.1100000001
LAWS,2017-05-26,3,582892.8200000001
LAWS,2018-03-05,3,5443522.48
LAYN,2015-07-14,3,1021442.37
LAYN,2015-10-15,3,1027785.56
LAYN,2016-01-19,3,3045269.13
LAZR,2021-12-17,5,441833.8
LAZR,2022-12-15,4,288665.31
LAZY,2018-11-21,4,440551.73
LAZY,2019-06-21,3,659168.89
LAZY,2020-05-20,3,615897.5
LAZY,2020-11-27,3,1841043.2000000002
LAZY,2022-07-14,3,1981171.39
LAZY,2022-12-07,3,27044467.15
LAZY,2023-03-20,3,22484869.34
LAZY,2023-12-05,3,2198864.0700000003
LB,2024-07-03,3,2198525.0
LBAI,2007-03-02,3,263958.2
LBAI,2009-03-03,3,212426.05
LBAI,2009-09-23,3,207950.0
LBAI,2010-12-23,3,477752.97
LBAI,2018-11-19,3,212278.25
LBAI,2021-09-21,3,201750.5
LBC,2017-12-12,12,362576.0
LBC,2018-12-17,3,385256.12999999995
LBCP,2006-07-25,8,3133485.0
LBCP,2006-12-11,3,550566.4
LBCP,2007-05-18,3,244271.36
LBRX,2025-09-16,4,74999985.0
LBSR,2025-03-05,3,316402.2
LBTY,2008-06-26,3,588824.4299999999
LBTY,2016-11-08,3,2175741.55
LBY,2011-08-23,3,283794.55519999994
LC,2014-12-16,4,637500.0
LC,2017-12-11,4,15363170.0
LC,2023-11-02,12,623100.0
LCAP,2020-08-20,5,13850000.0
LCAV,2006-03-21,3,530082.05
LCAV,2008-11-12,3,542554.0800000001
LCDX,2014-08-05,3,810106.0
LCI,2013-12-13,3,222693.0
LCI,2016-02-08,8,486057.98
LCI,2018-12-17,4,280700.0
LCI,2019-05-10,3,272050.0
LCII,2018-05-18,3,1133061.0
LCII,2022-04-01,4,2966137.5
LCM,2015-09-24,3,965617.2311999999
LCRDX,2020-07-10,3,25976562.9472
LCTC,2024-07-25,3,478074.19999999995
LCTX,2022-03-28,3,1334190.22
LCUT,2016-09-29,3,211283.45
LCUT,2018-11-21,3,407071.52999999997
LCW,2021-10-15,3,23100000.0
LDIS,2008-10-28,3,285177.7199999999
LDIS,2009-10-02,3,2234952.7
LDL,2020-08-10,7,1106256.32
LDOS,2016-03-15,4,655243.0
LDOS,2023-05-08,3,499895.0
LDRH,2013-10-17,5,3150000.0
LE,2014-07-02,5,219669.0
LE,2015-06-22,4,436173.0
LE,2015-09-30,3,24889740.599999998
LE,2015-12-29,4,14758256.8
LE,2016-06-15,3,18356088.490000002
LE,2016-10-03,4,217725.0
LE,2017-02-16,3,278407.62
LE,2017-08-02,3,26914355.89
LE,2017-11-09,3,3420525.5299999993
LE,2018-12-14,5,269000.0
LEA,2008-11-12,3,613173.0
LEAF,2013-10-22,3,1547000.0
LEAP,2007-12-14,3,51796750.0
LEAP,2011-08-12,3,29673040.35
LEE ENT,2008-06-04,4,209463.0
LEG,2024-06-03,3,447164.0
LEI,2012-09-26,4,3622377.64
LEI,2013-01-02,4,1692814.8199999998
"LEN,LEN.B",2008-10-31,3,342007.89
LENZ,2026-03-30,3,365552.19
LESL,2024-08-30,4,686292.0
LESL,2025-05-15,4,203576.1
LEVL,2020-02-21,3,274320.0
LEVP,2008-03-20,3,665892.0
LEVP,2008-10-02,3,3504060.0
LF,2011-08-16,3,225697.5
LF,2012-11-19,4,795569.62
LF,2014-11-12,3,524930.0
LFG,2007-11-21,4,215806.2
LFG,2008-08-05,8,476902.0
LFHAX,2023-01-06,8,6145000.0
LFMD,2021-05-19,4,417140.99
LFMD,2021-09-15,4,496183.91000000003
LFMD,2023-05-31,3,201989.12
LG,2009-06-09,3,257082.0
LGCY,2008-10-14,3,320438.66
LGCY,2014-12-19,3,752610.2200000001
LGDI.OB,2006-01-10,3,277555.19999999995
LGF,2009-02-20,3,16890595.86
LGF,2009-06-16,3,9591743.35
LGF,2010-07-01,3,158654160.0
LGF,2011-08-31,3,82436776.35
LGF,2024-07-11,3,18424372.52
LGF,2024-10-09,3,7916362.73
LGF,2025-04-17,3,26213802.98
LGF.B,2018-12-21,3,1464250.0
LGF.B,2022-12-20,3,1565220.0
LGIH,2013-11-15,7,500170.0
LGIH,2015-03-20,3,494346.99999999994
LGN,2006-02-22,3,574631.0
LGN,2006-06-19,3,228027.0
LGN,2008-03-10,3,396941.0
LGND,2007-06-19,3,2804192.0
LGND,2008-11-20,3,1361083.35
LGND,2011-02-25,4,1102267.6600000001
LGND,2011-08-11,4,6822527.36
LGND,2011-11-14,5,413299.2
LGND,2012-05-25,3,2306635.58
LGND,2012-11-19,3,549031.76
LGND,2014-10-14,4,734987.35
LGND,2019-08-05,4,763437.0
LGP,2012-10-31,5,3010000.0
LGP,2013-08-30,4,863386.1799999999
LGTY,2009-07-06,3,23894044.2
LGVN,2021-02-26,3,2029035.0
LGVN,2024-04-12,3,699999.2
LHAA,2021-03-11,4,1812960.0
LHCG,2007-08-20,3,712280.0
LHO,2008-10-29,5,1307607.0
LHO,2009-03-03,3,228900.0
LIFE,2011-08-24,4,1058188.0
LIFE,2015-05-14,3,9660000.0
LIFE,2016-12-21,3,300550.0
LIFE,2026-02-02,3,9999947.0
LILA,2018-08-28,3,4276338.62
LILA,2021-12-16,3,334128.0
LILA,2024-03-22,3,8767220.14
LILA,2026-06-23,3,108556269.99
LIME,2009-12-16,4,526157.8
LIME,2012-03-15,3,495900.0
LIN,2019-05-17,3,872752.7000000001
LIN,2020-03-19,3,1924792.0
LINC,2019-12-10,4,338350.19
LIND,2018-03-06,3,555700.0
LIND,2020-03-17,3,416391.36
LIND,2024-08-22,3,549921.85
LINE,2006-01-20,4,2209200.0
LINE,2008-10-16,3,1407580.0
LINE,2011-08-08,3,803020.0
LINE,2013-06-14,3,972050.0
LINE,2024-07-29,6,1228500.0
LINE,2025-05-12,3,1194980.17
LINE,2025-11-12,3,3337960.0
LION,2010-03-26,5,1007312.4
LION,2014-02-25,3,220146.87960000001
LION,2016-02-08,3,301530.2782
LION,2025-07-09,3,8950186.45
LIOX,2008-12-10,3,204184.0
LIOX,2013-05-17,3,2276080.06
LIPD,2006-08-10,6,3745664.9999999995
LIQD,2014-01-31,4,3750917.5
LIQD,2014-05-16,3,3088578.0
LIQT,2022-05-19,5,2227500.0
LITS,2007-01-03,4,3139406.59
LIVX,2020-08-24,3,209271.66999999998
LIVX,2020-12-17,3,252603.03
LIXT,2020-12-03,4,550230.5
LIXT.OB,2018-12-11,4,1250000.0
LJPC,2007-04-06,3,15999996.0
LJPC,2008-05-14,3,37381901.76
LJPC,2014-12-18,3,3037593.69
LJPC,2015-05-15,3,3554922.79
LJPC,2016-03-08,3,3281935.7600000002
LJPC,2017-03-06,5,3673626.0
LJPC,2018-02-27,3,12150930.0
LJPC,2019-01-09,4,7036999.54
LJPC,2020-09-09,3,2889663.85
LJPC,2021-06-01,3,2742434.6899999995
LKFN,2009-11-16,15,702312.84
LKFN,2011-02-25,3,312132.0196
LKFN,2011-09-09,3,352481.855
LKFN,2012-03-05,5,200249.33610000001
LKFN,2012-11-19,7,547769.3114
LKFN,2015-03-06,3,320221.95999999996
LKFN,2018-11-07,3,643882.76
LKFN,2020-03-11,4,1134724.23
LKFN,2023-05-08,3,1074745.0
LKQ,2016-03-09,3,257050.0
LKQ,2018-06-22,3,221758.6
LKQ,2024-07-29,4,600570.0
LKQ,2025-08-29,3,820123.5
LKSD,2019-08-12,5,254312.0
LL,2007-11-29,6,304381.0
LL,2011-08-09,4,201975.0
LLEX,2018-08-22,3,269804.0
LLIAX,2025-02-19,6,1475350.6
LLNW,2014-06-03,3,390575.15
LLNW,2015-03-04,7,1034987.2
LLY,2019-10-28,5,1452053.7000000002
LLY,2025-08-12,5,2894853.3099999996
LM,2010-06-07,3,34498452.8
LM,2016-01-26,4,1551890.0
LMACA,2021-01-28,7,12202510.0
LMAT,2006-11-01,3,540461.74
LMB,2019-12-10,3,279932.05
LMB,2020-09-11,3,361964.77
LMB,2021-12-10,3,328523.88
LMBH,2016-08-04,4,11536040.0
LMFA,2015-10-26,11,4424600.0
LMIA,2009-04-01,3,249229.1
LMIA,2015-06-03,3,2030590.0
LMNR,2010-10-08,3,337195.22
LMNR,2014-03-31,3,1174496.16
LMNX,2009-11-18,4,408440.0
LMNX,2016-11-07,3,229615.0
LMOS,2013-09-10,3,1266299.7699999998
LMPX,2019-12-06,4,4824090.9
LMRK,2017-03-09,3,202085.9
LMRK,2018-11-26,3,1359076.6
LMRK,2021-10-15,3,28093580.8
LNBB,2013-12-17,3,1133000.0
LNBB,2014-04-02,5,531112.25
LNC,2008-11-24,3,1306306.0
LNC,2020-03-13,3,1205654.1600000001
LNCE,2011-06-07,3,763845.9900000002
LNCE,2011-09-08,3,1111907.92
LNCE,2011-12-14,3,1437090.17
LNCR,2011-09-19,3,1259126.0
LNCZ,2010-06-02,5,244200.0
LNDC,2019-01-11,3,517280.0
LNDC,2019-11-06,3,551839.5
LNDC,2021-02-08,3,346788.0
LNET,2010-09-21,3,4648454.4
LNG,2007-05-31,3,5163591.7700000005
LNG,2008-02-01,3,5336515.0
LNG,2015-11-12,3,60586816.239999995
LNG,2016-11-14,3,2610122.73
LNG,2017-09-12,3,1257000.0
LNG,2020-03-05,3,1339233.0
LNKB,2022-09-16,17,2393855.0
LNKB,2023-02-23,4,8700010.799999999
LNKB,2024-05-21,3,3864490.0
LNUX,2008-07-01,3,293733.47000000003
LNUX,2009-01-02,3,1822096.06
LNUX,2009-06-12,3,1066269.0
LNUX,2009-11-17,3,1887102.15
LNUX,2010-05-21,3,677469.6
LNW,2025-08-13,3,1421689.28
LNX,2007-09-06,3,2972120.32
LOAR,2024-04-29,3,6000036.0
LOAR,2026-03-13,3,9427811.68
LOB,2015-07-27,7,1037000.0
LOB,2015-11-03,3,250517.0
LOB,2018-12-13,7,6474742.279999998
LOB,2020-03-12,4,1376108.26
LOB,2022-02-11,3,1417321.5
LOCL,2021-12-06,7,1272497.4705000003
LOCL,2023-11-01,6,298461.9844
LOCM,2007-12-03,4,653066.0
LODE,2024-05-20,3,523836.48
LODE,2026-06-03,4,3154776.5100000002
LOGC,2018-10-25,5,32200000.0
LOGC,2026-02-26,3,36934674.0
LOGC,2026-06-15,3,3794548.6100000003
LOJN,2006-05-30,3,276741.0
LOJN,2015-05-13,6,389323.4
LONE,2016-12-27,7,21394950.75
LONE,2017-08-28,4,271945.0
LONE,2021-06-11,3,974036.34
LOOP,2020-10-14,4,275850.0
LOOP,2025-02-20,3,302664.0
LOOP,2025-07-25,4,1370361.94
LOPE,2008-11-21,8,292800.0
LOPE,2020-02-24,3,244730.0
LORL,2008-12-04,3,6178237.94
LORL,2016-03-11,3,14444445.5
LOV,2012-01-05,3,1961467.51
LOV,2012-12-18,3,1093060.44
LOV,2016-08-30,3,1812903.47
LOV,2017-08-25,3,659711.09
LOV,2021-04-13,3,898414.72
LOV,2021-09-08,3,251654.16
LOV,2021-12-14,4,5281205.7
LOVE,2026-06-23,3,490146.4
LOW,2019-06-21,3,1174565.7
LOXO,2014-08-06,20,76492482.8
LOXO,2015-12-15,3,9302830.45
LPG,2015-10-02,3,458070.0
LPI,2011-12-21,4,5170326.0
LPR,2012-05-18,5,368485.0
LPS,2011-06-14,3,248115.0
LPSB,2007-10-15,10,691000.0
LPSN,2013-05-20,4,736490.4
LPTH,2016-12-21,8,299940.85
LPTN,2007-04-10,3,643046.45
LPTX,2017-11-16,4,25767252.84
LPTX,2019-02-05,4,3999996.0
LQDA,2018-08-01,10,55137038.0
LQDA,2022-05-25,3,1500455.2
LQDA,2022-09-07,5,1683367.6
LQDA,2023-12-18,3,11000001.08
LQDT,2014-05-19,3,2822108.1999999997
LQDT,2020-02-25,3,318742.2
LRE,2011-11-18,8,1018400.0
LRE,2012-05-17,4,414928.0
LRE,2013-09-04,3,277040.0
LRMR,2022-09-20,4,36199988.99999999
LRMR,2026-03-02,4,25550000.0
LSAK,2023-05-18,3,534175.3500000001
LSCC,2006-02-21,3,269934.5
LSE,2007-05-31,3,556843.0
LSE,2007-11-09,6,218697.0
LSEA,2021-08-17,3,239828.25
LSEA,2022-03-15,4,1039582.2
LSEA,2022-09-07,3,261578.55000000002
LSEA,2023-06-14,3,449992.5
LSEA,2024-03-08,6,902990.3999999999
LSI,2017-08-21,3,230042.0
LSI,2020-03-16,4,902561.49
LSXMA,2017-05-22,3,272306160.90000004
LSXMK,2017-05-22,3,497496887.24
LSXMK,2020-05-29,3,303008654.9
LSYN,2020-12-17,3,433723.63
LSYN,2021-11-29,5,2932746.0
LTD,2007-11-27,10,7586526.3
LTFD,2007-08-06,3,427653.5
LTFD,2007-11-23,4,234863.0
LTH,2021-10-14,12,385380684.0
LTHM,2018-10-15,4,1317500.0
LTM,2008-03-04,3,1606569.0
LTRE,2016-12-07,3,214134.52
LTRX,2008-03-07,3,302231.01
LTRX,2008-11-05,3,230789.4
LTRX,2011-11-22,4,267434.8
LTRX,2012-05-18,3,4765475.199999999
LTRX,2024-11-29,3,310297.5
LTS,2006-05-01,5,1242050.4
LTS,2007-01-10,8,1845405.0
LTS,2007-08-15,7,1429750.0
LTS,2007-11-15,4,325303.34
LTS,2008-03-27,4,341867.0
LTS,2009-12-10,6,482246.0
LTS,2010-10-04,6,725000.0
LTS,2011-04-12,6,200002.43
LTS,2011-08-19,4,266500.0
LTS,2012-03-26,6,222842.53000000003
LTS,2012-11-15,8,215804.34
LTS,2013-04-08,8,246655.0
LTS,2013-08-16,6,1163990.0
LTS,2014-03-17,8,461612.0
LTS,2014-07-01,3,312058.62
LTS,2014-10-02,3,2538599.51
LTS,2014-12-31,9,1297203.92
LTS,2015-08-13,3,200400.0
LTS,2018-04-16,4,225450.0
LTS,2018-10-15,3,216050.0
LTS,2019-04-12,5,228143.46
LTXB,2015-02-03,4,404525.0
LTXB,2016-02-01,6,364886.19999999995
LUB,2008-01-10,3,203214.0
LUB,2017-06-06,3,473578.70999999996
LUCK,2025-05-12,3,431320.16
LUCK,2025-12-09,5,540554.6437
LUCY,2024-09-27,3,17321895.48
LUCY,2026-01-12,3,1494216.01
LUFK,2009-04-24,3,284788.0
LULU,2007-07-30,4,1575000.0
LUM,2006-03-17,3,319319.0
LUM,2007-04-16,5,212839.0
LUMN,2022-11-08,3,254445.0
LUMN,2023-11-07,3,1618000.0
LUMN,2024-03-05,3,222940.0
LUNG,2020-10-05,4,1549944.0
LUV,2016-08-04,3,1354398.11
LUV,2025-03-14,5,369471.92000000004
LUXH,2024-05-24,3,1800000.0
LVB,2011-06-27,3,15213195828880.0
LVGO,2019-07-31,4,312970224.0
LVLT,2007-11-06,3,3231550.0
LVLT,2008-03-13,4,645172.9999999999
LVLT,2010-08-27,7,2109000.0
LVLT,2012-05-21,3,116774011.94999999
LVLT,2015-08-26,3,40633994.18
LW,2025-01-14,3,575070.0
LW,2026-04-09,3,10002790.0
LWSN,2008-10-10,7,234139.5
LXEO,2023-11-09,3,12499982.0
LXP,2022-05-24,3,292446.41930000007
LXRX,2017-11-15,3,5671839.46
LXRX,2018-06-04,3,9315364.82
LXRX,2019-09-17,3,1108900.54
LXRX,2023-06-22,3,72335590.0
LXU,2006-03-16,3,263073.0
LXU,2006-11-21,3,3038256.0
LXU,2008-11-17,6,1067849.54
LXU,2015-05-12,4,524190.5
LXU,2019-08-19,3,245029.2
LYB,2011-05-23,3,448580.0
LYB,2011-11-14,3,69055034.44
LYB,2018-11-13,3,483388439.79999995
LYB,2019-09-03,3,57640295.7
LYB,2020-03-11,4,617412.5599999999
LYEL,2025-03-18,3,313550.0
LYFT,2019-04-04,3,586800.0
LYFT,2023-08-29,3,2247944.58
LYLT,2022-05-05,4,211699.82
LYRA,2020-05-06,3,9000000.0
LYRA,2022-04-14,4,46499981.65999999
LYRA,2023-06-02,3,17765293.44
LYRI.OB,2008-03-18,3,13707921.4
LYTS,2017-08-22,4,202775.25
LYTS,2018-08-21,5,202742.41999999998
LYV,2010-08-20,3,219477.0
LYV,2020-03-12,3,1211093.5
LZB,2007-12-20,3,210213.0
M,2019-05-28,3,432934.72
MA,2006-05-31,8,10631530.0
MAA,2013-12-04,3,745223.0
MAC,2019-05-31,3,1300095.0
MAC,2020-02-14,3,898914.56
MAC,2022-09-20,3,249337.18
MAC,2024-05-08,3,2185369.65
MACE,2011-08-08,4,4162953.6
MACK,2012-04-05,5,1137472.0
MACK,2012-12-18,3,341055.0
MACK,2013-12-02,3,1065560.0
MACK,2014-05-07,3,345775.0
MACK,2015-08-14,3,1318700.0
MACK,2016-03-02,3,326040.0
MACK,2020-08-13,4,1214291.7599999998
MACK,2020-11-27,4,916715.75
MACK,2021-04-15,3,324832.91
MACK,2022-01-13,3,496640.17
MACK,2022-06-16,3,273057.3
MACK,2023-01-09,3,3245780.04
MACK,2023-11-16,3,1578229.3800000001
MAG,2013-05-30,3,218441.47
MAGN,2025-05-15,3,860052.75
MAIA,2022-08-02,10,1363500.0
MAIA,2023-03-22,4,205884.40999999997
MAIA,2024-03-15,4,489165.3
MAIA,2024-11-04,4,584328.0
MAIA,2025-12-04,3,283866.94999999995
MAIA,2026-06-02,3,204253.0
MAIN,2007-10-12,7,1516455.0
MAIN,2011-08-12,12,209043.82510000002
MAIN,2011-12-16,9,301041.6719
MAIN,2012-04-16,13,266695.11410000006
MAIN,2012-08-15,12,292732.5748
MAIN,2013-01-18,11,437762.1439
MAIN,2013-04-24,14,694906.8444000001
MAIN,2013-07-23,12,342776.6714
MAIN,2014-01-02,12,586093.2255000001
MAIN,2014-04-24,12,315613.16059999994
MAIN,2014-09-23,12,304346.49830000004
MAIN,2015-01-07,13,473160.2050000001
MAIN,2015-04-23,13,308448.1001
MAIN,2015-07-23,13,513695.4024000001
MAIN,2015-11-24,13,313456.3623
MAIN,2016-03-22,15,324548.8837
MAIN,2016-06-22,15,330875.28250000003
MAIN,2020-03-19,7,303518.5
MAKO,2008-02-22,6,5280000.0
MAKO,2008-11-03,5,3950001.4
MALL,2012-03-19,3,207353.91
MAMS,2013-11-19,4,234805.0
MANE,2026-02-05,4,43549971.0
MANH,2007-08-10,3,525110.0
MAPP,2007-10-12,4,6199992.0
MAPS,2007-04-23,3,11782360.149999999
MARA,2022-12-22,3,396300.0
MASS,2020-12-22,8,15500000.0
MAT,2019-02-25,4,1807178.5
MATR,2012-08-21,11,202474.4
MATR,2013-12-05,14,12040146.299999999
MATR,2015-07-24,6,1011046.14
MATR,2017-06-02,8,5457812.1
MATV,2022-08-15,4,1332443.83
MATV,2022-11-21,3,218169.55
MATV,2025-06-02,3,318400.0
MATX,2017-08-23,3,292734.0
MAV,2024-12-13,3,1268897.94
MAXR,2019-03-08,4,280868.0
MAXY,2011-06-07,3,223790.0
MB,2015-12-03,3,20094949.03
MB,2017-10-05,3,22950415.31
MBC,2026-06-09,3,650797.34
MBCN,2016-05-16,3,388014.0
MBCQ,2014-12-31,9,601750.0
MBH,2008-08-06,3,360354.0
MBHI,2006-08-01,3,315444.5
MBHI,2006-11-09,3,370243.0
MBHI,2007-03-30,4,258886.88
MBHI,2007-07-27,4,224522.2
MBHI,2007-11-09,6,313195.97
MBHI,2008-03-03,3,293928.87
MBHI,2008-06-04,3,204494.62
MBI,2007-11-08,3,212004.0
MBI,2008-02-14,4,900066532.1500001
MBI,2008-12-03,3,620782.0
MBI,2009-03-09,6,20024367.44
MBI,2011-06-01,3,462196.0
MBI,2015-08-10,6,2388138.2800000003
MBII,2018-02-27,3,31027587.08
MBIN,2017-10-31,11,1061985.0
MBIN,2019-03-26,7,2872500.0
MBIN,2021-03-18,6,5166200.0
MBIN,2022-09-23,7,1602500.0
MBIN,2024-11-20,3,2052500.0
MBIN,2025-08-25,3,678939.15
MBLA,2007-03-08,3,65307497.1
MBLV,2007-11-19,5,241116.68
MBLX,2011-05-26,4,224750.0
MBLX,2012-12-04,6,295900.0
MBLX,2015-06-23,8,11936030.8
MBLY,2022-10-31,7,16636410.0
MBRG,2009-08-10,5,2736543.87
MBRG,2010-11-12,3,221205.0
MBRG,2012-05-24,3,489458.43
MBRG,2012-08-28,3,221951.7776
MBRG,2013-05-28,3,721966.4631
MBRG,2014-01-10,3,206625.28340000001
MBRG,2014-04-24,3,1119660.2026
MBRG,2014-08-05,3,769595.5623999999
MBRX,2008-04-18,6,5456872.98
MBTCU,2021-04-14,3,13950000.0
MBTF,2010-09-14,5,297838.08
MBTF,2013-03-05,7,203015.01
MBTF,2015-05-29,3,256784.34
MBWM,2007-07-20,4,221055.0
MBWM,2008-01-11,6,200175.35
MBX,2024-09-17,15,136000000.0
MBX,2025-02-19,3,4576011.2
MBX,2025-10-21,3,12537788.0
MCACU,2020-06-09,3,8895000.0
MCADU,2021-01-14,3,4050000.0
MCB,2017-11-09,6,7489230.0
MCB,2020-03-19,7,235022.02
MCB,2023-03-13,5,647115.78
MCBC,2007-07-30,3,267980.0
MCBC,2008-01-23,4,345450.56000000006
MCBC,2008-11-25,5,239048.41
MCBF,2013-11-19,9,1085000.0
MCBI,2006-03-20,3,310739.84
MCBI,2007-08-16,6,225329.0
MCBK,2015-11-24,3,221495.2
MCC,2011-08-11,3,290760.0
MCC,2011-12-22,3,237500.0
MCC,2014-12-15,5,649870.0
MCC,2015-06-01,5,573528.74
MCD,2019-11-12,3,1236102.8
MCEP,2015-09-16,3,210111.52
MCF,2007-08-03,3,340891.5
MCF,2008-07-28,5,17859479.85
MCF,2012-10-01,3,2316782.2800000003
MCF,2018-06-28,3,1434270.0
MCF,2018-11-27,3,6173522.0
MCFT,2024-06-25,3,10138566.729999999
MCG,2021-07-21,3,1947400.0
MCGC,2007-12-06,4,299213.65
MCGC,2009-03-12,7,213538.32
MCGC,2011-08-10,4,274342.0
MCHX,2007-12-28,3,2774771.3600000003
MCHX,2018-10-02,3,823706.09
MCHX,2019-08-08,3,796102.0
MCHX,2019-11-07,3,548244.39
MCHX,2020-02-10,3,1053969.62
MCHX,2021-09-08,3,647667.7
MCI,2008-10-07,3,333040.44
MCI,2012-05-16,3,212216.0
MCI,2017-02-14,4,568410.0
MCP,2010-08-04,10,56305090.0
MCP,2012-08-24,6,70900000.0
MCP,2012-11-29,4,915652.27
MCRL,2008-02-06,3,983330.0
MCRL,2008-11-07,5,251385.0
MCRL,2009-02-12,9,1768750.0
MCRL,2010-02-12,3,384873.0200000001
MCRL,2010-05-17,3,338208.0
MCRL,2011-08-08,3,376010.0
MCRN,2015-07-02,4,483000.0
MCY,2009-03-12,5,628083.0
MCY,2020-03-16,3,2986918.23
MCY,2020-06-15,4,11810351.4
MDCA,2006-03-22,3,396242.0
MDCA,2009-11-04,4,289839.0
MDCA,2010-03-01,3,289670.0
MDCA,2010-08-09,3,1005941.7999999999
MDCA,2011-04-05,3,357925.0
MDCA,2011-08-03,5,296064.0
MDCA,2011-11-03,3,374500.0
MDCA,2012-03-05,3,291400.0
MDCA,2014-03-13,6,1357000.0
MDCA,2016-11-04,3,237400.0
MDCA,2020-03-25,4,202612.50999999998
MDCO,2017-12-11,3,10515668.55
MDCO,2018-12-18,3,18624500.8
MDCV,2006-04-07,3,1813144.5
MDE,2006-11-30,3,8208500.26
MDGL,2023-11-21,3,47685985.449999996
MDGN,2014-12-02,8,2235000.1999999997
MDGN,2015-10-08,4,1449981.0
MDH,2009-12-03,7,1004547.2
MDIA,2020-03-26,3,333210.61000000004
MDIT,2018-07-30,3,1463999.9999999998
MDLN,2025-12-22,3,514799938.0
MDLZ,2015-02-27,3,44769924.74
MDMD,2010-08-20,4,11962302.0
MDNBD,2011-01-06,10,1740000.0
MDP,2008-08-19,3,583911.0
MDP,2020-02-26,3,623670.6
MDR,2012-06-06,4,2626227.52
MDR,2018-11-06,4,1255068.0
MDRR,2022-07-01,4,340156.04000000004
MDRR,2023-08-21,3,602559.38
MDRR,2024-03-14,3,514898.54
MDRR,2024-09-12,3,346823.93
MDRR,2024-12-17,3,539211.9299999999
MDRX,2008-11-03,4,1246400.0
MDRX,2013-03-13,5,1482825.25
MDRX,2014-11-12,9,741819.63
MDRX,2018-12-17,5,490648.43
MDSO,2009-06-26,3,247800.0
MDT,2006-08-28,3,1341570.0
MDT,2008-02-25,3,14551492.810000002
MDT,2011-09-02,3,562690.0
MDTH,2006-12-04,3,120000000.0
MDTH,2007-11-21,3,13377342.2
MDTH,2008-08-01,3,291509.25
MDTO,2006-11-14,5,900205000.0
MDU,2010-05-26,3,862642.8299999998
MDU,2013-06-27,3,208446.3
MDU,2019-05-31,3,272070.0
MDU,2020-05-14,4,230985.0
MDV,2022-04-01,8,216452.6104
MDVL,2020-12-28,3,2255443.75
MDXG,2011-01-04,3,699969.21
MDXG,2015-11-16,3,1111239.0
MDXG.OB,2010-01-05,4,1175821.2
MEAD,2006-05-18,3,320270.0
MEAD,2007-01-16,4,818953.85
MEAS,2006-06-28,3,1027728.0
MEAS,2008-02-14,4,678859.37
MEAS,2008-11-20,4,406225.0
MEC,2019-05-15,5,688500.0
MEC,2019-11-01,3,375050.0
MEC,2020-03-13,4,241000.0
MEC,2024-11-08,4,257461.2
MECA,2009-01-08,3,4127508.0
MEDW,2007-06-25,3,1620726.88
MEDW,2008-02-29,3,503488.0
MEDW,2008-11-05,5,309989.60000000003
MEDW,2010-07-16,3,1452610.6400000001
MEET,2015-04-27,3,1465632450000.0
MEET,2018-10-26,3,5713058.779999999
MEET,2019-02-05,3,4175230.6199999996
MEG,2020-07-29,7,2332500.0
MEG,2023-03-07,3,1217392.0
MEGI,2021-11-12,3,1110005.0
MEGI,2024-01-11,3,2279679.21
MEGI,2024-06-04,3,1135199.54
MEGI,2025-04-07,3,5857035.43
MEI,2010-04-13,3,227296.09
MEI,2011-09-22,4,243190.94
MEI,2013-07-23,3,719806.6700000002
MEI,2019-01-02,3,2010446.22
MEIP,2023-09-25,3,2112445.0
MELA,2007-12-06,5,1801233.25
MELA,2008-09-03,3,579015.09
MELA,2010-08-19,4,208587.34
MEM,2006-08-11,5,215465.0
MEM,2007-12-12,4,231551.2
MEM,2008-03-17,3,216514.15
MEMP,2014-11-13,4,1264912.0
MEMS,2010-05-10,3,1816059.31
MEMY,2006-10-18,3,1186593.3300000003
MEP,2013-11-14,8,1058400.0
MEP,2014-03-10,3,353500.95999999996
MEP,2014-11-10,8,483765.0
MER,2008-07-31,8,17690295.0
MERC,2008-05-15,3,6191299.76
MERC,2008-11-05,3,294350.0
MERC,2024-09-11,4,213250.0
MERC,2025-08-19,3,2512840.0
MERR,2010-10-01,5,281991.85000000003
MERU,2012-02-10,3,484728.36
MERX,2008-01-30,3,408016.44
MESA,2008-01-22,6,202285.0
MET,2008-10-14,5,303870.0
METC,2017-08-21,3,201371.4
METC,2019-08-22,3,327188.92
METH,2006-07-21,4,209284.72
METH,2009-03-18,8,392426.85000000003
METR,2009-09-28,8,522363.2
MEXP,2008-08-01,3,260500.0
MF,2007-11-02,3,2271260.44
MF,2008-02-29,6,4046300.21
MF,2010-06-07,8,3192160.0
MFA,2006-05-26,5,222274.0
MFA,2008-03-17,7,695116.0
MFA,2010-05-19,6,355600.0
MFA,2011-05-25,3,681106.4
MFA,2013-05-21,3,277906.88
MFIN,2017-06-19,3,658190893.0
MFNC,2008-09-11,7,204858.0
MFNC,2012-08-10,7,618912.75
MFRI,2014-12-29,3,600064562.75
MFRM,2012-02-02,4,798000.0
MFRM,2016-02-09,4,29977277.88
MFRM,2016-07-28,3,15954753.9
MFW,2008-11-18,3,285300.0
MG,2010-05-05,3,672515.0
MG,2019-06-05,3,394392.5899999999
MG,2020-03-31,5,484025.63
MGI,2008-11-18,3,4152591.75
MGI,2021-11-12,9,3372389.2
MGM,2020-03-31,5,10403344.879999999
MGM,2024-08-06,3,7312197.0
MGP,2016-04-27,5,5827500.0
MGPI,2014-11-20,3,336110.0
MGPI,2015-08-12,3,451845.0
MGPI,2018-08-29,3,1176250.0
MGPI,2020-03-19,6,438399.4
MGPI,2021-12-03,3,1756312.94
MGRM,2008-05-13,3,235987.29
MGY,2018-09-10,3,406233.5
MGY,2020-03-02,3,1642721.0
MGYR,2006-01-25,8,1079000.0
MH,2025-07-28,4,289000.0
MHGC,2006-02-23,6,36578800.0
MHGC,2008-11-13,4,2143979.92
MHGC,2009-03-09,3,2006104.67
MHI,2024-11-20,3,1018816.25
MHLD,2008-05-09,4,233997.9
MHLD,2008-11-17,3,342741.49
MHLD,2009-03-25,3,355394.5
MHLD,2009-08-13,4,522167.5
MHLD,2009-11-16,4,283286.57
MHLD,2011-08-10,5,510190.0
MHLD,2012-05-29,5,393651.0
MHLD,2019-03-29,3,295367.11
MHR,2009-11-09,8,574974.15
MHR,2013-12-12,3,576334.75
MHR,2014-08-18,4,369050.0
MI,2008-07-25,5,658384.5
MI,2009-02-23,6,425460.0
MIAX,2025-08-15,9,864800.0
MIC,2006-11-01,3,1618635.5
MIC,2007-07-11,3,390709.0
MIC,2017-02-03,5,1742525.0
MIC,2018-08-08,4,44136242.019999996
MICR,2018-12-27,3,283732.87
MIDD,2020-03-18,4,1837505.55
MIDD,2022-05-25,3,1470965.55
MIFAX,2026-02-10,9,216000.1351
MIFI,2016-03-21,3,11794918.92
MIG,2007-08-01,6,381686.51999999996
MIG,2008-05-16,4,407465.22000000003
MIG,2008-11-24,4,203615.7794
MIG,2013-02-19,7,231436.49
MIGO,2006-11-29,4,228920.0
MIK,2014-07-07,6,464100.0
MILL,2011-10-11,5,284450.0
MILL,2014-09-18,3,854875.0
MIMO,2021-12-10,3,272345.0
MIND,2007-07-13,3,254628.08000000002
MIND,2021-07-30,3,213970.0
MINI,2015-08-20,3,686715.0
MINM,2021-07-30,3,650000.0
MIPI,2007-04-12,3,558965.05
MIPI,2007-11-30,4,202214.0
MIRM,2019-07-24,17,112605000.0
MIRN,2015-10-06,14,83999916.0
MIRO,2023-03-30,8,360000.0
MIST,2019-05-14,3,18000000.0
MIST,2022-10-21,4,279690.0
MITB,2006-01-20,3,2938287.5
MITB,2006-05-30,3,57525200.0
MITB,2008-12-30,9,194154705796.35
MITI,2007-06-26,4,7867208.970000001
MITI,2008-10-03,3,619126.81
MITK,2025-03-10,4,774860.0
MITT,2019-02-13,3,1108250.0
MIVA,2006-05-19,3,249358.36
MJCO,2015-09-17,5,272075.98
MJN,2009-02-17,10,1634400.0
MJN,2011-03-04,4,918323.4146
MJN,2015-08-20,3,1469710.0
MJNE,2022-01-03,3,265001.19
MKGI,2017-08-15,3,250000.0
MKL,2013-01-03,4,624802.9
MKL,2019-03-18,3,380418.72
MKL,2022-05-12,3,272648.58
MKL,2023-02-17,3,764975.7000000001
MKL,2023-05-25,4,260641.8
MKL,2023-11-06,3,297468.72
MKL,2024-02-06,3,285174.96
MKTW,2021-09-10,4,221174.3035
MKTY,2006-12-21,3,282850.0
MKZR,2025-08-07,6,901905.1900000001
ML,2022-03-16,5,1182130.5799999998
MLAB,2026-03-10,3,452076.35
MLI,2011-08-15,3,151068626.95000005
MLI,2018-11-06,3,380660.0
MLKN,2023-07-20,4,419836.8
MLM,2008-10-14,4,52215629.5
MLNK,2014-12-23,3,715698.91
MLNK,2015-03-23,5,3655312.44
MLNT,2018-05-31,7,116855450.0
MLNX,2018-01-24,4,304387.5
MLSS,2019-02-26,4,384750.1
MLVF,2008-05-20,8,324000.0
MLVF,2016-03-11,3,761992.0
MLVF,2016-10-31,3,560771.55
MLVF,2018-10-11,9,1034901.0
MLVF,2019-06-07,5,253427.42
MLVF,2020-05-15,3,279365.1
MLYS,2023-02-16,5,44100000.0
MLYS,2025-03-17,3,33699996.0
MM,2014-05-16,4,1268310.0
MMAB,2012-12-28,4,234146.24
MMAC,2017-01-03,4,200857.0
MMAC,2018-03-27,3,4166045.0
MMAC,2018-06-29,3,4447679.71
MMB,2019-09-06,5,320882.0
MMC,2012-03-02,7,506990.8188
MMCE,2007-09-04,4,308997.19999999995
MMCY.OB,2007-11-06,3,2523046.35
MMD,2022-04-12,3,291917.5
MMED,2010-03-23,4,640000.0
MMLP,2006-03-17,4,242466.03
MMLP,2008-03-11,3,764852.66
MMLP,2009-04-03,6,305316.61
MMLP,2009-12-07,4,79999920.0
MMLP,2013-12-05,5,227671.32
MMLP,2014-05-19,6,215974.04
MMLP,2014-08-22,5,227592.34
MMLP,2016-03-03,5,422757.21560000005
MMLP,2018-06-08,5,2249117.117
MMLP,2019-06-11,5,274572.7488
MMLP,2020-02-10,4,301148.207
MMLP,2021-08-10,4,3426789.3168
MMLP,2022-03-01,6,640919.6292
MMLP,2022-06-09,6,203462.19680000003
MMLP,2022-11-08,3,423915.10419999994
MMLP,2023-07-25,5,763883.8924
MMLP,2023-10-25,5,228521.662
MMLP,2025-02-20,7,258655.2559
MMMB,2016-05-04,6,750000.0
MMPI,2007-02-01,4,30100000.0
MMR,2007-11-06,4,8885501.0
MMRF,2012-06-26,6,385295.5
MMS,2022-06-15,3,2587338.52
MMS,2024-12-13,4,506454.17
MMSI,2026-05-07,3,348857.5
MN,2011-11-28,3,252000.0
MNC,2007-11-28,3,206965.7493
MNC,2009-01-06,4,306180.8499999999
MNCP,2006-08-08,3,10520922.0
MNCP,2007-01-18,3,21617430.0
MNCP,2007-04-18,3,16372412.2
MNCP.PK,2006-03-28,3,3462136.0
MNDL,2008-11-19,5,7500003.3
MNDL,2014-11-17,4,257498.5
MNGA,2017-12-19,7,203001.15999999997
MNHN,2010-11-30,3,239685.0
MNK,2014-08-12,3,68427002.0
MNK,2015-08-24,3,426767.18
MNK,2015-12-01,5,412124.30000000005
MNK,2016-03-01,3,349861.0
MNK,2017-02-27,4,249525.0
MNK,2017-06-12,5,612585.6
MNK,2017-11-13,10,1062230.0
MNK,2023-03-16,4,330340.0
MNKB.OB,2006-06-30,10,315400.0
MNKD,2006-12-14,3,100902873.92000002
MNKD,2022-03-01,7,732516.1100000001
MNLO,2018-01-29,4,16205012.0
MNLU,2012-07-12,4,529596.0
MNPR,2019-12-20,4,6005110.0
MNR,2010-08-17,3,272824.32
MNR,2011-03-16,3,231579.97249999997
MNR,2015-09-17,4,219382.4399
MNR,2016-09-13,3,233499.95380000002
MNR,2017-03-17,4,236327.0926
MNR,2018-03-19,5,226754.79520000005
MNR,2018-09-20,3,323000.0246
MNR,2018-12-19,5,385182.68870000006
MNR,2019-03-19,3,279678.05860000005
MNR,2019-06-19,4,248499.88950000002
MNR,2019-09-18,4,284776.488
MNR,2019-12-17,3,249999.9215
MNR,2020-03-18,5,322384.94499999995
MNR,2025-12-10,3,2391958.3
MNR,2026-04-13,3,2156711.25
MNRK,2007-07-26,3,363965.07
MNRK,2008-06-10,7,691039.8
MNRK,2009-12-04,9,332000.0
MNRL,2019-04-25,5,3989970.0
MNRL,2020-03-26,3,371550.4928
MNRO,2017-08-09,3,328155.49
MNSB,2023-05-09,3,261677.72
MNST,2008-11-06,3,1609596.2000000002
MNTG,2011-12-07,6,269892.33999999997
MOALX,2025-11-13,3,250000.1123
MOBE,2007-11-30,3,233618.86
MOBI,2007-06-18,5,94186399.05000001
MOBI,2026-05-11,5,11024985.0
MOCC,2006-05-22,7,24847630.68
MODD,2021-11-01,4,2369995.45
MODD,2024-11-29,3,1408999.0
MODG,2022-12-05,3,536550.0
MODG,2023-05-22,3,377110.0
MODG,2023-11-14,4,590280.0
MODG,2025-05-19,3,389001.2
MODV,2023-05-24,3,14611013.37
MODV,2023-09-15,3,26661495.97
MODV,2024-11-06,3,5103761.2
MOFG,2009-03-03,9,201022.5
MOFG,2011-06-15,6,213434.62
MOFG,2012-11-16,4,211053.14
MOFG,2014-05-20,4,218814.36000000002
MOFG,2018-02-06,9,220260.0
MOFG,2023-05-03,5,260096.37
MOFG,2024-09-30,13,746000.0
MOFG,2025-08-14,5,205700.0
MOGN,2006-08-10,6,207298.0
MORE,2015-06-16,5,220670.0
MORE,2016-05-19,4,261788.8
MORF,2019-07-01,7,21474990.0
MORF,2021-03-09,3,7260500.0
MOS,2008-10-14,3,247333.5
MOS,2016-02-17,3,322073.75
MOS,2017-05-08,3,687349.74
MOS,2019-05-10,4,414181.55
MOS,2020-03-10,3,289060.0
MOSY,2008-02-21,3,333008.27999999997
MOSY,2008-12-31,3,1343525.0
MOTS,2018-02-21,9,6275000.0
MOTS,2019-01-17,6,1247450.0
MOTS,2019-07-01,7,6188645.0
MOVE,2008-05-08,3,15389656.45
MOVE,2021-03-25,7,1125000.0
MOVE,2023-06-15,5,340000.0
MOVE,2023-11-15,3,271150.0
MOXC,2018-03-01,4,449066603980.0
MPAA,2023-06-27,3,1050000.0
MPAA,2023-09-25,3,1124850.0
MPAA,2024-06-17,5,2643125.25
MPAA,2024-11-18,3,1029000.0
MPAQ,2006-10-18,4,313202.0
MPAY,2016-01-06,3,368338.5
MPB,2018-11-01,5,312961.5
MPB,2020-03-02,3,215763.49999999997
MPB,2021-05-03,16,943925.0
MPB,2023-02-02,10,221323.76
MPB,2023-05-12,4,237324.5
MPB,2023-11-24,7,217213.03999999998
MPB,2024-05-01,8,265073.36
MPB,2024-11-05,15,1327500.0
MPB,2025-05-22,3,202520.85
MPC,2015-09-08,3,201130.0
MPET,2010-06-17,3,242630.36
MPG,2007-10-03,3,5276154.02
MPG,2008-05-29,5,223265.0
MPLN,2020-12-04,3,20781838.5
MPLN,2024-08-08,3,635461.15
MPLX,2012-11-02,13,4625500.0
MPLX,2015-08-28,3,1054788.0
MPLX,2019-08-09,3,2645446.8
MPO,2012-08-20,3,361460.0
MPSP,2009-04-24,3,423204.26
MPV,2008-10-01,3,265190.75
MRAI,2021-12-16,4,227432.6
MRAI,2022-08-19,3,384263.83999999997
MRAI,2023-12-18,3,776901.0
MRAI,2025-11-12,3,200000.0
MRAM,2016-10-17,7,7989024.0
MRBK,2020-03-16,4,255189.4
MRBK,2023-05-09,6,245687.03
MRC,2012-05-21,3,255700.0
MRC,2013-04-17,4,788305.68
MRC,2013-08-19,3,232141.5
MRC,2014-03-24,3,464200.0
MRC,2014-11-13,3,625085.0
MRC,2015-02-26,3,853950.0
MRC,2020-03-19,4,2193308.5
MRCC,2012-10-26,5,1463505.0
MRCC,2013-12-04,3,477871.76
MRCC,2019-01-03,4,215753.0
MRCC,2020-03-13,3,390726.8
MRCY,2008-01-30,3,207300.76
MRCY,2023-08-22,4,4329922.1481
MRCY,2024-02-12,3,395595.48
MRD,2014-06-16,8,3486500.0
MRFD,2007-04-05,5,272499.85
MRFD,2012-08-06,4,234783.87
MRGE,2007-03-21,5,302612.5
MRGE,2008-06-09,6,585056.0
MRGE,2008-11-28,4,219326.83
MRGE,2012-05-10,5,894564.0
MRH,2007-03-09,3,792323.83
MRH,2007-07-31,4,920061.5
MRH,2008-02-22,4,542170.0
MRH,2011-05-12,3,1059000.0
MRIN,2014-08-15,4,1025795.8399999999
MRKR,2021-03-18,14,106249984.75
MRLN,2020-09-17,5,439652.97
MRNS,2014-08-07,4,19363416.0
MRP,2025-02-18,3,6132375.720000001
MRP,2025-05-23,3,781225.0
MRP,2025-10-31,3,341023.75999999995
MRP,2026-05-13,3,6494671.84
MRSN,2017-07-06,10,150000000.0
MRT,2008-11-18,5,320666.97
MRT,2016-10-04,6,598800.0
MRTX,2013-10-28,3,15000002.5
MRTX,2015-02-05,3,21500000.0
MRTX,2023-08-15,3,70298888.6
MRUS,2020-09-17,3,6084775.62
MRVC,2007-02-22,3,403522.54
MRVC,2012-06-14,3,1054794.98
MRVC,2014-01-02,3,254156.9
MRVI,2020-11-25,7,3763476.0
MRVL,2018-12-28,3,405575.0
MRVL,2025-09-25,4,2109632.0
MS,2011-08-05,5,3803700.0
MSA,2008-08-04,6,664241.0
MSBI,2017-08-14,5,594499.99
MSBI,2020-05-13,3,200830.0
MSBI,2025-12-04,4,372913.62
MSCS,2006-11-28,3,1925988.0
MSDL,2025-08-13,3,449032.71
MSDL,2026-03-03,3,265430.0
MSFDX,2014-04-14,3,238154.35689999998
MSFG,2008-03-07,3,403925.0
MSFN,2006-12-27,9,1205140.0
MSG,2016-09-13,3,6738233.840000001
MSGN,2016-09-13,3,1856316.0
MSIF,2025-09-29,4,234873.35
MSIF,2026-06-30,4,210063.16999999998
MSL,2007-05-11,3,225729.26
MSL,2009-02-09,4,224650.0
MSL,2009-12-18,4,278128.5
MSL,2011-09-08,4,236127.16
MSL,2012-11-14,3,323018.97
MSL,2015-02-04,6,202125.0
MSL,2016-02-04,5,258149.8
MSL,2017-06-12,12,357996.0
MSLP,2013-12-05,4,366167.51
MSLP,2014-11-25,3,302045.83
MSMA,2007-02-08,3,1111026.28
MSN,2006-03-07,3,1006614.0
MSN,2006-06-05,5,2013455.0
MSN,2006-09-12,3,582976.0
MSO,2018-02-26,4,1675000.0
MSO II,2019-04-18,5,2370000.0
MSON,2015-02-12,3,241140.0
MSPR,2022-06-14,5,216329.62630000003
MSPR,2022-09-15,3,341840.0
MSTR,2025-03-24,3,680000.0
MSTR,2025-07-29,7,21856950.0
MSTR,2026-01-21,3,880089.88
MSVB,2018-07-12,10,985000.0
MSW,2008-07-30,3,533090.0
MTB,2008-07-18,3,382220.8632
MTB,2011-08-29,3,284945.8
MTCH,2015-11-23,7,3198000.0
MTCR,2020-09-22,17,118439893.0
MTD,2008-03-17,3,1300948.56
MTD,2011-08-11,3,283440.0
MTDR,2012-02-09,8,3370708.0
MTDR,2012-12-11,8,211869.0
MTDR,2013-09-11,6,352275.0
MTDR,2014-05-29,6,830500.0
MTDR,2014-09-09,4,412674.4
MTDR,2015-08-24,3,266861.95
MTDR,2018-11-26,3,387080.0
MTDR,2019-06-11,4,222160.0
MTDR,2019-12-03,3,442348.5
MTDR,2020-03-03,5,401794.2
MTDR,2021-12-16,6,264225.7
MTDR,2023-03-16,5,253987.5
MTDR,2023-12-12,3,238315.0
MTDR,2024-09-10,5,336300.0
MTDR,2025-02-24,4,503411.0
MTDR,2025-09-15,6,290837.7
MTDR,2026-06-02,4,390366.9
MTEM,2018-09-27,3,7014997.0
MTEM,2019-11-27,3,18742000.0
MTEM,2022-06-21,3,421360.0
MTEX,2013-08-15,3,230200.0
MTEX,2014-09-04,4,232548.47999999998
MTG,2007-03-01,4,215932.3
MTG,2007-10-26,4,1403500.0
MTG,2008-02-19,3,862982.8652000001
MTG,2008-08-19,3,393858.6
MTG,2009-01-23,4,15228194.0
MTG,2011-04-21,3,967300.0
MTG,2011-08-04,4,252675.0
MTG,2013-03-07,6,1219500.0
MTG,2016-01-27,6,712575.0
MTGB,2012-11-20,8,890500.0
MTGE,2011-08-22,4,43477490.0
MTGE,2012-12-11,3,684800.0
MTH,2008-03-18,3,1593097.9400000002
MTNB,2017-09-11,5,287450.0
MTNB,2019-05-20,3,261500.0
MTOX,2008-06-03,3,291630.0
MTOX,2011-08-25,3,200701.24
MTRM,2006-08-21,4,4386000.0
MTRM,2006-12-12,3,4649752.0
MTRM,2007-06-14,4,812727.25
MTS,2006-05-02,3,218185.19
MTSC,2017-08-25,3,764220.0
MTSC,2018-12-04,3,587713.19
MTSC,2019-12-02,3,638039.2
MTSC,2020-03-02,4,256171.4
MTSN,2013-05-08,3,253712.53000000003
MTSR,2025-02-03,3,94219956.0
MTW,2017-02-21,3,535410.0
MTW,2020-03-09,3,324950.0
MTW,2022-06-13,3,480292.0804
MTX,2025-05-05,3,207280.0
MTZ,2007-11-15,3,643138.0
MTZ,2015-08-24,3,11084922.440000001
MUR,2020-03-16,3,1583808.95
MUR,2025-03-05,3,2927449.1
MUSA,2013-08-28,3,353635.0
MUSA,2013-12-16,3,1217843.54
MUSA,2017-02-13,3,2046925.26
MUX,2015-12-18,3,1272583.0
MVBF,2008-02-11,4,290000.0
MVBF,2011-01-18,5,238602.0
MVBF,2012-12-13,3,749976.0
MVBF,2013-12-18,10,816384.0
MVC,2006-06-22,7,833015.77
MVC,2007-06-20,4,231638.5
MVC,2007-09-19,7,1424535.5
MVC,2008-02-08,7,630966.0
MVC,2008-09-15,3,525204.37
MVC,2012-04-11,4,275408.32
MVC,2013-01-08,3,1034699.55
MVC,2014-09-30,4,501287.18
MVC,2018-04-03,3,380544.46
MVIS,2008-08-21,5,12544267.31
MVTS,2006-08-15,4,2053183.0
MVTS,2007-08-15,3,493021.0
MW,2008-01-28,3,245150.0
MW,2015-11-16,3,353620.0
MWA,2006-06-05,17,1824000.0
MWA,2011-08-17,3,208840.0
MWA,2013-05-08,3,319349.33
"MWA, MWA.B",2007-08-10,3,220700.0
"MWA, MWA.B",2008-11-21,5,259286.4096
MWE,2008-09-16,3,881241.5
MWE,2008-12-15,3,562820.0
MWFS,2007-01-18,4,824447.5
MWIV,2008-02-07,4,357469.9199999999
MWK,2020-06-15,4,257383.8
MWRK,2008-08-01,3,273690.14999999997
MWV,2008-11-14,4,263995.1
MWW,2011-08-30,3,712726.29
MX,2018-02-14,5,420371.2
MX,2025-03-18,3,224000.0
MXB,2008-07-17,5,12425436.0
MXCT,2025-08-13,5,479950.0
MXL,2011-09-06,3,383074.17000000004
MXPT,2015-05-19,5,4227729.83
MXWL,2012-05-03,3,309150.0
MXWL,2015-08-11,3,744150.0000000001
MXWL,2018-08-13,5,3298750.0
MYCB,2025-01-22,3,1716000.0
MYCC,2016-02-29,4,462671.46
MYE,2020-05-12,4,463305.0
MYE,2020-11-19,3,253343.8
MYE,2021-03-18,4,465355.0
MYE,2021-08-27,3,266006.07999999996
MYE,2022-03-17,5,313960.0
MYE,2024-12-10,7,325925.0
MYL,2007-06-18,3,1094100.0
MYL,2008-03-10,3,631250.0
MYL,2011-08-12,3,464650.0
MYL,2016-03-09,3,699361.3099999999
MYL,2019-08-15,3,1726591.54
MYOK,2015-11-05,4,9093500.0
MYOS,2020-03-09,4,1125001.13
MYOV,2018-04-04,8,296043097.1
MYOV,2019-06-06,6,119999979.0
MYOV,2020-03-26,3,11301767.0
MYOV,2021-08-30,3,8277313.5
MZF,2009-07-07,4,1057226.0
N O G,2019-06-06,3,872260.0
N O G,2020-03-26,3,451839.56
N O G,2025-03-05,3,1716485.0
N.A.,2022-07-05,4,202275.0
N/A/,2010-08-04,5,669707.49
NA,2013-05-15,4,612794.341
NADX,2007-05-31,4,202491.0
NAHC,2006-02-16,3,4412641.5
NAHC,2006-06-22,3,1466283.34
NAII,2006-08-07,3,263676.83999999997
NAKD,2015-12-28,3,1236074.0
NANM,2009-06-29,4,281856.88
NANO,2007-05-14,3,784936.3500000001
NANX,2008-02-13,3,1023926.6599999999
NANX,2008-08-21,3,311581.0
NANX,2024-02-13,3,1605722.0
NAO,2008-02-21,3,5153673.0
NARA,2009-10-29,13,1335000.0
NARI,2020-05-27,10,19836855.0
NASB,2010-08-30,4,243084.56
NASDAQ:SVC,2026-04-02,3,50185999.2
NATK,2006-09-29,3,4919491.5
NATR,2014-05-06,3,600682.22
NATR,2014-08-05,4,1588781.4999999998
NATR,2015-05-12,3,696779.0099999999
NATR,2015-12-14,3,621993.7
NATR,2016-05-19,3,302856.57
NATR,2019-06-05,4,548478.77
NATR,2019-11-20,3,764369.15
NATR,2022-08-31,3,547921.0399999999
NAUT,2021-08-26,3,457707.45
NAUT,2021-12-01,3,824200.0
NAUT,2022-08-22,3,214758.46
NAV,2011-06-27,3,3169051.0
NAV,2012-07-12,3,45917791.89
NAV,2012-11-21,4,64853566.25
NAVH.OB,2006-04-06,3,409300.0
NAVI,2008-01-18,3,373313.24
NAVN,2025-12-19,5,38681240.4
NAVR,2006-08-11,3,829443.0
NAVR,2007-12-03,3,243937.46000000002
NAVR,2011-06-21,5,651532.27
NAVR,2011-11-04,3,1059086.0
NAVZ,2007-07-06,3,113367341.78999999
NBA.U,2020-11-12,3,16350000.0
NBBC,2008-03-05,22,201921.4833
NBBC,2008-08-11,9,23133565.846699998
NBBK,2024-01-08,6,327831.0
NBBK,2024-05-09,3,365481.26999999996
NBCB,2013-05-17,5,204000.0
NBCT,2010-07-16,16,1205793.48
NBEV,2017-04-17,3,579977.0
NBEV,2018-08-24,3,355840.0
NBIO,2015-10-13,3,3282509.8499999996
NBIX,2008-03-10,3,2903710.0
NBIX,2009-01-22,3,360362.0
NBL,2020-03-19,3,217379.83000000002
NBLX,2016-09-22,6,1095750.0
NBLX,2019-11-19,4,237138.0
NBLX,2020-03-03,4,226634.5
NBN,2011-01-03,4,3222371.1799999997
NBN,2012-05-18,9,7184600.0
NBOH,2010-05-13,3,269318.0
NBOH,2010-11-24,4,232541.25
NBRV,2017-09-26,3,535919.06
NBS,2010-02-22,3,2270000.7
NBS,2011-03-04,3,607854.0800000001
NBS,2014-11-26,3,227887.0
NBSE,2020-05-26,5,201110.5
NBTF,2008-11-10,4,252609.75
NBY,2006-05-05,17,2310750.0
NBY,2012-12-10,4,1549600.0
NBY,2013-12-04,3,17210319.119999997
NBY,2015-03-05,3,1753999.2000000002
NBY,2021-12-06,4,427867.64999999997
NBY,2025-04-15,4,313957.96
NC,2015-12-21,9,623434.3200000002
NC,2020-11-13,3,7725035.699999999
NCBC,2006-07-07,6,851000.0
NCBC,2007-05-09,7,529500.0
NCBC,2007-08-13,4,218428.5
NCBC,2007-12-21,3,207106.25
NCBC,2008-11-19,5,221915.90000000002
NCBS,2020-05-14,3,225601.75
NCBS,2021-12-15,3,363344.7
NCBS,2022-05-03,3,358560.0
NCDL,2025-06-05,3,345444.6
NCDL,2025-11-21,3,383600.0
NCDL,2026-03-06,5,455036.0
NCEM,2008-10-24,3,188976179.28000006
NCI,2010-08-18,3,295537.0
NCIT,2007-08-09,3,226250.0
NCLH,2025-11-06,3,912120.55
NCLH,2026-05-12,3,966486.2100000001
NCMI,2007-02-12,7,2047500.0
NCNO,2020-07-16,4,1064850.0
NCOC,2007-10-29,3,9296139.95
NCOC,2008-05-14,3,8971649.96
NCOC,2008-12-24,3,323685.52
NCOM,2015-03-24,6,908856.0
NCR,2020-03-16,6,2799917.0
NCS,2007-12-18,4,439230.0
NCS,2008-03-20,3,252198.0
NCS,2010-06-17,3,1701524.8200000003
NCSM,2017-05-04,3,5185000.0
NCSM,2018-11-13,3,772210.25
NCSM,2019-09-10,3,257352.0
NCT,2006-05-16,3,533409.6467
NCT,2007-04-13,3,36068125.0
NCT,2011-09-26,6,5982249.0
NCV,2007-08-17,7,455649.52
NCV,2009-01-29,3,303148.0
NDE,2007-03-26,3,2105319.44
NDLS,2013-07-03,6,547434.0
NDLS,2022-03-03,3,260237.91
NDLS,2023-04-11,3,495686.79
NDN,2009-02-10,3,376781.75
NDP,2012-07-31,7,268104.75
NDP,2012-12-28,3,204091.6
NDP,2020-10-26,3,1272922.4599999997
NE,2014-05-15,3,440170.15
NE,2025-02-24,3,823786.16
NEBS,2007-08-28,4,351668.29999999993
NECB,2021-07-14,6,440000.0
NECB,2022-05-23,4,282064.58
NEE,2022-01-31,4,843358.0
NEE,2023-02-06,3,574472.64
NEFB.PK,2007-09-19,4,319282.0
NEFF,2015-11-25,3,208410.0
NEGG,2025-07-18,3,21247137.59
NEN,2006-01-06,3,1295857.45
NEO,2025-05-07,3,261500.0056
NEOG,2012-01-03,3,245319.36479999998
NEOG,2022-08-04,3,483435.0
NEOG,2023-10-26,3,347570.0
NEOG,2024-04-11,3,538605.0
NEOG,2025-04-22,4,232551.74000000002
NEOL,2006-09-29,3,206940.0
NEON,2014-09-23,3,286700.0
NEON,2015-10-13,3,299996.69999999995
NEON,2019-01-02,4,1930473.6
NEOS,2015-07-28,3,6750000.0
NEOS,2016-06-14,4,253967.1
NEOT,2014-11-25,3,2940000.0
NEP,2014-07-01,9,6579150.0
NERV,2014-07-09,10,38604990.0
NERV,2015-03-20,4,5848022.05
NES,2013-12-12,4,720539.5
NES,2014-09-15,3,1943259.31
NES,2014-12-15,5,2131277.65
NES,2018-11-08,3,4063294.2399999993
NEST,2006-08-25,4,229499.75
NEST,2006-12-19,3,222495.9
NEST,2007-08-01,3,653784.7
NEWM,2015-08-06,3,4739582.28
NEWM,2016-05-16,3,1591550.0
NEWM,2016-11-29,3,2471835.0
NEWM,2018-11-09,3,1379210.0
NEWM,2019-09-03,3,2588600.0
NEWS,2006-12-21,5,14299139.620000001
NEWS,2008-02-14,3,44201540.0
NEWT,2020-01-06,4,211946.3144
NEWT,2021-01-25,4,262229.82000000007
NEWT,2022-01-10,6,460785.50000000006
NEWT,2023-01-24,6,204011.12000000002
NEWT,2024-09-24,4,494709.32
NEWT,2025-02-10,11,203106.25000000003
NEWT,2025-05-14,4,203221.0
NEWT,2026-01-16,5,304412.74
NEWT,2026-06-16,4,261121.32
NEXC,2008-03-27,5,788725.4099999999
NEXI,2021-02-19,4,4110481.0
NEXI,2022-03-30,3,1014174.4099999999
NEXT,2025-09-18,3,8156916.58
NFBK,2007-11-09,14,2068614.0
NFBK,2020-05-07,3,333752.5
NFBK,2024-06-13,6,418251.16
NFE,2019-02-06,3,70883155.50999999
NFE,2019-05-21,4,1713596.36
NFG,2011-09-23,3,316204.76
NFJ,2017-12-22,4,275175.0
NFLD,2007-01-24,4,3778728.0
NFLX,2006-08-25,4,65144818.5
NFP,2006-08-07,5,883040.0
NFP,2008-02-28,3,310035.0
NFRX,2026-02-25,3,90177420.33
NFSB,2006-07-10,18,2049070.0
NFSE,2010-10-20,3,497445.0
NGA,2010-07-01,3,3779977.5
NGL,2012-12-03,3,1455350.0
NGL,2014-12-16,3,645560.0
NGL,2015-08-17,4,873175.0
NGL,2015-12-07,4,1073350.0
NGL,2020-02-27,3,1614600.0
NGL,2021-08-27,3,587750.0
NGL,2021-12-15,3,716802.0
NGL,2022-12-15,3,483750.0
NGLS,2007-02-15,9,1610700.0
NGLS,2008-08-18,6,2295939.7751
NGLS,2008-11-19,3,908639.5
NGM,2019-04-10,5,156618928.0
NGM,2019-07-15,5,3266922.1499999994
NGM,2019-10-16,5,6468891.68
NGM,2020-02-10,4,2866416.0
NGM,2020-07-28,4,2610234.46
NGM,2022-05-11,3,3757885.9499999993
NGM,2022-10-27,4,2843889.6
NGM,2023-01-25,10,6983979.6
NGNE,2024-11-27,3,2720142.5800000005
NGPC,2006-05-12,3,665631.0
NGPC,2006-08-30,3,1661755.0
NGPC,2007-05-21,4,1357214.2400000002
NGPC,2007-08-30,4,1394977.18
NGPC,2008-11-17,6,662552.46
NGSX,2010-08-11,3,17884899.18
NGVC,2014-05-08,4,640123.7
NGVC,2016-06-06,4,202931.0
NGVT,2020-03-03,4,733656.71
NHC,2011-08-22,3,738520.0
NHF,2012-09-19,3,1015753.5
NHF,2013-11-21,3,3571416.5299999993
NHF,2014-02-19,3,5244117.140000001
NHF,2014-10-24,3,6140858.6261
NHF,2021-08-16,3,451739.70999999996
NHI,2015-08-13,5,328051.0
NHI,2020-03-25,3,1296403.73
NHI,2021-10-01,3,591357.8
NHLD,2008-01-24,3,304023.0
NHLD.OB,2013-01-29,6,427499.79600000003
NHP,2006-05-15,3,498940.0
NHPI.OB,2008-06-11,4,1000000.0
NHPIF,2022-03-29,5,349999.79439999996
NHS,2019-01-24,3,2610430.53
NI,2008-05-27,4,428893.0
NI,2009-03-09,3,207640.0
NIC,2025-11-06,3,387761.19999999995
NICHX,2018-10-04,3,918754.0
NICK,2007-08-07,3,1324245.0
NICK,2017-02-17,3,1232429.93
NICK,2018-08-10,3,478871.51
NICK,2019-06-20,4,965050.76
NICK,2020-03-06,3,659230.0599999999
NICK,2021-06-10,3,960813.7400000001
NICK,2021-11-18,4,302968.47
NICK,2022-02-18,4,230656.08000000002
NIE,2007-08-21,4,263203.0
NIHD,2007-10-31,3,353712.0
NIHD,2008-03-03,3,1485692.95
NIHD,2008-11-21,3,224601.0
NIHD,2011-12-28,3,994738.6
NIHD,2012-05-29,3,322710.08999999997
NIHD,2018-03-13,3,2668481.32
NIMU,2012-03-01,3,380000.0
NIQ,2025-09-05,3,929680.0
NITE,2008-07-18,4,358170.0
NKE,2025-12-30,3,4449886.94
NKE,2026-04-14,4,2734230.5364
NKSH,2019-03-05,5,214247.28
NKSH,2023-03-21,6,206913.56
NKTK,2020-07-16,7,83999916.0
NKTX,2020-07-16,4,102999978.0
NLC,2008-02-28,3,702176.25
NLC,2008-09-29,4,229007.0
NLC,2010-06-09,4,231000.0
NLC,2011-02-16,3,507558.0
NLCI,2007-05-31,4,236081.34
NLCI,2007-12-05,5,430806.54
NLCI,2008-03-06,3,4816950.0
NLCI,2008-07-22,3,17517910.0
NLCI,2008-10-20,4,483089.0
NLN,2010-10-01,5,17296009.439999998
NLN,2011-06-30,4,8835919.42
NLN,2012-06-20,3,233195.0
NLN,2015-08-07,4,1389500.0
NLS,2008-11-24,3,2893525.7199999997
NLY,2006-08-31,3,281254.0
NLY,2007-08-15,6,482566.0
NLY,2008-05-06,4,1292379.0
NLY,2013-08-21,3,2312871.2800000003
NLY,2013-11-27,4,2501340.6
NLY,2015-08-18,3,3778300.0
NLY,2017-09-01,3,1629873.0
NLY,2017-12-01,3,3784579.4999999995
NLY,2019-05-15,3,4320000.0
NLY,2020-05-12,4,1096800.0
NMFC,2011-08-17,5,288803.0
NMFC,2012-03-14,3,304119.0
NMFC,2012-11-15,5,228437.9
NMFC,2013-08-13,3,379870.5
NMFC,2013-12-16,3,224955.0
NMFC,2014-04-29,3,378522.0
NMFC,2014-12-10,3,2183913.0
NMFC,2015-09-30,6,14931440.65
NMFC,2016-02-16,4,4147754.94
NMFC,2016-11-03,4,459915.82999999996
NMFC,2017-12-08,5,314498.0
NMFC,2018-03-12,4,3295654.6799999997
NMFC,2018-09-10,3,425341.1
NMFC,2018-12-13,3,258033.47
NMFC,2019-09-11,5,297756.0
NMFC,2020-03-10,5,329933.92000000004
NMFC,2022-05-18,4,1195185.6300000001
NMFC,2022-09-08,3,290731.35
NMFC,2023-03-15,5,2779443.0
NMFC,2024-11-06,3,2374962.08
NMFC,2026-03-03,3,2936120.24
NMGC,2009-10-23,4,692690.01
NMHC,2006-12-05,3,1067547.0
NMHC,2007-09-18,3,1937743.65
NMHC,2007-12-26,3,337907.85
NMIH,2015-12-07,3,265965.75
NMIH,2016-05-26,3,215400.0
NMRA,2023-09-20,5,106689285.0
NMRA,2025-10-29,3,14999931.0
NMRX,2015-11-16,3,211038.0
NMTI,2009-05-21,5,214877.0
NMTI,2010-02-19,4,1709761.7
NMTR,2020-09-14,3,246156.25
NMTR,2020-12-17,3,289999.45
NMTR,2021-04-06,3,450000.0
NNBR,2015-11-25,3,312524.2
NNBR,2022-05-16,4,1224705.41
NNBR,2023-05-03,3,973349.43
NNBR,2025-05-14,3,233666.44
NNUP,2008-03-11,3,226204.5
NNUP,2022-05-25,3,1655339.58
NNUP,2025-06-10,3,542430.9
NNUTU,2014-02-18,5,8364958.199999998
NNUTU,2017-05-17,4,18540678.439999998
NO SYMBOL,2006-08-25,7,657616.0
NO SYMBOL,2010-11-24,17,1455536.0
NOAC,2020-11-16,4,7035549.0
NOEC,2010-09-30,3,903833918581.0
NOG,2016-02-01,3,6854000.8
NOG,2020-02-26,3,13115120.0
NOGN,2023-04-10,6,5029730.0
NOMD,2026-05-18,4,9155538.01
NONE,2006-01-17,7,4969542.3336
NONE,2006-04-17,40,6133421.9919
NONE,2006-07-17,53,3699211.9269999997
NONE,2006-10-16,39,317072728638.5448
NONE,2007-01-17,35,6547533.723800001
NONE,2007-04-17,56,3993295.3579
NONE,2007-07-17,22,10016230968.1718
NONE,2007-10-15,30,8880095.42
NONE,2008-01-22,30,100012717679.26979
NONE,2008-04-21,40,7520051405.3303
NONE,2008-07-21,36,826528.9636000001
NONE,2008-10-21,22,2071485.0775
NONE,2009-01-22,36,752135335.3863999
NONE,2009-04-24,29,2517180594.3325005
NONE,2009-07-24,22,15816990686.1326
NONE,2009-10-23,27,6803268.3774
NONE,2010-01-21,25,2028596.8586000002
NONE,2010-04-22,36,26984306.744600005
NONE,2010-07-21,34,32590116.233200006
NONE,2010-10-26,17,2104852.5623
NONE,2011-01-25,29,44117123.92609999
NONE,2011-05-02,39,1308102867.075
NONE,2011-08-01,39,6204343.674399999
NONE,2011-11-01,16,6839553.034
NONE,2012-02-07,19,25898578.363999996
NONE,2012-05-08,12,20456027.731999997
NONE,2012-08-06,31,1524720.017
NONE,2012-11-05,16,26123259.9569
NONE,2013-02-04,20,50028873374.46999
NONE,2013-05-07,19,1080021.0965999998
NONE,2013-08-07,43,32497279.4901
NONE,2013-11-05,22,31928017.3693
NONE,2014-02-03,49,81833223.90169999
NONE,2014-05-05,43,5674378.0416
NONE,2014-08-12,30,255300.94550000003
NONE,2014-11-12,32,6194315.6306
NONE,2015-02-10,51,7918170.8388
NONE,2015-05-11,51,34884296.881799996
NONE,2015-08-10,48,4004219.1554
NONE,2015-11-09,21,473472.5902
NONE,2016-02-08,49,1746145.5924000002
NONE,2016-05-09,30,1467220.1699
NONE,2016-08-09,45,99742597.6846
NONE,2016-11-07,22,575940.8234999999
NONE,2017-02-08,42,362349966725.8376
NONE,2017-05-09,46,82437517.86880001
NONE,2017-08-07,36,5140791.6562
NONE,2017-11-09,41,4766337.502899999
NONE,2018-02-07,38,139191081284013.23
NONE,2018-05-09,38,151287533976684.5
NONE,2018-08-07,50,152866061125390.25
NONE,2018-11-09,30,296647173.479
NONE,2019-02-07,35,55322800.9222
NONE,2019-05-09,38,42760099.9143
NONE,2019-08-13,40,21529152.1233
NONE,2019-11-12,20,34987778.0096
NONE,2020-02-11,31,70251191.0429
NONE,2020-05-18,25,134661531.0324
NONE,2020-08-21,39,16993623.920300003
NONE,2020-11-19,29,2983763.2156
NONE,2021-02-18,51,6196513978.3741
NONE,2021-05-19,28,21289150.4926
NONE,2021-08-17,50,41539835.3852
NONE,2021-11-15,54,176526028.39519998
NONE,2022-02-14,55,89318212.31190002
NONE,2022-05-17,25,66490081.9418
NONE,2022-08-15,37,78251770.7582
NONE,2022-11-15,30,195584778.0182
NONE,2023-02-14,39,76489685.55649999
NONE,2023-05-16,25,78340170.9523
NONE,2023-08-14,43,41487602.1336
NONE,2023-11-13,46,31951700046755.652
NONE,2024-02-12,39,56749153.2674
NONE,2024-05-13,34,44667244.46379998
NONE,2024-08-12,42,65785053.061299995
NONE,2024-11-12,33,233111966.7648
NONE,2025-02-10,55,81445700.9019
NONE,2025-05-12,34,104025886.34219997
NONE,2025-08-11,57,335781311.2354
NONE,2025-11-10,38,697097425.4376
NONE,2026-02-09,50,509462725.75570005
NONE,2026-05-11,31,206571943.6436
NOR,2015-05-18,4,206150.0
NOTV,2021-06-01,4,249950.91999999998
NOTV,2022-02-18,4,497936.7
NOTV,2024-12-10,3,485750.0
NOV,2008-11-19,3,267380.0
NOVA,2019-08-28,4,297322.0
NOVA,2024-11-20,3,721963.96
NOVB,2008-05-29,3,329685.0
NOVB,2009-02-27,7,206621.75
NOVC,2006-05-16,8,20561950.5
NOVN,2008-03-31,3,4781282.5
NOVN,2019-05-21,4,270720.57
NOVS,2011-08-16,3,206388.0
NOVS,2011-11-15,3,426059.44
NP,2025-11-14,3,3481000.0
NPBC,2009-02-18,5,270780.1668
NPBC,2010-11-12,4,200469.9154
NPBC,2011-06-16,5,383526.7671
NPBC,2011-09-14,9,14933808.844
NPCE,2021-04-23,6,25109969.0
NPDV,2010-09-30,3,2291974.5
NPEN,2007-10-03,6,373560.0
NPO,2012-08-09,3,532319.5
NPO,2016-05-10,5,216273.26
NPS,2015-06-03,4,86374395.0
NPSP,2008-03-17,3,1789333.0
NPSP,2011-11-10,3,376000.0
NR,2006-12-12,4,323476.25
NR,2007-11-27,6,203214.26
NR,2022-08-17,5,378931.79
NRDE,2025-11-21,3,228861.16
NRDY,2022-06-01,3,6380698.850000001
NREF,2020-02-11,5,4350990.0
NREF,2022-10-11,5,1061898.23
NRF,2006-05-31,3,765100.0
NRF,2006-11-22,3,901792.0
NRF,2007-06-27,5,407657.27
NRF,2015-12-04,3,3669705.0
NRG,2006-06-13,5,467867.0
NRG,2008-09-10,6,1352030.5
NRG,2015-12-07,4,364653.95
NRG,2022-12-16,6,1478638.72
NRGM,2011-12-22,6,2084200.0
NRGV,2025-08-28,6,245082.0
NRGX,2019-02-01,9,10325000.0
NRGX,2019-11-05,3,3249778.3999999994
NRGY,2006-05-30,3,736895.0
NRIM,2014-09-03,8,211029.07
NRIM,2023-05-03,6,256726.68
NROM,2015-01-29,3,1548719.9200000002
NRP,2007-08-09,8,308010.8
NRP,2008-10-03,4,1076726.0
NRP,2013-03-08,3,601357.2
NRP,2013-08-20,3,221229.5639
NRP,2014-10-15,6,4476084.18
NRX,2014-02-19,3,28440000.0
NRXP,2022-11-29,3,1062687.8900000001
NRZ,2020-03-18,4,452200.0
NS,2007-08-07,4,2073463.0
NS,2007-11-15,3,9753284.0
NS,2010-05-20,3,20125270.0
NS,2012-09-12,4,24178211.4
NS,2013-05-03,3,3129220.0
NS,2015-08-24,3,4400523.33
NS,2015-12-03,3,2434812.0
NS,2017-04-12,4,15250540.5
NS,2017-08-09,3,2352333.38
NS,2020-03-10,5,2912384.94
NSA,2015-04-30,7,1271400.0
NSA,2015-08-18,3,3188087.0
NSA,2020-03-17,3,1613380.0
NSA,2022-11-08,6,2674411.76
NSBC,2006-08-11,3,389983.84
NSBC,2007-02-26,3,367330.0
NSBC,2007-05-30,3,250302.0
NSBC,2010-11-24,4,228624.22
NSC,2024-05-31,4,2366381.76
NSC,2024-12-16,4,286637.91000000003
NSCO,2020-06-04,3,205770.49999999997
NSEC,2017-11-28,3,350906.83
NSFC,2008-11-07,3,398950.0
NSH,2015-12-14,3,551230.0
NSHA,2006-08-22,3,554686.52
NSIT,2008-06-02,3,1021511.94
NSIT,2008-11-13,3,417663.41000000003
NSIT,2022-05-25,3,46362217.36
NSIT,2022-08-29,3,23773029.91
NSIT,2023-02-22,3,11513437.719999999
NSM,2012-03-08,4,532000.0
NSP,2025-08-06,7,925989.35
NSP,2026-03-11,3,252480.0
NSPH,2007-11-16,3,25464796.0
NSPH,2008-12-08,3,363142.16000000003
NSPH,2009-03-12,3,431863.26
NSPH,2011-05-12,3,5996999.800000001
NSPH,2011-10-18,4,356034.74
NSPR,2013-04-17,4,1790000.0
NSPR,2014-06-04,3,220145.9
NSPR,2016-03-23,4,609500.09
NSPR,2021-02-10,4,299987.00000000006
NSPR,2023-05-16,4,684591.85
NSPR,2025-08-01,4,249995.68000000002
NSPR,2026-05-08,3,217871.24
NSTG,2023-05-30,3,461826.0
NSTR,2008-04-07,3,1972666.52
NSTS,2022-01-19,8,2075000.0
NSTS,2023-02-14,3,225000.0
NSYE: REXR,2013-07-24,7,1789320.0
NT,2008-04-02,3,1361869.0
NTEC,2008-09-23,3,746985.0
NTG,2010-08-02,7,242500.0
NTG,2010-11-01,3,60445319640656.0
NTG,2015-12-08,4,2000000051469.5
NTG,2017-12-14,5,850000040130485.5
NTHI,2025-05-23,4,208493.87
NTHI,2026-04-24,4,338504.0
NTII,2007-11-06,6,602120.0
NTLA,2016-05-11,3,13099986.0
NTLS,2008-03-05,4,772965.51
NTLS,2012-11-15,5,348760.0
NTMD,2008-05-14,3,414260.57000000007
NTN,2008-09-22,3,538173.9
NTN,2008-12-23,5,243816.0
NTN,2009-06-22,5,606373.8500000001
NTRI,2006-03-02,3,288162.22000000003
NTRS,2023-10-25,4,1742839.41
NTSC,2011-10-05,4,212395.0
NTSP,2011-08-11,4,361580.0
NTST,2020-08-18,3,373500.0
NTWK,2010-05-17,3,899909.73
NTWK,2014-09-23,3,255945.0
NTY,2006-03-01,3,1164879.0
NTY,2008-12-01,3,662416.24
NUAN,2006-08-29,3,13435433.17
NUS,2007-11-26,10,238570.0
NUTR,2009-12-28,9,265902.5248
NUTX,2023-06-15,5,577961.1599999999
NUVA,2011-11-09,5,257330.62
NUVA,2016-11-02,3,1548972.0999999999
NUVB,2025-06-18,5,1105572.0
NVAX,2013-06-12,3,234320.0
NVAX,2014-03-25,4,456150.0
NVAX,2016-09-22,4,366950.0
NVAX,2017-05-12,4,276800.0
NVAX,2018-05-15,3,279800.0
NVCT,2022-02-08,3,1179012.62
NVCT,2022-05-16,5,393607.29000000004
NVCT,2024-12-16,3,417221.44
NVCT,2025-11-06,4,1125193.18
NVD,2006-04-21,3,1253964.0799999998
NVET,2016-02-26,3,1414069.16
NVLS,2008-05-06,3,365413.88
NVLS,2015-06-24,3,3714125.0
NVLS,2017-05-11,3,391659.56
NVNO,2025-01-03,5,330887.91000000003
NVR,2009-02-27,4,221666.4
NVRI,2026-06-08,3,1414824.4200000002
NVSC.OB,2006-11-20,5,1085461.5
NVSC.OB,2007-10-30,6,1114440.0
NVSL,2011-06-30,10,377728.0
NVST,2019-09-24,6,616000.0
NVST,2023-11-09,3,367063.07
NVTA,2016-11-21,3,4556548.0
NVTL,2006-11-15,4,237043.0
NVTL,2014-09-12,3,828869.16
NVTR,2017-03-20,3,412354.0
NVTR,2019-05-07,3,312100.0
NVUS,2017-05-11,3,799999.2
NWBD,2010-03-17,4,1098063.2
NWBI,2020-05-18,4,235374.27000000002
NWBI,2021-06-03,3,217816.0
NWBI,2023-05-17,5,332053.78
NWBI,2026-05-28,4,328090.0
NWCB,2006-12-12,7,935928.0
NWCB,2007-05-24,3,417900.0
NWE,2014-12-11,3,364636.039
NWFL,2021-09-10,3,380600.0
NWFL,2025-02-13,3,652634.26
NWFL,2026-01-29,3,274789.96
NWGI,2018-09-13,3,216870.0
NWGI,2020-09-18,3,435256.4
NWHM,2014-02-06,4,861300.0
NWHM,2019-06-10,3,233195.3
NWL,2007-08-24,3,650446.0
NWL,2017-09-25,3,309715.42
NWL,2018-08-08,3,1793545.0
NWL,2020-03-09,4,7257054.8
NWMO,2008-06-12,3,428400.0
NWPP,2013-01-02,12,5604075.0
NWPP,2018-03-19,4,215392.0
NWPP,2023-05-04,3,270525.0
NWPP,2023-11-15,3,244895.92
NWPP,2024-11-26,3,441302.84
NWPP,2025-02-26,3,209208.52000000002
NWPP,2025-09-04,3,481092.42
NWPP,2025-12-16,3,605648.0
NWSB,2009-03-12,3,413739.096
NXDT,2022-03-22,3,2108370.3200000003
NXDT,2024-06-24,3,709852.3200000001
NXDT,2025-04-07,3,1604011.0
NXEO,2017-08-29,3,3587687.0
NXG,2023-12-07,3,313113.0
NXGL,2022-01-03,5,290975.49
NXGN,2021-12-14,3,227570.0
NXL,2022-09-22,5,294650.0
NXMR,2007-08-15,3,10530000.0
NXPL,2022-12-20,4,4127162877386.0
NXRT,2015-04-02,3,710866.3999999999
NXRT,2015-07-02,5,572014.47
NXRT,2016-09-13,3,400181.55
NXRT,2018-01-12,3,1762026.96
NXST,2006-09-07,4,209887.82
NXST,2007-11-20,3,256860.0
NXST,2008-08-14,5,203235.2
NXST,2008-11-20,7,202825.0
NXTC,2019-05-13,5,13875000.0
NXTI,2008-05-15,3,305570.0
NXTM,2008-08-13,3,29640001.0
NXTY,2008-08-29,4,209557.86
NYB,2007-07-30,4,676165.0
NYB,2009-03-10,3,609556.47
NYC,2022-01-26,3,233156.8
NYC,2022-04-27,4,1604224.0
NYC,2023-04-17,4,249173.46
NYC,2024-07-24,3,1412357.12
NYC,2025-01-17,3,222537.53999999998
NYC,2025-04-18,4,340769.27
NYC,2026-01-23,4,219023.85000000003
NYCB,2021-06-15,3,677119.0
NYER,2008-02-06,5,1099999.84
NYFX,2007-05-10,3,18366075.0
NYFX,2008-03-06,3,3595107.0
NYLD,2013-07-24,8,1193500.0
NYMT,2020-03-13,5,771844.93
NYRT,2014-08-20,3,462950.0
NYSE/TRN,2009-03-04,7,310148.88
NYSE/TRN,2015-05-06,4,1545275.0
NYSE: ABG,2008-11-07,3,1091381.0
NYSE: CBF,2007-06-22,3,1874191.4
NYSE: CBF,2007-11-21,3,1924675.9999999998
NYSE: CBF,2008-03-25,3,1399038.25
NYSE: CO,2014-06-02,3,484950.0
NYSE: CO,2014-10-01,3,218910.07
NYSE: CO,2015-01-05,7,3516568.0
NYSE: DM,2008-11-12,7,634157.2
NYSE: DM,2013-02-04,5,246330.0
NYSE: OB,2006-11-14,8,997786.0
NYSE: RPT,2009-09-11,8,267750.0
NYSE: RPT,2019-03-13,3,241770.0
NYSE: SCS,2008-04-07,4,746026.26
NYSE:LSI,2010-08-02,3,475998.33999999997
NYSE:NYCB,2024-02-09,8,873884.1000000001
NYT,2008-02-15,4,33444364.0
NYT,2008-11-24,3,97001381.48
NYX,2007-05-08,3,2567253.0
NYX,2012-02-14,3,1815442.43
OABC,2011-02-24,3,284042.47
OABC,2011-06-01,4,254199.6
OABI,2022-11-14,4,589450.0
OAKS,2013-05-15,4,271959.75
OAKS,2015-08-20,3,254050.0
OAKS,2017-02-27,6,221164.37999999998
OAKS,2018-05-25,6,215028.83000000002
OAS,2015-01-09,3,33378500.0
OAS,2019-08-16,3,356896.36
OB,2009-03-31,3,205300.0
OB,2010-02-09,3,210050.0
OBCI,2010-04-28,4,280860.0
OBDC,2025-11-19,4,1487490.0
OBDE,2024-08-27,3,630571.2
OBIO,2025-08-25,5,2022933.6
OBK,2025-10-29,9,728633.56
OBLN,2018-08-27,3,5100013.1
OBLN,2019-08-08,11,1375000.0
OBNI,2008-07-31,3,11221168.5
OBNK,2018-05-10,12,2879426.0
OBNK,2023-05-02,6,233359.91999999998
OBT,2021-08-09,16,1345360.0
OC,2006-11-08,12,1476860.0
OC,2007-03-22,15,1888698.0
OC,2007-11-21,3,15571540.329999998
OC,2008-05-07,3,34403473.0
OC,2009-03-11,5,256590.5
OC,2010-08-17,3,204409.48
OCCI,2018-10-10,3,4500000.0
OCCX,2008-10-08,3,5525335.0
OCFC,2023-05-12,4,208817.85
OCGN,2019-12-13,3,490815.0
OCIR,2014-11-24,3,301130.0
OCLR,2015-05-26,4,371100.0
OCN,2019-08-13,4,571652.66
OCN,2020-03-06,5,317924.6
OCPAX,2018-08-03,3,34924999.985
OCR,2010-08-12,4,559300.0
OCRX,2013-07-16,7,50029818.57000001
OCSI,2017-12-15,5,1057225.02
OCSI,2020-03-16,5,284263.65
OCSL,2017-12-15,3,1617026.0
OCSL,2020-03-16,4,245108.6
OCSL,2025-02-26,3,234996.8
OCTIX,2024-12-16,4,3100000.1557000005
OCTO,2025-09-11,3,950000.0999999999
OCUL,2014-08-08,3,12299924.0
OCUL,2017-12-08,3,214691.0
OCUL,2019-03-18,3,385489.53
OCUL,2019-06-17,5,669407.44
OCX,2019-09-16,3,3359900.0
OCX,2022-04-15,5,8137390.16
OCX,2022-08-18,6,235445.91999999998
OCX,2024-04-15,3,7176399.6
OCX,2024-12-27,3,264341.47
ODFL,2007-11-05,3,309985.0
ODP,2014-03-12,3,13678319.3
ODP,2018-06-05,3,221640.0
ODT,2017-12-08,3,50999952.0
ODT,2018-03-26,4,5716071.080000001
ODT,2018-08-23,3,1545950.77
ODT,2018-12-13,3,914767.63
ODT,2019-06-18,3,5730598.35
ODT,2020-09-01,3,54999998.25
ODT,2020-12-30,3,17908538.68
ODTX,2026-05-11,5,30319986.0
OEC,2020-03-04,3,592614.0
OEC,2022-02-25,3,809908.7
OEC,2023-03-15,3,329544.5161
OEC,2024-08-12,3,668445.6
OEGY.OB,2007-08-27,3,1415550.0
OESX,2016-06-14,4,214236.7
OFC,2013-12-17,3,660300.0
OFC,2018-12-17,3,373334.2
OFG,2007-02-21,3,280044.0
OFG,2008-12-03,7,333273.4
OFG,2009-03-16,9,278538.83999999997
OFG,2012-11-05,7,1240900.0
OFG,2016-02-12,5,218940.26
OFG,2020-03-19,4,334103.01999999996
OFG,2020-09-23,3,518234.53
OFIX,2008-05-08,3,648573.4
OFIX,2013-05-20,5,719120.0
OFIX,2020-03-18,3,856392.0
OFIX,2021-11-22,5,236962.0
OFIX,2025-05-12,3,1406693.8
OFS,2013-12-13,3,256270.0
OFS,2020-11-16,3,318528.29
OFSI,2006-10-03,8,1691475.0
OGE,2008-11-17,3,244785.0
OGE,2023-03-15,3,221925.0
OGN,2025-05-07,5,551257.45
OHAI,2015-12-18,5,227153.87
OHRP,2015-02-10,4,275636.25
OHRP,2017-04-13,3,250001.50000000003
OI,2011-10-05,4,2087540.73
OI,2016-02-25,3,245100.0
OI,2026-05-19,5,279482.36
OICO,2009-01-28,3,201870.0
OICO,2009-12-14,3,278528.5
OII,2020-03-13,6,211855.05
OII,2022-09-30,3,374141.87
OILT,2011-07-21,8,1061025.0
OILT,2014-04-07,3,303779.64
OIS,2006-10-06,3,270860.0
OKE,2020-03-13,3,1775179.69
OKS,2008-03-17,3,303440050.0
OKS,2008-09-19,3,321625.0
OKS,2009-03-12,4,245457.16
OKS,2009-06-25,3,384162.0
OKS,2015-12-23,3,916020.0
OKSB,2010-05-03,9,228750.0
OKSB,2011-08-18,5,248819.5
OKSB,2012-09-12,5,379032.58
OKSB,2014-07-31,4,206915.44
OKSB,2015-01-27,4,282910.0
OLBK,2009-03-06,6,323187.5
OLBK,2011-01-31,16,1410816.0
OLBK,2012-12-04,7,268726.81
OLBK,2014-12-11,4,207853.44999999998
OLBK,2015-12-03,4,241468.55159999998
OLBK,2016-05-16,3,265055.0
OLBK,2016-11-09,7,221053.75519999999
OLBK,2017-02-23,4,200877.65
OLBK,2017-07-21,9,423597.13
OLBK,2018-03-05,3,343876.24
OLBK,2018-06-15,4,220812.98
OLBK,2019-02-25,5,201009.39
OLCB,2007-12-21,7,241320.67
OLCB,2010-02-23,8,946700.0
OLED,2026-05-13,3,1465644.5
OLGX OB,2010-01-11,3,298864.19999999995
OLGX OB,2010-06-11,3,2241798.0
OLMA,2020-11-23,3,51686346.0
OLN,2015-11-06,9,4323613.0
OLN,2016-02-16,4,637310.0
OLN,2018-02-20,3,431484.0
OLN,2018-11-14,4,908394.0
OLN,2019-08-14,4,282929.5
OLN,2020-08-13,3,501100.86
OLO,2021-03-23,5,1878750.0
OLP,2009-03-24,3,222711.0
OLP,2009-06-22,4,235521.0
OLP,2013-12-05,4,220980.0
OM,2020-09-17,3,634500.0
OMAG,2013-03-26,3,497750.0
OMAG,2016-04-07,4,4905750000.0
OMAG,2017-02-06,4,208561.04
OMED,2013-07-23,9,20999964.0
OMEF,2007-08-14,6,217129.65
OMER,2013-01-04,3,290609.9
OMF,2016-03-02,7,1310610.45
OMF,2016-11-14,4,1535876.0
OMF,2020-03-16,3,1155808.8
OMGA,2021-08-03,3,17037891.0
OMI,2020-08-11,3,662900.0
OMN,2014-10-06,3,243400.5
OMN,2015-09-30,4,219359.47999999998
OMN,2016-01-22,4,365493.54000000004
OMNI,2006-06-05,3,285928.0
OMNI,2008-08-11,4,315180.0
OMNT,2018-07-25,3,1286850.0
OMP,2017-09-27,6,1179800.0
OMP,2018-11-20,3,700000.0
OMRI,2008-03-21,3,1298966.6
OMTH,2013-04-17,11,55000000.0
ON,2016-02-16,3,1458540.85
ONB,2007-08-03,11,663847.02
ONB,2011-08-15,6,226833.0
ONB,2015-04-29,5,201118.0
ONB,2022-05-03,3,270608.5
ONB,2023-05-04,3,268054.0
ONCE,2015-02-06,6,7721100.0
ONCR,2020-10-08,6,29625015.0
ONCT,2020-07-23,3,2621067.82
ONCY,2026-02-13,9,348083.56
ONDK,2017-05-31,5,211630.0
ONDK,2018-05-30,7,223000.0
ONEW,2020-02-13,4,5746308.0
ONEW,2022-12-21,3,322772.31999999995
ONEW,2023-03-21,3,672350.0
ONEW,2023-08-17,3,498803.13
ONEW,2024-08-26,3,1916519.8000000003
ONEW,2024-11-29,3,518279.94
ONEW,2025-05-22,3,1180834.04
ONFC,2011-12-16,3,291394.26
ONH,2007-01-04,8,10894545.779999997
ONI,2008-02-08,4,341000.0
ONMD,2025-11-26,4,2074991.0100000002
ONMD,2026-06-17,3,480774.11000000004
ONON,2026-05-15,3,6593600.699999999
ONTF,2021-08-24,3,1540320.0
ONTF,2025-03-13,3,1697927.4000000001
ONTF,2025-06-13,3,3505400.53
ONTX,2013-08-01,8,35750010.0
ONTX,2013-11-18,4,502790.32
ONTX,2017-04-28,5,336006.3
ONTX,2018-05-31,3,9457475.99
ONTX,2019-11-27,6,242300.0
ONVI,2006-05-12,6,200084.78
ONVI,2012-11-19,3,247248.0
ONVI,2015-12-09,4,638407.75
OPAL,2022-12-16,4,663085.2
OPAL,2025-05-21,3,210464.82
OPAL,2026-06-15,3,283718.07
OPBK,2018-03-29,9,935000.0
OPCH,2021-05-12,3,219337.70000000004
OPCH,2023-08-21,3,2041653.8
OPCH,2025-08-21,4,1575622.5
OPCH,2026-05-05,3,1375666.1
OPEN,2009-05-27,3,925000.0
OPFI,2022-05-16,3,302580.80000000005
OPFI,2022-08-25,3,283765.0
"OPGN,OPGNW",2015-05-12,10,14147382.0
OPHC,2012-05-30,3,1330000.0
OPHT,2013-10-03,3,15041400.0
OPK,2007-07-16,8,17266534.0
OPK,2007-12-06,5,20297318.6
OPK,2008-03-07,6,16654545.7
OPK,2008-06-05,5,4160974.0
OPK,2009-03-04,3,1118711.4300000002
OPK,2009-06-11,3,334064.13
OPK,2009-10-29,3,414550.65
OPK,2011-01-25,3,5025354.6899999995
OPK,2011-06-14,3,1501524.6400000001
OPK,2011-09-22,4,981956.99
OPK,2012-03-30,4,4274328.32
OPK,2012-10-10,3,7364905.4
OPK,2013-03-19,3,6298771.609999999
OPK,2014-01-08,3,5462024.69
OPK,2014-04-15,3,5096396.949999999
OPK,2015-06-09,3,593680.0
OPK,2015-09-08,4,13390682.48
OPK,2016-03-15,3,1798362.95
OPK,2017-01-03,3,264375.28
OPK,2017-05-11,4,10703584.889999997
OPK,2017-09-18,3,2498827.38
OPK,2018-03-08,3,3543735.75
OPK,2018-06-07,3,1125635.13
OPK,2018-09-10,3,439339.31
OPK,2019-02-05,3,1399079.74
OPK,2019-05-10,6,3129645.2799999993
OPK,2019-10-25,4,3658750.0
OPK,2020-03-04,3,1336093.3200000003
OPK,2021-06-01,3,2405169.35
OPK,2022-05-12,3,2493984.0
OPK,2023-11-13,3,1408611.16
OPK,2024-02-21,3,2489700.0
OPNT,2021-09-13,3,218017.86
OPNT,2022-05-17,3,472323.61
OPOF,2022-05-24,3,2545558.02
OPOF,2024-05-20,3,294246.74
OPRT,2024-12-11,3,230568.84
OPRX,2022-08-23,5,454032.0
OPTI.OB,2011-08-30,3,1357506.26
OPTO.OB,2006-10-17,3,1226252.1
OPTR,2007-08-13,3,890922.0
OPTR,2009-12-02,3,378435.0
OPTV,2007-11-23,3,10123295.090000002
OPTV,2008-02-25,5,481444.79000000004
OPTV,2009-11-20,3,260274014.45
OPWV,2008-11-20,4,217510.03999999998
ORBC,2019-11-06,3,229250.0
ORBT,2009-08-20,4,336123.45
ORBT,2013-05-30,3,206517.9
ORBT,2014-03-13,3,244375.7
ORBT,2014-12-19,4,256594.1
ORC,2017-03-07,4,1108377.7
ORCC,2006-12-18,4,305099.4
ORCC,2007-11-01,4,224802.5
ORCC,2022-05-27,3,232873.9
ORCC,2023-05-24,3,1088869.66
ORCH,2008-10-08,3,1056179.0
OREX,2007-05-01,8,39865392.0
OREX,2008-12-10,7,14855489.219999999
OREX,2009-07-24,8,34125000.0
OREX,2009-11-12,8,6694380.0
OREX,2011-12-22,8,4761842.050000001
ORGC,2010-03-10,3,633533.31
ORGN,2021-08-23,3,613900.0
ORGN,2022-03-16,3,479146.44
ORGO,2019-09-05,6,4176514.0
ORGO,2020-11-19,6,20145168.48
ORGO,2021-11-22,3,552050.0
ORI,2007-02-09,3,346438.95
ORI,2007-08-30,4,200326.45
ORI,2007-11-28,4,308470.0
ORI,2008-03-12,3,514706.25
ORI,2011-08-08,3,231787.85
ORI,2011-11-07,3,334143.5
ORI,2016-11-01,4,207911.2
ORI,2020-02-28,3,743114.0
ORI,2020-06-11,6,248301.96
ORI,2020-09-10,3,267005.77
ORIT,2007-02-07,3,260700.0
ORIT,2007-11-19,5,228170.0
ORIT,2011-09-06,3,318060.0
ORIT,2014-05-09,3,644300.0
ORLY,2007-05-24,4,9528419.42
ORM,2015-12-14,4,251315.91999999998
ORM,2018-06-01,4,349201.14
ORMP,2023-04-04,3,415257.98
ORN,2019-05-28,7,383755.0
ORNG,2006-05-30,3,711359.0
ORNG,2008-12-18,3,873555.96
ORNG,2011-09-06,3,451951.39
ORNI,2012-08-02,3,3971683.5
ORRF,2013-02-05,3,201369.56
ORRF,2025-03-26,3,201495.0
OSAT,2022-01-06,5,2600012.52
OSBC,2008-05-20,4,223251.3
OSBC,2013-03-12,5,512535.0
OSBC,2014-04-09,10,1074977.2
OSBC,2017-03-22,4,201862.59999999998
OSBC,2021-08-11,3,209553.0
OSCR,2021-09-01,3,64018006.85999999
OSCR,2024-11-18,3,39755450.00000001
OSG,2011-06-07,3,2333585.54
OSG,2011-09-06,6,10132743.56
OSG,2020-03-20,3,7350570.550000001
OSHC,2009-12-22,12,420000.0
OSMT,2020-01-15,5,31250000.0
OSPN,2021-08-11,5,498471.0
OSTK,2020-03-23,5,240139.83000000002
OSUR,2008-08-14,4,214200.0
OSUR,2022-08-29,3,263538.0
OSUR,2025-02-27,4,621767.78
OTCBB:ASPW,2011-07-28,6,1360000.0
OTCQB:SLRK,2012-12-14,3,221370.0
OTCQB:SLRK,2013-06-04,3,429785.0
OTCQX-HDYN,2017-06-08,3,200002.48
OTEL,2018-05-02,3,1227323.1400000001
OTF,2026-05-27,3,206150.97
OTH,2025-11-24,3,716034.87
OTIC,2014-08-19,5,11750000.0
OTIVF,2020-01-02,3,5408000260000.0
OTIVF,2020-04-23,3,4608000240000.0
OTLK,2021-12-02,4,20053100.0
OTLK,2022-10-11,3,334652.86
OTLK,2026-05-27,4,243201.34
OTTW,2016-10-13,10,347000.0
OUST,2023-05-18,3,918179.0
OUST,2024-05-16,3,418000.0
OUT,2016-09-15,3,341680.0
OVAS,2014-03-11,4,4000000.0
OVAS,2015-04-09,7,367341.39
OVAS,2015-10-07,3,242096.0
OVAS,2016-05-12,3,330103.0
OVLY,2017-05-18,3,210065.34000000003
OVLY,2023-05-31,3,243361.14
OVLY,2024-02-28,4,229593.33000000002
OVSC,2013-03-20,3,4324995.0
OVTZ,2019-07-22,3,450000.0
OVTZ,2020-06-25,3,456250.05
OVV,2020-02-25,3,436177.0
OWL,2025-12-03,4,7142132.9
OWW,2007-07-27,8,1515000.0
OWW,2008-03-14,3,49031684.19
OWW,2008-06-13,3,19010812.799999997
OWW,2010-01-28,5,335310106.59999996
OXBRU,2014-03-28,6,4904754.0
OXGN,2006-03-17,3,468507.91000000003
OXGN,2006-08-03,3,412878.88
OXLC,2011-01-25,3,4700000.0
OXLC,2013-11-18,3,1724985.0
OXLC,2020-02-18,3,10055860.0
OXM,2008-12-17,3,769420.96
OXPS,2009-02-10,3,2277828.0
OXY,2019-06-11,4,3204589.0
OXY,2019-12-09,3,1781329.0
OXY,2020-03-16,3,498203.18
OXY,2022-03-30,3,5641672761.25
OYOG,2007-02-16,3,6473250.0
OYOG,2008-02-15,4,396340.51
OYOG,2008-12-12,4,637122.0
OYSM,2006-06-06,3,202771.0
OYST,2019-11-04,7,41760000.0
OZM,2011-12-19,4,3192859.6900000004
OZM,2017-01-10,3,7796607.37
OZRK,2014-06-16,3,840350.5700000001
OZRK,2016-04-29,3,238386.0
P,2016-06-02,3,6151900.0
PAA,2020-03-18,3,831410.0
PABK,2007-05-25,3,304866.15
PABK,2007-08-28,8,970896.9773
PABK,2007-12-04,4,374636.8
PABK,2008-06-20,5,250278.28
PACE,2021-02-23,3,9028763.76
PACE,2021-09-21,3,46730213.26
PACK,2022-08-03,3,1864295.0
PACK,2023-06-09,3,767568.45
PACK,2023-11-06,3,462395.0
PACQ,2020-08-12,3,252567.32
PACR,2011-08-18,3,448480.0
PACR,2012-12-03,5,247620.0
PACW,2008-07-22,3,396435.0
PACW,2016-02-02,4,345805.75
PACW,2017-04-20,3,218398.0
PACW,2018-11-29,3,1625745.0
PACW,2020-03-04,5,978861.0700000001
PACW,2022-06-08,7,1750000.0
PACW,2023-03-13,11,1835839.5999999999
PAGP,2016-02-11,3,7135000.0
PAGP,2017-08-14,3,1554200.0
PAGP,2019-11-20,3,2415000.0
PAGP,2020-02-27,3,2576148.02
PAH,2015-11-23,3,6043650.0
PAH,2017-08-29,5,270265.0
PAH,2017-12-19,3,4876783.91
PAH,2018-08-09,4,126016808.4
PAH,2018-11-07,3,7865180.0
PAL,2024-05-13,3,393975.0
PALM,2009-03-10,3,146999988.0
PALM,2009-09-23,3,106999993.75
PAND,2020-07-21,13,47614482.0
PAR,2008-05-29,3,2042966.68
PAR,2008-11-19,3,526145.4299999999
PAR,2009-03-11,4,213360.0
PARD,2007-04-30,3,7912493.67
PARD,2007-08-31,5,643239.54
PARK,2025-12-03,6,309985.0
PARR,2020-03-19,3,556050.0
PASG,2020-03-03,15,35334000.0
PATH,2010-08-13,3,3754140.0
PATK,2008-03-13,3,8272930.0
PATK,2008-06-30,4,11999365.0
PATK,2026-05-06,5,2391319.0
PATR,2011-06-14,3,352551.7062
PAX,2009-11-16,3,4256784.4
PAXS,2022-02-01,10,7690000.0
PAY,2008-12-23,4,841474.44
PAY,2013-07-12,3,740231.0
PAY,2021-05-28,4,2849973.0
PAYC,2014-04-22,4,1014000.0
PAYC,2016-11-17,3,1386069.2
PAYS,2024-02-06,3,1929804.9
PB,2020-03-11,5,2879572.0
PBBK,2021-08-31,3,340160.74
PBBK,2021-11-29,3,311566.56000000006
PBCI,2008-11-10,5,235158.04
PBCP,2012-11-13,7,312000.0
PBCT,2007-04-18,18,7660000.0
PBCT,2016-10-24,3,1400000.0
PBF,2020-09-30,3,2609342.6
PBFX,2014-05-15,10,15857603.0
PBH,2011-08-22,3,348300.0
PBH,2018-02-06,3,666579.0
PBHC,2014-10-21,5,274651.5
PBHC,2019-05-10,9,1417205.25
PBI,2012-05-22,4,437806.45
PBI,2013-06-07,3,1376910.0
PBIB,2014-12-08,3,2850000.0
PBIB,2016-04-18,3,750000.0
PBIP,2013-10-17,7,202010.0
PBIP,2020-03-12,3,235243.51
PBLS,2026-06-29,3,434498557.95
PBNC,2016-06-20,3,335988.0
PBNY,2011-08-16,6,234432.31
PBSK,2011-09-13,8,1748000.0
PBSK,2014-04-02,6,476098.45999999996
PBSK,2015-06-11,5,220304.45
PBY,2006-08-18,3,1561906.1099999999
PBY,2006-11-20,5,23863943.0
PBY,2007-09-04,3,2835836.0
PBY,2007-12-03,8,10164115.0
PBY,2008-12-15,5,280030.0
PBY,2010-07-01,3,462046.24
PBYI,2012-05-01,3,5867535.0
PBYI,2012-12-20,3,3797478.0
PCAR,2008-11-10,3,3545200.0
PCB,2022-03-01,3,1017830.7297
PCB,2022-11-18,3,248492.6324
PCB,2023-03-10,3,579914.0271999999
PCB,2024-12-02,3,666685.35
PCBC,2007-11-07,5,539762.0
PCBI,2006-03-09,3,387590.63
PCBK,2008-11-25,5,247576.33000000002
PCBK,2009-10-15,4,210000.0
PCE,2009-09-28,4,2248417.62
PCF,2010-07-02,3,272765.0
PCF,2017-02-03,3,789051.97
PCF,2017-11-08,3,736319.0199999999
PCF,2018-02-06,4,2877333.0099999993
PCFHF,2008-01-28,3,811590.0
PCG,2025-02-27,4,221364.39
PCH,2006-08-31,3,620488.19
PCH,2008-11-07,3,567550.0
PCI,2015-05-14,3,511585.0
PCI,2016-05-11,3,353620.0
PCK,2008-12-31,3,1596152.8
PCM,2007-03-09,3,396829.0
PCM,2008-12-31,6,2711793.1100000003
PCO,2011-10-04,5,351589.65
PCOR,2021-05-26,4,67000000.0
PCOR,2022-06-16,3,63684440.14
PCQ,2008-12-31,3,430380.0
PCR,2008-06-04,3,1886536.0
PCRX,2011-02-10,10,29999984.0
PCRX,2011-11-22,5,12999987.0
PCRX,2016-02-01,3,235055.0
PCRX,2024-08-14,4,223674.4
PCSA,2020-10-13,3,348425.0
PCSA,2025-01-29,3,204160.0
PCSB,2017-04-24,17,2620030.0
PCSB,2017-12-04,3,296472.2
PCST.OB,2008-10-02,7,599982.0
PCSZX,2024-05-10,3,885000.0155
PCSZX,2024-08-09,3,1087279.9622
PCT,2022-03-22,3,15999970.0
PCT,2023-11-14,3,354221.8
PCTI,2006-03-02,7,1430966.28
PCU,2009-01-30,4,20214680.0
PCVX,2020-06-18,4,20688000.0
PCX,2007-11-28,3,825245.01
PCX,2008-05-01,3,858349.0
PCX,2008-08-05,5,5599626.2
PCX,2008-11-10,3,1274731.0
PCX,2009-03-20,3,393536.63999999996
PCYC,2011-11-23,3,3228195.58
PCYG,2013-03-15,8,1193011.2
PCYO,2010-10-06,3,11207595.0
PDC,2009-03-17,3,9360000.71
PDC,2010-05-12,3,211962.5
PDC,2012-06-14,3,257172.86
PDEX,2014-05-01,4,907869.4
PDI,2016-05-18,3,276459.0
PDII,2008-12-02,4,273616.0
PDII,2014-11-10,3,205178.0
PDLB,2018-09-14,3,223877.13
PDLI,2020-12-23,3,13958480.0
PDM,2010-02-18,9,677175.0
PDM,2012-05-17,3,397300.0
PDM,2015-09-02,3,400450.0
PDM,2020-05-14,3,208932.6
PDM,2020-11-04,3,305634.5
PDM,2022-09-01,3,597930.0
PDM,2023-03-21,7,675788.2
PDM,2025-05-05,3,227750.35
PDO,2021-01-28,12,10427540.0
PDO,2022-02-10,3,419451.5
PDSB,2021-06-17,4,349987.5
PDVW,2015-08-17,7,7227269.600000001
PDVW,2015-11-16,4,752976.5
PDVW,2016-03-02,3,724328.7600000001
PDVW,2016-06-16,3,1161194.0
PDVW,2017-11-13,3,1340609.62
PDVW,2018-07-20,3,362984.78
PDYN,2024-05-23,3,320553.69999999995
PE,2017-03-02,3,1195474.6500000001
PE,2018-02-28,3,5302650.0
PE,2018-12-06,3,270058.42
PE,2020-03-09,3,217185.76
PEAK,2023-03-16,3,506098.57
PEB,2011-03-17,3,258000.0
PEB,2011-08-17,3,213745.34
PEB,2025-05-23,3,1203817.58
PECO,2021-07-19,3,1638000.0
PED,2019-11-14,3,388051.0
PEFF,2006-12-04,4,2514333800000.0
PEGI,2015-08-21,3,415200.0
PEGI,2016-09-02,3,315390.45
PEI,2008-08-27,3,435548.0
PEI,2008-12-19,4,1191220.0
PEI,2009-03-20,4,1944363.41
PEI,2017-06-14,3,282200.0
PEI,2019-09-18,4,259080.0
PEIX,2011-11-10,3,208450.0
PEIX,2015-11-12,5,219770.0
PEIX,2020-08-27,4,658226.31
PENN,2014-05-12,3,804450.0
PENN,2015-11-24,3,232849.5
PENN,2019-08-16,3,796625.0
PENN,2020-05-15,3,1049958.0
PENN,2024-09-12,3,1450548.0
PENN,2025-05-22,3,707892.0
PENN,2025-11-24,3,882777.85
PEOP,2010-12-09,5,208406.91999999998
PEOP,2011-08-10,4,214283.97999999998
PEOP,2012-02-09,4,257563.57
PERY,2011-11-22,3,318082.5
PESI,2008-12-04,3,429613.0
PET,2023-03-15,3,5240927.08
PETQ,2021-12-16,3,2363662.83
PETS,2023-11-13,3,451497.88
PETS,2025-06-04,3,224233.95
PETX,2013-07-03,4,6061998.0
PEW,2025-08-20,3,211100.0
PEYE,2012-10-02,5,630002.7000000001
PEYG,2007-07-03,4,342850.0
PEYG,2008-10-21,3,67661258.44
PF,2013-04-05,5,209000.0
PFBX,2021-08-04,3,453792.0
PFBX,2023-03-23,4,215035.0
PFBX,2023-11-15,4,201528.47
PFBX,2024-06-27,4,206875.56
PFBX,2024-11-25,3,427473.25
PFBX,2025-03-07,3,268220.0
PFBX,2026-02-04,5,880032.88
PFBX,2026-05-07,4,207627.0
PFC,2020-11-02,4,553225.0
PFCB,2007-10-31,5,488403.7
PFG,2008-11-25,4,1292703.0
PFHC,2022-05-19,3,319500.0
PFHD,2020-02-10,6,245125.0
PFIS,2010-02-19,4,206383.25749999998
PFIS,2011-05-06,6,277264.25
PFIS,2011-10-27,5,363202.34400000004
PFIS,2014-03-05,3,1115188.85
PFIS,2014-06-03,3,424384.8
PFIS,2015-05-01,3,256085.2
PFIS,2018-11-05,3,434351.9
PFIS,2023-05-16,3,233918.9
PFLC.OB,2007-12-06,3,203002.5
PFLT,2011-08-10,3,259075.0
PFLT,2015-08-28,3,506410.0
PFLT,2019-05-16,3,746564.0
PFLT,2020-03-19,3,420965.0
PFMT,2019-10-25,3,934575.5700000001
PFMT,2022-01-19,3,2338516.16
PFNS,2006-03-28,3,281590.6
PFNS,2008-03-07,3,346720.0
PFNS,2009-12-16,3,475542.65
PFNS,2010-06-03,3,294516.5
PFS,2020-09-11,5,388481.75
PFSI,2013-05-22,3,528308.0
PFSI,2021-03-10,3,58514466.08
PFSI,2021-06-08,5,174599343.5
PFSI,2021-11-30,3,57308241.54000001
PFSW,2015-08-27,3,1296295.55
PFTI,2006-02-22,4,1350199.5
PFTI,2007-08-24,4,325900.19999999995
PFX,2021-05-24,3,489678.23000000004
PFX,2023-06-21,3,719260.2200000001
PFX,2025-03-05,3,227543.66999999998
PGC,2013-12-16,14,1134325.0
PGC,2016-02-05,5,232588.0
PGC,2020-03-18,7,280422.02
PGC,2023-03-28,3,207637.0
PGC,2025-04-01,3,293457.04000000004
PGC,2026-04-01,3,548725.1799999999
PGEN,2023-01-31,5,20155996.0
PGEN,2023-08-17,3,2443715.53
PGNX,2019-09-09,3,3502513.1599999997
PGRE,2014-11-26,5,2223410.0
PGRE,2023-03-27,3,1880565.0
PGTI,2006-07-06,10,2585200.0
PGWC,2006-04-18,3,1402804.0
PGY,2024-04-09,6,2012373.19
PH,2008-10-28,3,352727.2
PHAS,2018-10-24,5,15100000.0
PHAT,2022-05-16,3,415105.0
PHF,2007-08-16,4,256687.7
PHF,2016-12-05,4,235068.65
PHF,2017-03-08,4,221526.13
PHF,2017-06-08,4,835303.6799999999
PHGE,2019-12-09,3,220519.0
PHGE,2021-07-30,6,250000.0
PHH,2009-11-24,3,419560.0
PHH,2011-08-15,4,534764.56
PHIIK,2008-11-24,3,4978553.34
PHLI,2007-01-08,3,285000.0
PHLI,2011-05-13,4,225000.0
PHM,2011-09-14,5,263146.64
PHM,2013-08-02,3,492327.6
PHRM,2006-03-10,3,702713.46
PHT,2008-10-14,3,551561.9
PHX,2006-09-13,3,1056588.0
PHX,2007-08-16,4,4016882.22
PHX,2012-06-13,4,301208.68000000005
PHX,2015-09-04,4,841228.4900000001
PHX,2020-09-02,4,423800.0
PHX,2021-04-20,10,3676401.47
PHX,2021-11-09,3,304245.36999999994
PHX,2022-05-12,3,301585.75
PHXE.P,2025-10-01,9,410000.0
PI,2020-03-13,4,2476373.33
PI,2023-02-23,3,29951772.36
PICO,2008-01-18,3,751678.4446
PICO,2008-11-12,3,597840.1399000001
PICO,2019-08-15,3,535460.02
PICS,2026-03-27,3,2263132.6
PIH,2016-12-05,3,881451.35
PIH,2017-06-09,6,213387.84999999998
PIH,2017-09-07,6,1118641.12
PIH,2018-05-21,3,343998.8
PIH,2020-04-20,3,812276.0
PII,2018-07-31,4,1277818.95
PIII,2023-05-16,3,5926793.55
PIII,2023-09-01,3,1082700.0
PIII,2024-09-12,3,473200.0
PINC,2013-09-27,8,1231200.0
PINE,2020-03-16,5,220833.44
PINE,2025-08-08,3,1653608.4000000001
PIP,2009-12-14,3,208000.0
PIPR,2020-03-20,4,925965.0
PIR,2007-10-02,3,503131.36
PIR,2008-07-08,6,220233.0
PIR,2009-06-23,3,2141797.5
PIR,2009-09-21,4,623882.0
PJC,2007-08-03,5,367252.0
PJC,2007-11-13,3,259060.0
PJC,2010-08-12,3,295287.68
PJT,2015-11-20,6,7050000.0
PJT,2016-08-10,3,658070.0
PJT,2017-03-20,3,683301.3200000001
PK,2020-03-09,3,388720.0
PKE,2015-08-26,3,470837.2
PKOH,2020-03-26,5,211876.0
PKPL,2014-04-02,3,222417.0
PKPL,2014-07-29,4,1317362.6
PKS,2006-05-18,3,610308.15
PKY,2007-12-26,3,386737.87
PKY,2011-06-06,3,937759.9999999999
PKY,2012-02-13,6,913007.06
PKY,2012-05-16,4,970950.0
PKY,2013-06-20,3,881820.0
PKY,2014-12-04,5,560890.0
PL,2021-12-23,3,1365144.1
PLAN,2018-10-18,3,19088283.0
PLAY,2022-10-13,4,19931422.740000002
PLAY,2023-01-11,13,124503542.23
PLAY,2024-12-13,4,1752977.8
PLBY,2022-03-24,3,1296650.26
PLCE,2019-12-17,4,2020014.0
PLCE,2024-02-16,5,111831462.02
PLCSD,2014-09-25,3,6533371.48
PLFE,2008-11-24,6,215190.0
PLFE,2009-03-19,3,277360.25
PLI,2009-01-27,3,236729.32999999996
PLIN,2009-01-20,4,257973.05999999997
PLKH,2007-11-30,3,328250.0
PLMT,2011-06-06,6,11088776.399999999
PLNT,2020-03-10,4,5509400.9
PLPC,2022-09-16,3,107945280.0
PLRM,2017-09-08,3,241560.0
PLSE,2017-09-18,3,6329357.25
PLSE,2023-11-20,3,263716.92000000004
PLT,2020-02-26,4,11167325.95
PLUG,2008-02-07,3,692294.75
PLXP,2017-06-16,3,475346.07999999996
PLYA,2018-03-13,3,460320.0
PM,2008-04-01,8,27245482.0
PM,2013-08-06,3,11119057.99
PM,2018-05-15,4,7959940.0
PMBC,2010-05-03,3,355564.38
PMBC,2011-09-02,8,262240.80000000005
PMBC,2013-04-03,3,15770821.6
PMBC,2014-12-16,3,568807.89
PMBC,2018-10-30,3,561805.5
PMBC,2020-03-11,3,213789.9
PMC,2010-08-26,3,671249.0
PMC,2012-06-15,3,526690.0
PMCS,2013-08-16,3,11686592.15
PMCT,2014-03-28,4,349736.0
PMFLX,2019-03-29,3,298762.08
PMI,2007-08-14,4,429639.0
PMN,2026-03-04,3,8617413.48
PMNT,2024-02-14,8,532194.0
PMPEX,2026-02-10,7,255599.9439
PMT,2011-02-17,3,1599189.0
PMT,2020-03-18,3,895744.64
PMTS,2015-10-19,3,351000.0
PMTS,2016-06-15,3,223652.16
PMTS,2025-05-15,3,352741.2
PMVP,2020-09-29,6,70380000.0
PN,2015-01-26,4,4862088.0
PN,2016-03-16,3,388879.82
PNBK,2006-10-03,12,5990160.0
PNBK,2007-08-22,3,308903.42
PNBK,2007-11-28,7,231252.43
PNBK,2008-03-19,3,378460.51
PNBK,2011-01-03,4,238782.9
PNC,2016-02-10,3,2048880.06
PNFP,2006-05-10,3,336582.5
PNFP,2009-06-17,10,743132.0
PNFP,2020-03-02,3,1360265.0
PNFP,2020-06-05,5,3650000.0
PNFP,2025-08-04,4,1047078.8200000001
PNG,2010-05-05,6,5379300.0
PNK,2010-05-18,3,723940.0
PNK,2011-08-16,3,289825.0
PNK,2011-11-18,3,1057420.0
PNK,2012-07-31,4,540329.0
PNK,2016-06-07,3,1330426.42
PNNT,2008-05-13,3,315400.0
PNNT,2008-12-08,3,210888.4
PNNT,2009-12-09,3,200100.0
PNNT,2010-05-07,3,253990.0
PNNT,2015-02-10,3,542344.8
PNNT,2015-11-18,3,378703.57999999996
PNNT,2016-12-08,3,566374.0
PNNT,2023-05-17,3,351473.2
PNSN,2006-05-24,3,5508000.0
PNT,2022-11-23,3,360396.1
PNX,2009-03-31,6,282752.86
PNX,2012-05-11,4,320640.41000000003
PNY,2006-01-18,8,236914.57
POCC,2007-12-20,3,951425.0
POCC,2008-04-29,5,208180.0
POCC,2008-07-30,3,740677.5
POCC,2008-10-30,3,1577901.72
POCI,2006-04-17,3,550000.0
POCI,2024-08-16,3,142382990.10000002
POCI,2026-04-01,3,229993.2
PODD,2008-11-13,3,231776.8
PODD,2015-05-18,3,220961.31
PODD,2016-12-12,3,1705015.0
PODD,2017-05-18,3,317339.4
POL,2007-11-16,3,249371.95
POL,2009-03-18,3,210902.0
POL,2015-08-10,3,215593.65
POL,2018-10-26,3,459954.0
POL,2020-03-20,3,428980.0
POM,2009-03-10,6,325875.64
PONE,2008-09-15,4,224574.62
POOL,2026-03-04,3,2605974.2
POPE,2012-12-27,3,235945.0
POST,2018-02-14,3,7498693.299999999
PPBI,2007-08-07,3,8401989.0
PPBI,2009-11-12,9,287488.5
PPBI,2013-05-09,3,232517.1
PPBI,2014-04-28,8,337724.0
PPC,2010-11-08,5,208600000.0
PPC,2012-03-14,4,430720208.88
PPC,2012-11-20,5,10937736.0
PPCO,2009-02-23,3,1282900.0
PPD,2020-02-12,7,3520800.0
PPI,2012-10-26,4,390725.0
PPO,2007-08-30,4,289660.45
PPO,2008-12-03,3,258075.0
PPR,2019-10-10,3,9392525.02
PPTA,2025-02-24,4,211381.5
PQ,2009-03-09,4,4662865.0
PQE,2021-07-28,3,321993.96
PQG,2018-03-27,5,909460.63
PRAA,2023-05-19,3,1122915.0
PRB,2007-01-22,3,235911.0
PRC,2009-06-08,3,229694.5
PRCH,2022-05-16,3,1068136.88
PRCH,2022-11-16,3,443647.46
PRCP,2019-06-18,3,2323072.25
PRCT,2021-09-21,7,46545000.0
PRDS,2022-12-12,3,619797.0
PRFT,2008-11-25,5,438912.23
PRG,2021-08-09,3,536825.0
PRG,2022-08-05,4,1317833.0
PRGF,2009-08-03,4,394700.37
PRGO,2018-11-09,3,1450883.9500000002
PRGO,2021-12-07,3,1226300.4
PRGO,2023-11-17,3,524643.6
PRGO,2024-03-07,3,585688.1
PRGO,2025-08-19,3,268487.41
PRGS,2020-10-05,3,238000.5
PRGS,2025-08-13,3,428157.3
PRGX,2015-05-08,3,273359.48
PRGX,2016-10-13,3,879558.0
PRGX,2017-08-23,3,383902.14999999997
PRGX,2017-12-18,3,1254530.0
PRI,2010-04-02,8,650330.0
PRIM,2009-03-23,4,780759.6
PRIM,2011-03-17,7,224995.58999999997
PRIM,2012-03-16,5,208347.83
PRIM,2013-03-15,4,225028.4
PRIM,2014-03-10,4,245876.43
PRIM,2018-02-27,4,407424.14
PRK,2008-02-28,3,380923.37
PRK,2009-03-05,4,213958.0
PRKA,2015-07-21,4,420000.0
PRLD,2020-09-29,5,23787886.0
PRLD,2023-05-25,5,10107182.78
PRLD,2024-12-26,3,207616.57
PRLX,2019-11-19,4,360000.0
PRM,2021-11-10,8,13048100.0
PRMB,2025-08-18,3,595770.2
PRME,2022-10-26,4,47600000.0
PRME,2024-02-20,3,60000000.0
PRME,2025-05-22,3,284300.0
PRMW,2011-08-15,4,204745.2
PRMW,2011-12-08,4,788283.9999999999
PRMW,2021-03-03,3,3809989.9999999995
PRNB,2018-09-20,7,30175000.0
PRNB,2019-10-22,3,34979952.0
PRO,2008-12-05,3,753882.0
PRO,2010-08-16,4,301186.0
PROG,2020-06-25,3,100499985.0
PROG,2020-12-09,3,27499996.950000003
PROG,2021-06-14,4,47253617.84
PROJ,2008-11-20,3,237900.0
PROP,2025-05-27,3,561222.4
PROP,2025-08-25,3,745677.61
PROS,2020-05-14,3,218766.7
PROS,2020-09-30,3,443756.69999999995
PROS,2021-07-15,4,831881.6799999999
PROT,2009-11-18,3,15000416405.19
PROV,2009-12-11,9,554500.0
PRPL,2018-06-12,3,4642122.0
PRPL,2019-08-30,3,1835448.33
PRPL,2020-03-31,3,213052.59999999998
PRPL,2021-12-28,3,93805211.96000001
PRPL,2022-03-31,5,51275920.35
PRPL,2023-05-17,3,250009.55
PRS,2007-12-06,4,207146.0
PRS,2011-09-09,3,841198.99
PRSC,2016-09-07,3,233725.0
PRSG,2012-01-04,3,569403.0
PRSP,2019-04-08,3,349697.97000000003
PRSS,2012-04-03,4,779000.0
PRSS,2016-06-29,3,240435.0
PRST,2008-05-15,4,4300761.0
PRTA,2014-05-12,4,293092.0
PRTK,2016-06-29,3,12268988.0
PRTO,2014-10-29,8,42748830.0
PRTS,2007-05-18,5,207105.0
PRTS,2007-11-19,3,287354.0
PRTS,2008-05-21,3,3719788.5600000005
PRTS,2008-11-24,5,3362637.8799999994
PRTS,2011-11-28,3,275740.16000000003
PRTS,2013-04-09,3,2217498.05
PRTS,2018-12-28,3,2295003.4
PRTS,2019-05-16,3,213807.69
PRTS,2019-08-23,5,272429.4
PRTS,2020-09-04,5,223083.6
PRTS,2022-12-14,3,223722.0
PRTX.OB,2006-01-04,3,319999.5
PRTY,2015-11-23,3,300429.0
PRTY,2018-11-13,3,1049813.0
PRTY,2019-08-26,3,686514.35
PRTY,2020-09-01,3,3573764.1
PRTY,2021-12-03,3,2609260.72
PRU,2019-09-10,3,1137848.4
PRVB,2018-07-19,5,575000.0
PRVB,2019-08-09,3,210615.0
PRVL,2019-06-26,3,44999952.0
PRWT,2007-01-30,4,200255.2
PRWT,2007-05-02,4,532454.29
PRWT,2007-07-31,3,642321.23
PRWT,2007-12-12,4,253001.39
PRWT,2008-05-05,4,275537.37
PRWT,2010-03-16,15,1931449.0799999998
PRX,2007-10-03,4,1043254.0
PRXI,2009-07-16,4,777190.0
PRXM,2007-11-29,3,220624.02
PS,2019-09-16,4,1407056.0
PSA,2007-08-16,3,461933.4
PSA,2008-09-25,4,207629.0
PSB,2008-10-02,3,209110.1
PSB,2009-01-27,3,226290.0
PSBD,2024-01-19,4,12999974.4
PSBG,2008-04-02,11,782280.5
PSBH,2008-03-11,7,1019325.96
PSDO,2017-03-14,4,490000.0
PSE,2008-05-07,9,391289800.0
PSEC,2006-10-17,4,460537.7464
PSEC,2007-10-10,3,2606356.26
PSEC,2008-05-16,3,665718.5
PSEC,2008-09-18,5,348535.44
PSEC,2009-02-17,3,242525.0
PSEC,2009-11-20,3,1043015.48
PSEC,2010-05-17,3,758724.2634
PSEC,2010-09-07,3,217095.5
PSEC,2011-09-06,4,3752131.7492999993
PSEC,2012-11-20,3,298560.51999999996
PSEC,2013-06-25,3,7846038.143000001
PSEC,2014-06-16,4,1597490.0
PSEC,2014-09-17,4,1597950.0
PSEC,2015-06-09,3,1249434.8
PSEC,2015-12-10,4,1386750.0
PSEC,2017-11-14,3,2241473.6100000003
PSEC,2018-12-26,4,9654640.0
PSEC,2020-03-11,3,201799.92
PSEC,2024-09-19,3,29122764.86
PSEC,2025-09-29,3,7485118.96
PSG,2015-09-08,3,720481.0
PSG,2016-04-28,4,1453150.2000000002
PSG,2016-09-22,3,1646354.0
PSIX,2015-08-18,3,295953.0
PSMI,2013-02-22,3,222690.0
PSMI,2014-02-24,4,365120.0
PSN,2020-03-16,3,1629740.0
PSN,2021-12-20,3,1437240.0
PSN,2026-05-13,3,1628718.3599999999
PSS,2010-09-27,3,662900.0
PSSR.OB,2011-05-10,3,1500004.7999999998
PST,2006-08-14,3,223600.0
PSTB,2011-05-25,5,419900.0
PSTI,2006-08-31,3,12008796.0
PSTI,2014-09-23,4,202340.02000000002
PSTI,2015-09-24,3,211522.0
PSTI,2019-04-08,6,215000.80000000002
PSTX,2020-07-15,3,4320000.0
PSUN,2008-11-26,3,259300.0
PSUN,2010-11-02,3,13356295.030000001
PSUN,2011-03-22,3,16060379.16
PSUN,2012-06-04,3,445950.95999999996
PSUS,2026-05-01,7,310958550.0
PSX,2016-06-14,3,257322482.97
PSX,2025-08-14,3,1188910.0
PSXP,2013-07-29,8,5117500.0
PSYS,2008-03-11,3,1018593.0
PSYS,2009-03-02,3,649964.0
PTA,2006-12-26,6,226416.11
PTBI,2014-12-30,3,2250000.0
PTCT,2013-06-27,5,25174995.0
PTE,2018-09-19,3,469800.6
PTE,2019-06-06,4,489910.0
PTEC,2007-10-29,4,1222536.0
PTEC,2008-10-27,4,456250.0
PTEC,2009-11-05,4,5381856.4799999995
PTEK,2011-05-16,3,209998.96000000002
PTEK,2012-12-28,3,235816.23
PTEN,2020-03-12,6,494900.0
PTGX,2016-08-16,4,27999984.0
PTGX,2019-12-03,4,373986.88
PTHN,2016-07-28,4,18059420.5
PTI,2011-06-17,4,1091492.0
PTI,2012-02-22,3,62452394.77
PTI,2012-07-10,4,528688.0
PTI,2013-01-16,3,223293.8
PTI,2016-02-17,5,20605184.0
PTI,2016-09-15,3,12899978.0
PTI,2017-12-19,5,20520000.0
PTIE,2006-05-09,3,866153.3399999999
PTIE,2006-11-09,3,1134158.89
PTIE,2007-05-15,3,378451.7
PTIX,2008-02-29,3,849819.14
PTLO,2025-08-08,3,1514480.0
PTN,2025-06-17,3,454000000.0
PTON,2019-10-02,4,102499949.0
PTON,2021-05-24,3,40000673.010000005
PTP,2006-05-10,4,497080.0
PTRY,2007-08-16,5,510564.0
PTSEF.OB,2006-09-22,3,609150.0
PTSI,2009-03-11,3,201176.91
PTSX,2009-12-11,3,1019867.25
PTVE,2020-09-21,8,1585758.67
PTVE,2022-03-02,4,732321.15
PTVE,2022-06-17,3,225323.35
PTWO,2024-03-21,3,609570.3
PTWO,2024-08-02,3,445489.0
PTXP,2015-08-14,4,557502.52
PUB,2015-06-17,7,630750.0
PULB,2010-07-02,4,248313.07219999997
PULB,2012-07-02,3,1772579.8360000001
PULB,2014-04-02,3,237818.57160000002
PULB,2014-07-03,4,7970645.472
PULM,2015-06-17,4,2002066.24
PVA,2007-12-03,3,317625.0
PVBC,2015-07-17,10,1022800.0
PVBC,2023-08-31,5,206835.36000000002
PVFC,2009-02-05,3,571735.0
PVFC,2010-05-10,3,227954.0
PVG,2006-12-08,4,251600.0
PVH,2022-09-07,3,1200156.2404
PVR,2013-02-25,3,660375.0
PVTB,2007-01-29,3,665012.24
PVTB,2007-05-21,3,295671.70999999996
PVTB,2007-12-03,8,1060409.0
PVTB,2009-04-09,4,5147116.85
PVTB,2009-10-28,5,282600.0
PVTB,2010-11-18,4,243800.0
PVTB,2011-08-11,5,244055.72
PW,2011-03-30,3,657621.0
PW,2021-02-12,5,13171560.0
PWER,2008-02-15,4,3159721.4400000004
PWER,2008-11-12,4,207221.1
PWER,2010-09-17,3,281950.0
PWOD,2019-02-07,7,293955.91000000003
PWOD,2020-03-13,9,202946.2
PWOD,2020-06-11,3,262181.46
PWOD,2022-05-05,5,252581.22000000003
PWOD,2024-04-30,5,206104.86
PWR,2019-01-02,3,1268862.0
PX,2024-03-28,3,640200.0
PXG,2006-11-28,3,205710.0
PXLW,2010-03-01,8,272078.22000000003
PXLW,2011-12-29,3,1937036.75
PXLW,2012-05-23,4,294200.0
PXLW,2012-08-28,7,200028.08
PXLW,2016-02-23,4,321326.0
PXLW,2019-05-09,5,339973.22
PYCR,2021-07-23,7,2120600.0
PYPL,2021-12-06,3,2786518.29
PYX,2006-09-18,3,32279630.520000003
PZG,2011-01-26,3,1468540.4
PZG,2012-04-03,3,2665125.6
PZG,2017-10-13,3,217000.0
PZRX,2016-05-24,3,6500000.0
PZZA,2009-03-06,3,281940.0
PZZI,2006-02-03,3,554363.29
PZZI,2006-10-26,3,354261.25
PZZI,2009-04-09,3,261153.44
PZZI,2011-03-16,5,200584.0
Q,2006-06-12,3,252570.0
Q,2007-11-09,3,323580.0
QBAK,2011-05-17,3,1815673.82
QBAK,2011-12-12,3,228260.06
QBAK,2014-03-17,3,638985.02
QBAK,2014-11-24,3,235213.4
QBAK,2016-03-04,4,205273.91
QBAK,2019-06-04,3,280332.67
QBAK,2019-09-09,3,331595.22000000003
QCCO,2011-11-15,4,515810.5
QCOM,2015-07-29,3,1854411.15
QCRH,2006-02-08,11,211344.07430000004
QCRH,2009-02-17,16,292753.1945
QCRH,2010-02-12,14,304848.45420000004
QCRH,2011-02-11,14,326271.56299999997
QCRH,2012-02-14,16,393261.64119999995
QCRH,2013-02-14,15,398943.29900000006
QCRH,2014-02-11,19,409460.01599999995
QCRH,2014-09-08,3,715149.953
QCRH,2015-02-17,18,458670.8685
QCRH,2016-02-16,17,420897.4302
QCRH,2017-02-14,16,482583.9198
QCRH,2018-12-14,3,770721.2
QCRH,2022-11-07,5,530276.58
QCRH,2023-03-10,3,538078.0
QDEL,2010-06-14,3,1402952.9
QDEL,2011-08-10,3,1689198.05
QDEL,2012-03-21,3,1288371.2
QDEL,2020-09-04,3,4332746.0
QDEL,2025-11-25,3,648226.2
QDHC,2009-04-20,3,1746289.96
QDMI,2024-09-11,3,2180000.0
QEP,2014-03-04,3,358282.5
QEP,2017-08-17,4,379355.0
QEP,2019-08-23,5,482050.0
QEP,2020-03-04,3,206627.16
QES,2018-02-15,3,32000000.0
QHC,2016-05-25,3,933800.0
QHC,2017-05-18,3,565130.0
QLIK,2010-07-22,3,278966.44
QLTI,2007-10-26,3,271865.44
QLTI,2009-02-24,5,2172617.47
QLTI,2010-03-16,3,2108337.35
QLTI,2010-07-02,3,4294758.0
QLTI,2010-11-08,3,1004212.27
QLTY,2012-11-28,4,240250.0
QMCO,2019-08-30,3,966926.14
QMCO,2020-03-25,3,5917837.399999999
QMCO,2021-08-16,3,334671.9
QMM,2006-03-30,3,1500003.0
QMM,2006-12-27,3,4434920.16
QNBC,2021-06-29,3,878078.2522
QNBC,2023-07-06,10,865920.4010000002
QNBC,2024-02-01,13,1433113.2903
QNBC,2026-01-27,14,208229.30610000002
QNCX,2023-08-11,3,307469.64
QNRX,2024-12-27,4,599999.8500000001
QNST,2023-05-19,4,225648.2
QNT,2026-06-08,11,24661920.0
QNTO,2007-07-03,8,840700.0
QPAC,2014-06-23,4,3554244.2
QPACU,2013-08-16,9,12905000.0
QPSA,2010-12-16,4,7549987.5
QPWR,2017-05-18,4,463738.5
QRE,2010-12-27,7,1266000.0
QRE,2011-06-06,3,736300.0
QRE,2011-11-25,3,241070.0
QRE,2012-05-16,6,507508.0
QRHC,2021-06-03,3,525726.11
QRHC,2021-12-07,3,4999127.48
QRHC,2022-04-06,4,219752.63999999998
QRHC,2022-07-14,7,220796.73
QRHC,2023-10-23,3,458934.43999999994
QRR,2007-02-22,3,124974000.0
QRTEA,2019-05-15,3,14292716.120000001
QSC,2007-03-30,4,410341.0
QSI,2024-08-13,4,234772.0
QSII,2009-09-17,3,222824.0
QSR,2015-11-10,3,9754952.32
QTI,2024-11-14,5,2269347.44
QTI,2025-04-10,3,2119883.5
QTM,2013-04-08,3,3300250.0
QTM,2019-01-11,3,1588391.69
QTNA,2016-11-04,6,1127520.0
QTNT,2014-12-02,3,4500007.5
QTNT,2016-02-12,3,5999994.0
QTNT,2016-08-05,5,3470005.0
QTNT,2022-07-06,5,2860353.12
QTRX,2017-12-13,4,11490000.0
QTRX,2022-08-10,3,4047615.55
QTRX,2025-06-10,3,1888580.93
QTS,2013-10-17,3,84999999.0
QTS,2018-05-23,4,5139663.569999999
QUAD,2019-11-27,5,241260.39
QUIX,2008-03-27,4,238688.39
QUIX,2009-03-10,6,2302717.2
QUMU,2015-06-05,4,216122.1
QUMU,2019-11-12,7,410000.0
QUMU,2021-08-13,5,926490.24
R,2020-02-26,4,1223615.0
RA,2009-10-20,7,655725.0
RAD,2008-07-15,3,1486867.5
RADI,2020-11-04,3,20688366.75
RAH,2012-02-29,3,378210.0
RAI,2009-02-27,3,835124.9
RAIL,2019-05-17,4,201646.0
RAIL,2022-05-13,3,316761.0
RAIN,2021-04-27,4,51165400.0
RAIN,2022-11-14,3,15889379.33
RAL,2026-02-09,4,329209.65
RALY,2013-04-18,4,779968.0
RALY,2014-06-16,3,781050.0
RAME,2008-11-25,4,1086523.51
RAMP,2022-09-26,3,225200.6
RAMR,2006-05-04,6,525200.0
RAMR,2007-06-15,3,558000.0
RAMR,2007-09-14,4,226844.0
RAND,2009-09-02,8,222300.0
RAND,2016-12-14,5,739002.0
RAND,2021-12-13,3,346090.15
RANI,2022-11-28,3,918984.92
RANI,2023-12-08,4,10773011.65
RAP,2006-05-26,3,800000.0
RAPP,2025-09-15,3,1605598.54
RAPT,2019-11-04,5,15415200.0
RAPT,2022-05-12,4,26804932.0
RAQC,2006-11-06,3,729004.0
RARE,2014-02-03,4,336000.0
RARX,2016-10-31,15,57847036.0
RARX,2018-02-21,3,42000000.0
RARX,2018-12-14,3,41200007.5
RAS,2007-01-25,5,541530.24
RAS,2007-05-24,3,631227.04
RAS,2007-08-22,11,1978596.0
RAS,2008-11-17,3,234350.0
RAS,2009-03-17,9,232132.28
RAS,2010-03-04,8,222435.0
RAS,2011-02-16,7,206362.51999999996
RAS,2011-08-09,6,206735.0
RAS,2012-02-15,9,1340604.3399999999
RBA,2023-05-16,5,382612.10000000003
RBA,2023-08-16,5,420328.68
RBB,2017-07-26,6,10465000.0
RBB,2020-03-09,5,1130910.0
RBB,2023-11-09,3,240570.48
RBBN,2020-03-10,3,288359.98
RBBN,2022-03-16,3,332060.0
RBBN,2024-03-18,3,363678.0
RBI,2007-10-04,3,266140.88
RBI,2008-01-11,3,9518619.19
RBM,2016-06-20,3,1500001.4400000002
RBN,2009-03-31,3,254281.4
RBNC,2020-02-04,4,216220.0
RBNC,2020-09-18,6,248753.4208
RBPAA,2008-05-27,9,324828.13
RBPAA,2008-09-05,9,28544938.650000006
RBPAA,2014-07-11,7,584128.7999999999
RC,2020-03-18,3,752860.0
RC,2021-12-02,3,601970.0
RC,2025-03-10,3,575550.0
RCAP,2014-11-19,3,416327.0
RCG,2022-02-09,8,200496.78240000003
RCGI,2006-02-21,3,413637.74
RCIAX,2016-03-16,5,1684999.9996
RCII,2015-11-23,3,243598.80000000002
RCII,2017-02-28,3,930100.0
RCII,2020-05-20,3,816595.0
RCKBD,2011-03-07,18,856800.0
RCKY,2008-03-11,6,216923.91
RCL,2009-02-10,3,207265.16999999998
RCL,2011-08-05,3,577142.5
RCMT,2012-08-21,3,686756.0
RCMT,2013-12-31,4,981910.8500000001
RCMT,2020-06-02,3,1320000.0
RCNI,2010-03-01,3,3450030.82
RCPT,2013-05-14,8,24020234.0
RCR,2007-12-20,3,1000000.0
RCUS,2018-03-19,3,2449980.0
RCUS,2019-06-11,3,842129.99
RCUS,2025-02-27,3,15402760.0
RDEA,2007-12-21,7,16449687.55
RDEA,2008-04-08,4,5312000.0
RDEA,2008-12-19,4,12702652.36
RDEA,2011-01-24,3,15012400.0
RDEA,2012-02-03,3,22549990.0
RDEN,2014-10-14,3,5095787.54
RDI,2006-09-12,3,5385600.000000001
RDN,2011-08-09,3,278200.0
RDN,2016-02-04,7,950321.0
RDN,2018-05-01,3,651822.0
RDUS,2014-06-13,3,17400000.0
RDUS,2016-01-26,3,3216519.5300000003
RDUS,2017-09-15,4,11083382.0
RDUS,2022-01-07,3,19714480.659999996
RDVT,2018-06-18,3,1600020.0
RDVT,2018-10-02,3,211185.0
RDVT,2019-03-12,4,240060.59999999998
RDW,2022-12-14,3,300195.4099999999
RDW,2025-11-14,3,405011.94399999996
REED,2016-05-13,3,1170000000.0
REED,2019-10-29,7,1222498.8
REFI,2021-12-10,11,25361600.0
REFI,2022-12-13,4,474975.27999999997
REFI,2025-10-16,5,673154.5
REFLX,2023-05-04,3,1299950.0084000002
REFLX,2023-09-14,3,2449925.0937
REFR,2014-05-15,3,3654018.4399999995
REGI,2020-03-19,3,512720.0
REGI,2021-08-25,3,373930.0
REI,2014-07-03,3,218820.0
REI,2014-12-02,3,303608.0
REI,2019-06-05,4,319050.0
REI,2019-09-17,5,202995.0
REKR,2021-11-17,3,617930.0
REKR,2024-05-22,3,204050.0
RELY,2016-09-09,4,210800.0
REN,2009-10-07,3,21886695.0
REN,2015-01-14,4,280100.0
REN,2015-12-02,3,300847.15
RENT,2011-06-30,4,249930.80000000002
RENT,2015-02-11,5,7201023.6
RENT,2021-11-02,5,552300.0
REPH,2015-07-09,3,7557151.3
REPH,2016-12-19,4,3961023.0
REPL,2018-07-26,5,15600000.0
REPR,2016-01-27,3,306487.17
REPR,2017-02-02,3,207193.36
REPR,2017-12-07,3,368327.33999999997
REPR,2018-09-14,3,281673.06
REPR,2018-12-19,3,4153743.53
REPX,2021-08-26,3,872227.4400000001
REPX,2022-10-21,3,516980.16000000003
RES,2006-12-13,3,8305236.0
RES,2007-03-20,3,26504928.0
RES,2007-08-01,3,15839508.0
RES,2007-10-30,3,4347312.0
RES,2014-12-09,3,16409493.780000001
RESI,2013-05-28,4,475463.0
RESI,2014-02-25,3,398430.0
RESI,2018-11-13,4,412794.0
RESI,2020-03-23,3,3096330.39
RESN,2014-06-04,3,1092955.7
RESN,2014-09-29,5,1109620.0
RESN,2016-04-26,8,2264925.0
RETA,2016-06-01,3,9581540.91
RETA,2016-12-16,4,684181.79
RETA,2017-12-15,4,14966570.01
RETA,2018-12-12,4,19850576.830000002
RETA,2019-11-18,3,22079682.0
REV,2006-08-07,3,541070.0
REV,2008-11-28,3,322444.08999999997
REVG,2018-07-05,3,277801.6
REVG,2020-03-30,6,534080.0
REVG,2021-06-11,4,491452.04
REXI,2006-08-28,3,5868076.7
REXI,2007-02-16,3,299130.0
REXI,2011-09-14,3,487652.23000000004
REXR,2014-10-27,3,750006.0
REXR,2015-09-14,3,313402.1
REXR,2026-02-27,3,486803.8
REXX,2011-02-23,5,600810.75
REXX,2014-08-26,3,3385227.5
REXX,2014-11-26,7,4379319.75
REXX,2015-08-11,4,956754.0800000001
REY,2006-05-31,3,21693450.0
REYN,2020-11-19,3,866942.0
REYN,2021-08-12,3,278901.0
REZI,2018-12-10,3,466281.36
REZI,2019-03-14,3,521148.6
REZI,2019-06-12,5,387562.73
REZI,2019-11-14,3,212211.37
REZI,2020-06-08,3,1599624.8
REZI,2020-11-19,3,249975.0
REZI,2025-09-03,3,80379409.19
RF,2008-05-22,3,359557.5
RF,2008-08-28,6,712708.0
RF,2009-02-02,4,446294.0
RF,2011-08-24,4,559770.0
RF,2012-11-06,3,622340.0
RFM,2020-05-28,3,235296.0
RFMZ,2022-05-06,3,336735.0
RGBI,2006-12-04,8,201040.24
RGBO,2009-01-21,8,6176520.0
RGC,2008-11-07,3,2626340.63
RGC,2017-08-29,3,623000.0
RGCO,2020-11-03,3,1500298.4915999998
RGCO,2022-05-13,3,263411.43940000003
RGDO,2013-08-28,6,18000000.0
RGDX,2012-02-06,10,377041.86
RGEN,2024-06-14,3,600476.1
RGF,2021-12-13,3,333337.66000000003
RGF,2023-10-12,5,367995.60000000003
RGLS,2012-10-11,3,9000000.0
RGLS,2017-07-25,5,1659999.25
RGLS,2019-05-08,4,568169.64
RGLS,2020-12-07,10,27271332.400000006
RGN,2006-03-08,3,6532407.0
RGN,2006-12-22,3,7499997.0
RGN,2008-12-12,3,4499996.699999999
RGN,2009-06-04,4,500000.0
RGNC,2006-02-07,4,1170000.0
RGP,2025-04-08,3,279295.0
RGP,2025-11-13,3,1004545.4
RGR,2006-10-30,3,275902.0
RGR,2007-11-13,4,303308.6
RGR,2010-03-05,3,396738.1
RGR,2025-05-08,4,506224.0
RGR,2026-05-21,3,288615.0
RGRX,2021-07-06,3,340000.0
RGRX.OB,2011-01-07,4,1800000.3599999999
RGS,2012-09-04,3,29861771.819999997
RGS,2014-01-31,3,18535521.970000003
RGS,2014-05-22,3,4201851.16
RGS,2017-05-10,3,291505.0
RGT,2018-12-14,3,1073702.0
RGT,2020-04-29,3,772636.5800000001
RGUS,2019-09-04,3,295913.2
RGX,2006-05-30,3,425582.36
RHB,2006-05-18,3,298920.0
RHP,2020-03-18,4,1294469.8599999999
RHY,2006-03-08,3,208519.15
RI,2007-10-17,4,2087285.8199
RIBT,2018-03-23,5,1672425.93
RIBT,2018-08-09,4,718611.5800000001
RIBT,2018-12-06,3,1902897.02
RIBT,2019-08-28,4,264151.13
RIBT,2019-12-20,6,4270000.0
RICE,2014-01-30,3,4578000.0
RIF,2010-03-22,4,861501.2
RIG,2021-06-23,3,81387800.0
RIG,2022-05-17,3,15034900.0
RIG,2024-02-29,3,14670000.0
RIG,2024-08-05,3,31380000.0
RIG,2025-09-30,3,36600000.0
RILY,2016-05-09,6,2160034.0
RILY,2019-02-26,3,760270.91
RILY,2020-03-13,5,560644.37
RILY,2020-08-07,3,1380030.0
RILY,2021-01-13,4,5593600.0
RILY,2021-08-20,3,11811498.46
RILY,2022-03-02,6,8715595.620000001
RILY,2022-09-08,3,3957850.0
RILY,2022-12-20,4,10224105.04
RILY,2023-03-20,6,4194367.91
RILY,2023-07-26,3,4549985.0
RILY,2023-11-13,3,713859.6
RIT,2015-03-31,3,1205215.79
RIT,2015-07-09,3,607219.41
RIT,2015-10-07,5,2470140.52
RIT,2016-01-06,6,1577658.2
RIT,2016-04-25,3,656530.04
RIV,2016-01-06,3,8009925.0
RIV,2019-11-12,4,641743.4
RIVN,2021-11-17,10,18403008.0
RIVR,2014-07-02,6,523775.0
RJF,2007-12-05,5,470359.8799999999
RJF,2008-03-04,5,744110.32
RJF,2011-09-07,4,926870.5499999999
RKDA,2015-05-22,5,22100000.0
RKDA,2019-09-17,3,217396.0
RKT,2020-08-11,4,17714340.0
RL,2007-08-16,3,366235.0
RLAY,2020-07-21,5,2200000.0
RLBS,2010-06-02,7,801302.0
RLBS,2010-09-23,4,1682000.0
RLD,2010-07-20,3,908048.0
RLGY,2016-03-02,3,687430.5
RLGY,2018-11-19,3,362530.0
RLGY,2020-03-09,3,382797.7
RLH,2010-03-02,3,282486.0
RLI,2008-02-25,3,225214.04
RLI,2011-01-28,3,504571.91000000003
RLI,2025-01-27,4,804974.0
RLI,2026-05-29,3,706255.0
RLJE,2013-07-01,5,298788.1
RLJE,2013-12-11,3,837164.8
RLMD,2024-01-31,3,663334.21
RLMD,2024-09-11,4,642845.36
RLMD,2025-05-20,4,461577.91000000003
RLMD,2025-11-06,4,2196700.0
RLOC,2010-05-25,4,8094792.0
RLOG,2009-09-24,3,1373742.0
RLOG,2013-08-21,5,201951.81
RLYB,2021-08-04,6,38977978.0
RLYB,2022-01-14,3,296043.37
RLYP,2013-11-20,7,28123964.0
RM,2014-12-17,3,1166470.0
RM,2019-08-12,4,2020208.97
RM,2020-05-15,4,1260836.28
RM,2024-03-08,3,912228.13
RMAX,2013-10-03,9,1131900.0
RMAX,2019-06-14,3,22512278.02
RMAX,2022-06-30,3,2826718.41
RMAX,2023-03-14,3,1883453.1400000001
RMBI,2019-07-01,16,2680890.0
RMBI,2023-10-26,5,212408.64
RMBL,2017-04-04,3,550000.0
RMBL,2018-03-05,3,225422.5
RMBL,2019-06-06,3,247135.89
RMBL,2020-01-16,3,266500.0
RMBL,2022-05-20,4,391762.43
RMBL,2023-12-12,3,18938089.5
RMCF,2022-10-31,4,206501.12000000002
RMCF,2023-07-24,4,369805.27999999997
RMCF,2023-11-08,5,379882.98
RMCF,2024-02-14,3,1216672.8
RMCF,2024-10-24,3,2843123.1600000006
RMCF,2025-11-06,3,373456.4600000001
RMDX,2007-12-14,3,210500.0
RMES,2011-04-12,4,380000.10000000003
RMG,2008-01-29,3,10237500.0
RMI,2018-10-29,3,1250000.0
RMI,2020-03-20,3,280173.05
RMM,2019-07-31,3,304990.0
RMMZ,2022-02-16,4,359930.0
RMP,2014-12-22,6,818260.0
RMTI,2015-08-14,3,233133.3
RMTI,2019-07-23,4,566010.4299999999
RNDB,2016-07-06,14,2098340.0
RNDB,2016-12-13,3,248547.5
RNDB,2017-12-01,5,330591.0
RNDB,2018-05-21,3,260802.28999999998
RNDB,2020-06-04,3,214859.21000000002
RNDY,2012-11-20,8,239795.0
RNET,2018-08-20,4,2847854.04
RNGE,2013-07-01,4,3160003.0
RNGE,2025-09-25,3,550000.05
RNGR,2017-08-18,7,21865072.0
RNHDA,2007-01-08,4,20027300.0
RNOW,2008-11-21,4,1830840.0
RNP,2009-01-02,3,1323758.0
RNR,2021-11-01,5,4359714.7
RNST,2007-05-15,4,371398.0
RNST,2007-10-02,4,379319.61
RNST,2008-01-22,4,409527.75
RNST,2008-08-12,5,227434.0
RNST,2017-08-14,3,375610.92
RNT,2007-08-06,3,1021490.0
RNWK,2022-05-25,4,494690.48
ROAC,2008-09-26,3,232856.48
ROAD,2019-01-10,4,229275.0
ROC,2009-03-13,3,630780.0
ROCCU,2020-12-17,9,6346230.0
ROCGU,2021-08-11,10,4464960.0
ROCHU,2020-05-11,10,3258080.0
ROCK,2026-05-27,3,823384.7199999999
ROCLU,2021-12-06,7,4376860.0
ROCRU,2021-03-08,9,3728800.0
RODM,2007-12-05,3,244793.13
RODM,2008-08-20,3,251142.0
ROFO,2006-12-08,3,218490.14
ROFO,2008-12-08,3,332504.1
ROHI,2009-12-03,5,200972.01
ROIL,2013-05-03,5,683750.4
ROKA,2014-07-22,11,50599956.0
ROLR,2024-10-25,5,970000.0
ROMA,2006-07-13,8,1502980.0
ROSE,2007-08-20,4,298462.0
ROSE,2008-11-17,6,816326.0
ROSE,2018-10-03,3,242675.06
ROX,2006-04-12,3,243000.0
ROX,2007-05-10,3,1671629.85
ROX,2008-12-11,3,323317.86
ROX,2009-05-22,3,473075.27999999997
ROX,2016-12-28,5,212700.0
RPAY,2022-05-20,3,1355895.0
RPAY,2022-11-14,3,796920.0
RPAY,2026-04-09,3,6647869.77
RPC,2026-03-25,3,908725.0
RPD,2025-11-25,4,3143620.0
RPHM,2021-04-15,5,28999980.0
RPID,2022-05-26,3,660355.7799999999
RPRX,2007-12-20,3,4141233.0
RPRX,2008-04-09,3,1070135.0
RPRX,2008-10-06,3,24162502.0
RPRX,2012-05-14,3,2657580.0
RPRX,2020-06-22,5,128357600.0
RPSD,2008-07-02,4,2151705.24
RPTX,2020-06-25,13,66504000.0
RPTX,2022-06-15,3,27327865.380000003
RRBI,2020-05-11,3,243904.0
RRC,2017-08-10,3,449800.0
RRC,2020-03-12,3,2229786.6
RRGB,2006-08-22,3,295645.0
RRGB,2009-03-02,5,202627.3
RRGB,2011-01-03,3,651459.9600000001
RRGB,2011-09-13,5,208548.95
RRGB,2016-05-31,4,220474.0
RRGB,2019-12-04,3,698737.21
RRGB,2020-03-17,4,252560.0
RRGB,2021-08-24,3,359113.08
RRGB,2022-11-14,3,379819.42
RRGB,2023-03-14,3,432043.565
RRGB,2023-09-07,3,2579202.7199999997
RRGB,2024-11-07,3,1356167.77
RRI,2008-08-08,4,628420.0
RRMS,2011-12-16,6,710000.0
RRTS,2016-02-12,4,516950.0
RRTS,2018-11-16,8,764015.05
RRTS,2019-03-19,3,361166388.5
RS,2008-11-04,3,240406.0
RSE,2012-06-06,3,271347.92
RSE,2014-01-14,4,448500.0
RSE,2014-06-04,3,302887.8
RSE,2016-07-08,3,2466715789.25
RSG,2007-08-13,4,710834.9732000001
RSG,2011-08-24,3,103357489.63
RSG,2014-08-04,3,115724907.78
RSH,2012-07-31,7,607668.5
RSO,2006-02-08,3,2919133.0
RSO,2006-08-15,4,3677070.0
RSO,2007-08-13,5,8990770.8
RSO,2010-06-01,3,1118400.0
RSO,2012-06-15,4,699924.0
RSO,2014-05-21,3,290244.78
RSO,2015-08-11,6,1385400.0
RSO,2018-03-13,6,236686.75
RSPP,2014-01-27,6,630420.0
RSSS,2016-03-21,3,2548900.0
RSSS,2016-06-30,6,230000.0
RSTI,2007-05-09,3,657680.0
RSTI,2008-02-05,3,725795.0
RSTI,2010-11-10,3,795800.0
RSTI,2013-02-12,3,920350.0
RSTO,2006-06-13,3,7246533.43
RSVR,2022-02-15,6,3427152.79
RSVR,2022-07-01,5,2421980.3799999994
RSYS,2006-11-03,3,360755.76
RSYS,2007-06-22,3,3226761.0
RSYS,2008-01-08,3,1243294.7899999998
RSYS,2008-08-01,3,1055022.34
RSYS,2011-12-05,3,259535.21999999997
RT,2008-01-14,4,2283446.02
RT,2008-10-16,3,318242.0
RT,2009-03-10,3,674495.0
RT,2011-08-04,4,2623306.0
RT,2012-08-02,3,3608146.0
RT,2013-11-12,3,772300.0
RT,2016-01-13,4,207000.0
RT,2016-10-13,9,697216.4
RTI,2008-03-17,3,398244.55
RTI,2008-08-01,3,593856.0
RTI,2008-11-14,3,376199.0
RTIX,2017-05-09,5,227548.59999999998
RTLR,2019-05-29,6,2437750.0
RTNB,2015-06-26,5,335780.0
RTNB,2017-06-02,3,211685.06
RTRX,2014-01-02,4,1081638.0
RTRX,2014-11-25,4,282728.0
RTSX,2006-02-17,3,252229.3
RTTR,2015-06-25,4,8270000.0
RTX,2020-10-30,6,4595017.1699
RUBY,2018-07-23,4,864800.0
RUN,2019-08-21,3,22262658.35
RURL,2006-06-05,3,301967.0
RURL,2008-02-19,3,307872.22000000003
RURL,2009-11-24,3,3604814.0
RURL,2010-02-22,5,1289014.9
RURL,2010-06-10,3,13328263.03
RUTH,2008-08-20,3,2175012.0
RVA,2011-08-25,3,207424.0
RVA:AX,2016-07-19,4,527866.302
RVEP,2006-03-29,3,387153.64999999997
RVLP,2022-08-09,5,38750000.0
RVLT,2014-09-23,3,326979.0
RVNC,2021-12-15,3,1049636.0
RVSB,2010-08-02,11,457398.0
RVSB,2020-03-17,4,225206.7
RVT,2018-07-10,7,638111.25
RVUE,2013-12-05,3,1369999.9600000002
RWAY,2021-12-14,3,1993702.97
RWAY,2022-03-14,10,6403041.260000002
RWC,2013-07-26,3,1010497.73
RWC,2014-06-12,3,608892.3599999999
RWC,2015-01-22,3,417301.12
RWLK,2022-06-09,3,466819.44
RWLK,2023-09-28,3,3580632.18
RWT,2007-11-21,3,326547.6
RXDX,2015-08-27,3,237381.6
RXDX,2016-03-21,4,346439.04
RXDX,2021-03-16,5,31910500.0
RXN,2012-03-30,3,1080000.0
RXN,2015-09-03,3,301789.0
RXO,2023-11-15,3,3474156.08
RXO,2024-04-26,3,31042675.990000002
RXO,2025-11-19,3,601656.96
RXST,2021-08-05,7,15450386.3
RXT,2021-05-17,3,274953.26
RYAM,2015-02-06,4,428710.0
RYAM,2023-05-16,5,451670.0
RYAN,2021-07-28,8,9072385.5
RYAN,2026-06-08,3,4200167.05
RYES,2022-01-31,3,810000.0
RYES,2023-02-22,5,557719.6
RYES,2023-11-09,4,380399.76
RYES,2024-05-01,4,810632.0
RYES,2025-10-28,4,1679756.1600000001
RYI,2014-08-15,6,1683000.0
RYI,2015-04-14,3,215250.0
RYI,2017-05-16,5,209851.45
RYMM,2010-02-05,3,374200.0
RYMM,2011-01-20,4,750250.0
RYMM,2013-11-20,3,905000.0
RYN,2008-12-04,3,279421.4
RYN,2016-02-17,3,597752.4299999999
RYN,2020-03-13,3,382672.0
RYTM,2017-10-10,14,103360000.0
RYUN,2015-04-20,3,400989.6
RYZB,2023-09-21,3,58500000.0
RZLT,2022-05-06,3,424999.89999999997
RZLT,2024-03-14,4,565054.33
RZLT,2024-06-27,3,242737.71
RZLT,2025-06-24,3,4030246.25
RZLT,2025-12-17,5,207378.5
S,2013-08-13,3,248200992.94
S,2015-08-28,3,412065760.6
S,2017-11-16,3,126478761.24
S,2021-07-02,5,1450750.0
SAAS,2015-08-13,3,317770.0
SABA,2014-06-06,3,1692296.0
SABA,2014-09-05,4,1499393.0
SABR,2023-08-09,3,936058.0599999999
SABR,2024-05-09,3,368650.0
SAEX,2014-01-03,5,2472320.0
SAEX,2014-12-09,3,2630829.6100000003
SAFE,2017-06-29,6,47393400.0
SAFE,2018-05-04,3,674843.2400000001
SAFT,2020-03-30,3,2650130.1399999997
SAFT,2020-11-25,3,6636252.46
SAGA,2012-02-09,4,9504142915625.0
SAGE,2014-07-23,7,720000.0
SAGE,2021-06-17,3,1595391.1
SAH,2009-05-11,7,1805843.6600000001
SAIC,2024-04-15,3,490670.97000000003
SAIC,2024-07-15,4,200506.8
SAIC,2025-03-27,5,389807.05
SAIC,2025-12-17,3,311171.0
SAII,2021-03-01,3,41872298.730000004
SALM,2012-03-13,4,439775.48000000004
SAMB,2009-04-17,3,200125.0
SAMG,2013-07-02,6,362395.0
SANA,2024-02-12,3,29999986.5
SANM,2009-02-26,3,293745.0
SANUL,2015-03-19,3,801500.0
SANW,2017-02-16,3,444176.95000000007
SANW,2017-05-25,3,890008.7400000001
SANW,2020-03-17,4,234921.47999999998
SANW,2020-06-18,6,487790.7
SAPE,2008-06-17,3,295671.04000000004
SAR,2010-08-06,3,11298922.96
SAR,2020-05-14,3,324026.74000000005
SASR,2008-08-01,3,256867.0
SASR,2020-03-12,3,588139.94
SAVA,2019-12-20,3,1088340.27
SAVA,2020-09-24,3,1995665.1400000001
SAVA,2022-08-24,3,2179975.0
SAVB,2010-02-01,5,398099.69
SAVB,2010-06-17,10,1014837.5
SAVE,2019-08-02,3,316684.87
SBBP,2018-08-01,3,2581430.0
SBBX,2017-06-19,6,609960.0
SBCF,2009-08-17,10,542376.0
SBCF,2010-11-12,4,211733.1612
SBCF,2017-02-17,7,967875.0
SBCP,2015-12-07,3,713750.38
SBE.U,2019-07-30,5,2000000.0
SBFC,2006-10-17,8,200032.0
SBFC,2009-05-15,7,1637488.0
SBFG,2018-02-16,9,241220.25
SBGI,2008-01-09,3,1800129.4900000002
SBGI,2008-06-12,3,744242.79
SBGI,2008-10-17,3,579606.385
SBH,2006-11-21,3,827436.0
SBH,2007-08-14,4,1668202.0
SBH,2008-02-13,3,617950.0
SBH,2008-05-14,4,904922.4199999999
SBH,2009-02-24,5,205460.35
SBH,2017-06-05,3,763855.5
SBH,2018-05-24,3,403320.0
SBH,2019-05-31,4,424485.0
SBH,2019-09-03,4,760450.0
SBH,2020-03-02,3,268392.0
SBH,2020-08-05,3,211425.0
SBIG,2023-06-02,6,571894.2
SBKC,2007-02-15,3,1133315.1191999998
SBKC,2007-07-31,4,1992565.0
SBKC,2007-10-29,3,608450.0
SBKC,2008-03-17,19,12150470.079999998
SBPH,2016-08-24,4,253511.0
SBRA,2011-08-09,6,308482.46
SBRA,2013-08-16,5,345958.0
SBRA,2015-12-09,3,274662.0
SBSI,2011-06-02,3,316961.1
SBSI,2014-05-06,4,293541.16000000003
SBSI,2015-03-19,3,313277.83
SBSI,2015-08-27,3,275989.66
SBSI,2015-12-18,6,296468.46
SBSI,2023-05-15,3,207378.0
SBSW,2026-03-25,3,2013919.9700000002
SBT,2017-11-21,3,295200.0
SBTB,2015-11-13,15,967995.0
SBTX,2020-12-08,8,58455012.0
SBY,2012-12-21,7,6794125.0
SBY,2013-05-23,3,1129878.92
SBY,2013-08-23,4,835940.0
SBY,2014-08-22,3,695480.08
SC,2022-02-02,3,1177306383.8457
SCA,2006-08-02,9,656000.0
SCA,2007-07-27,5,595900.5
SCA,2007-10-31,4,399570.94
SCAI,2013-11-06,3,696000.0
SCAY.OB,2006-07-12,9,947290.0
SCBT,2007-04-25,3,274087.20999999996
SCBT,2007-10-31,4,230402.16
SCBT,2009-02-18,4,416050.0
SCBT,2011-09-12,4,289007.64
SCD,2007-05-22,3,474775.0
SCG,2008-02-26,3,1999399.0
SCGA,2011-09-29,3,9500000.0
SCHS,2012-06-27,3,258496.86
SCHW,2023-03-14,6,4785082.5600000005
SCI,2007-02-20,3,651000.0
SCIL,2008-12-04,3,713815.29
SCIO,2014-12-12,3,256249.8
SCISX,2025-07-09,3,6316748.6402
SCISX,2026-01-07,5,9799934.337100003
SCL,2020-03-17,3,200297.584
SCLN,2007-10-17,4,574166.91
SCLN,2008-01-15,5,202200.37
SCLX,2024-05-17,4,230348.32
SCM,2014-03-13,3,412720.36
SCM,2015-08-25,5,285878.15
SCM,2015-12-21,3,241463.66
SCM,2017-11-16,3,1711121.57
SCM,2018-03-19,3,700260.0
SCM,2018-12-20,3,625934.0
SCM,2020-03-16,4,370602.0
SCM,2022-06-22,3,296233.05
SCM,2026-03-17,3,766459.3499999999
SCND,2022-03-15,3,323598.0
SCND,2025-05-19,4,310000.0
SCOM,2006-11-30,4,323039.2
SCOR,2019-11-12,3,1226837.25
SCOR,2021-08-12,3,687750.0
SCOR,2022-06-02,3,1210238.88
SCOR,2022-11-28,3,280790.0
SCPH,2017-11-21,3,29999998.0
SCPL,2019-05-09,6,1472000.0
SCPL,2019-08-13,3,411400.0
SCRI,2016-02-24,3,265000.0
SCRQF,2009-01-16,3,1298520.0
SCT,2006-05-17,5,624551.71
SCTL,2023-08-28,9,2718222.12
SCTY,2012-12-20,4,41400000.0
SCTY,2013-10-22,3,19999959.98
SCU,2007-08-20,7,1010349.88
SCWO,2024-11-19,6,433500.0
SCX,2019-09-25,8,204712.32
SCY,2019-03-25,8,281007.18000000005
SCY,2022-05-25,3,516405.54
SCYX,2014-05-08,4,10280000.0
SCYX,2016-06-28,4,418250.0
SCYX,2018-03-12,5,238725.0
SCYX,2020-12-23,9,450000.0
SD,2007-11-13,8,118870284.0
SD,2008-08-13,5,5139867.0
SD,2009-10-01,3,3100800.0
SD,2010-04-22,3,82731700.0
SD,2010-08-19,3,1070750.0
SD,2010-11-17,3,37911760.0
SD,2011-08-15,3,801466.0
SDBT,2011-08-11,3,54526970.4
SDC,2019-09-17,3,808019.0
SDC,2020-09-02,4,16352743.0
SDHC,2025-05-22,3,862719.0
SDHC,2026-03-17,4,525547.48
SDIX,2006-08-31,3,319726.71
SDIX,2013-08-19,3,658368.9600000001
SDOI,2014-02-05,3,997055.22
SDOI,2016-03-02,3,4257922.4799999995
SE,2007-05-25,3,1413960.0
SE,2007-08-24,3,885066.0
SEAB,2008-05-21,3,285772.39
SEAS,2017-05-18,3,20454855.5
SEAS,2017-08-21,5,18545684.720000003
SEAS,2018-03-16,3,12024998.0
SEE,2006-08-01,3,563761.0
SEE,2011-08-04,3,715528.0
SEE,2012-05-16,3,307161.9
SEE,2018-08-15,3,262654.0
SEE,2020-03-05,3,923375.0
SEE,2022-08-29,3,341558.0
SEER,2020-12-10,3,33409980.0
SEFL,2006-04-19,7,326150.0
SEH,2008-01-15,4,273340.62
SEH,2010-09-16,3,632223.81
SEI,2025-03-10,3,717812.0
SELB,2016-06-29,9,49030002.0
SELB,2017-11-14,4,773393.25
SELB,2021-12-13,4,11774430.35
SELF,2017-06-01,3,1106679.4100000001
SELF,2025-12-05,3,453511.88
SEMG,2017-06-08,3,611777.3200000001
SENS,2016-03-23,6,26499992.55
SENS,2017-06-05,3,29999997.54
SENS,2024-12-16,3,280624.54000000004
SENS,2025-11-10,3,220312.9
SEP,2007-07-03,6,1287000.0
SEPN,2025-02-27,3,6606775.68
SERV,2020-03-11,4,342980.0
SEV,2015-06-12,3,209352.04
SEV,2016-07-08,3,11837759.999999998
SF,2006-01-19,3,6000000.0
SF,2018-11-09,3,506565.35
SFBC,2012-08-24,6,244000.0
SFBC,2023-04-06,5,241240.0
SFBC,2023-07-10,3,614987.5
SFBC,2023-10-10,6,415516.45
SFBS,2014-05-16,5,2182395.0
SFBS,2014-11-12,3,417553.48
SFBS,2015-08-27,3,816222.0
SFBS,2016-02-16,3,8435403.969999999
SFBS,2020-03-17,3,730481.02
SFBS,2023-04-25,3,300429.4
SFD,2008-07-09,4,468121.0
SFD,2008-10-14,3,1586376.0
SFD,2011-09-22,5,4761330.0
SFD,2012-07-10,3,218520.0
SFD,2025-01-30,10,65684660.0
SFD,2025-09-09,7,42646382.25
SFDL,2010-12-23,8,412500.0
SFDL,2011-05-26,9,282364.0
SFE,2018-12-12,4,247135.0
SFE,2020-05-12,3,295595.2
SFES,2008-05-29,4,454748.65
SFES,2012-02-22,4,3750000.0
SFES.OB,2010-06-23,3,2614464.0
SFES.OB,2013-03-26,3,1600000.0
SFF,2007-07-13,4,3488782.0
SFI,2008-03-14,3,511081.0
SFI,2008-11-10,3,670038.0
SFLY,2008-05-14,3,374684.66000000003
SFM,2013-08-02,12,7691400.0
SFM,2018-11-30,3,2366855.0
SFNC,2009-11-13,3,587710.2
SFNC,2012-08-29,3,353680.0
SFNC,2014-07-24,3,356464.53
SFNC,2015-01-30,4,344265.0
SFNC,2015-08-19,3,234452.0
SFNC,2016-01-27,3,471825.0
SFNC,2022-05-05,3,576900.0
SFNC,2023-05-02,4,492850.0
SFNC,2025-07-24,11,1856382.5
SFS,2014-09-25,7,1257600.0
SFSF,2007-11-28,3,7500000.0
SFST,2023-02-23,3,305686.62
SFST,2023-05-26,9,405997.49999999994
SFT,2020-11-25,3,302850.0
SFT,2021-06-01,3,212056.96000000002
SFY,2009-03-05,4,326443.77999999997
SFY,2012-06-04,3,992750.0
SFY,2013-03-01,3,344800.0
SG,2019-08-23,3,545573.4
SG,2021-11-23,3,599956.0
SGA,2015-08-28,3,834116.5800000001
SGBX,2017-06-29,3,750000.0
SGC,2022-05-16,3,344559.4
SGC,2024-08-19,3,206700.0
SGEN,2006-05-25,3,5927328.75
SGEN,2008-01-23,4,25080535.930000003
SGEN,2009-05-20,5,11451744.36
SGEN,2010-05-04,4,24186641.759999998
SGEN,2011-09-08,3,20436674.4
SGEN,2014-06-09,3,53716280.79000001
SGEN,2015-03-11,3,35051640.83
SGEN,2016-02-22,3,68356300.12
SGEN,2016-11-09,3,91746104.41
SGFY,2021-02-17,8,2133600.0
SGGH,2012-09-05,3,510587.13
SGGH.PK,2010-07-08,3,2640800.0
SGIC,2008-08-25,3,268753.09
SGLDF,2017-06-16,4,714000.0
SGLP,2007-07-25,6,10961500.0
SGLP,2008-03-13,4,1063447.6
SGM,2014-06-04,3,474752.76
SGM,2014-09-08,3,2618400.3499999996
SGMS,2009-10-30,5,559219.0
SGMS,2010-12-07,4,33286769.919999998
SGMS,2014-05-13,3,9927376.64
SGMS,2015-11-24,3,2812200.0
SGMS,2018-08-13,3,6218861.119999999
SGN,2023-11-17,3,300000.0
SGNT,2011-04-25,3,352000.0
SGP,2026-02-11,15,221480000.0
SGR,2006-07-12,3,2004728.3
SGRY,2019-09-10,3,305400.0
SGS,2010-03-09,3,201502.0
SGS,2012-05-01,4,64404067.0
SGU,2008-05-14,5,262895.0
SGU,2009-02-17,4,252145.0
SGU,2010-06-11,3,2450943.36
SGU,2012-02-14,3,254120.05
SGU,2012-05-14,3,666705.0
SGU,2020-02-20,5,249617.06
SGXP,2006-02-08,3,5599992.0
SHAK,2015-02-06,8,2802400.0
SHAK,2026-05-18,6,3232508.7
SHBI,2023-03-02,7,202029.73
SHBI,2024-02-22,4,232371.15
SHEN,2024-05-08,7,457554.1
SHEN,2024-08-12,3,359616.7411
SHEN,2025-06-02,4,2725800.56
SHEN,2025-09-02,9,8870236.799999999
SHFL,2008-07-29,12,1275000.0
SHFS,2023-06-12,10,211003.86
SHFS,2023-12-18,7,213962.25
SHJ,2007-03-12,3,1350000.0
SHLD,2015-08-10,3,20021906.37
SHLD,2015-12-11,3,20626134.08
SHLD,2016-03-24,3,2685276.96
SHLD,2017-03-24,3,13587066.920000002
SHLL,2019-03-06,5,425000.0
SHLM,2006-12-01,3,5402426.0
SHLM,2007-03-01,6,3520224.2199999997
SHLM,2007-08-30,3,6071401.5
SHLM,2010-01-13,3,291589.9
SHLM,2011-01-19,3,391330.12
SHLM,2011-09-01,5,318640.0
SHLM,2016-01-14,3,235634.4
SHLX,2014-10-31,6,2278633.5
SHLX,2015-12-22,3,398187.3
SHLX,2020-03-16,3,441851.2
SHO,2008-12-05,3,688723.0
SHO,2011-08-25,3,587100.0
SHO,2020-04-01,3,707645.12
SHOR,2012-02-29,3,741047.0
SHOS,2013-06-17,3,254835.0
SHOS,2015-06-11,4,241466.0
SHOS,2015-12-10,3,3125155.64
SHOS,2016-06-15,3,221150.81
SHOS,2016-11-04,3,3297681.76
SHOS,2017-12-08,4,341683.5
SHRP,2007-05-25,7,38689401.5
SHRP,2007-10-17,6,408538.0
SHW,2006-02-24,3,585298.0
SHWZ,2024-02-15,3,774574.0
SHYF,2023-08-01,4,318832.92000000004
SI,2019-11-14,5,594300.0
SI,2025-08-05,7,11675730.0
SIBC,2011-07-08,10,2216578.4
SIBC,2012-04-25,3,388479.0
SIBN,2018-10-19,4,18750000.0
SIC,2018-09-26,3,5364318.63
SIC,2018-12-26,3,1401925.29
SIC,2020-06-12,4,845400.0
SIEN,2018-05-09,8,8175006.0
SIEN,2019-06-11,3,269997.0
SIF,2015-05-15,4,241982.3
SIG,2016-06-14,11,1143183.2399999998
SIG,2020-03-30,3,461683.8
SIGI,2025-03-03,3,472164.2
SIGI,2025-07-29,4,701939.64
SINT,2025-08-27,3,233240.0
SION,2025-02-10,5,42210000.0
SIRF,2008-11-13,3,4137642.4
SIRO,2011-11-28,4,2231351.5
SITC,2020-03-19,3,736900.0
SITE,2016-05-18,8,2085300.0
SITM,2019-11-25,3,779987.0
SITO,2016-10-17,4,293748.75
SIX,2006-06-27,5,3137160.0
SIX,2007-11-19,3,2330016.86
SIX,2011-02-25,3,333357.6
SIX,2011-08-08,3,5317904.74
SIX,2019-11-19,3,850409.22
SIX,2020-02-27,3,45057643.85
SIX,2021-11-30,3,39342500.0
SIX,2022-06-14,3,31983861.0
SIX,2022-09-14,3,57431083.47999999
SIX,2022-12-16,3,7187588.88
SJBA,2009-02-03,6,734410.0
SJI,2012-12-04,4,239590.72
SJI,2018-12-20,3,248733.16
SJM,2018-12-28,3,3188740.0
SJW,2011-09-29,3,671198.38
SJW,2012-11-20,4,394838.70999999996
SJW,2015-03-27,3,655120.44
SJW,2015-12-17,3,649470.0
SKH,2009-08-10,4,330486.85
SKH,2010-05-11,3,26731322114.86
SKH,2010-11-05,3,1117070.0
SKH,2011-08-08,3,245521.0
SKIL,2022-12-21,4,298550.0
SKIN,2023-08-17,3,663582.25
SKIS,2017-08-14,3,3334745.1745
SKLZ,2021-11-10,3,6973602.5
SKS,2008-11-25,4,23568185.42
SKT,2019-08-21,3,391240.0
SKWD,2026-03-03,3,1194050.23
SKY,2017-11-06,3,943078.6
SKYI,2010-01-06,4,205510.75
SKYT,2006-01-18,3,1469673.6
SKYT,2006-05-30,3,3909958.1799999997
SKYT,2006-11-06,3,70063990.5
SKYT,2007-02-08,4,2879699.0
SKYT,2008-02-15,3,86027490.5
SKYW,2020-03-16,4,1678564.23
SKYX,2022-06-02,4,204227.61000000002
SKYY,2008-04-11,3,950520.0
SLB,2011-11-10,3,1223475.0
SLB,2018-03-28,3,1163650.0000000002
SLCA,2012-02-08,5,280500.0
SLCA,2014-12-22,3,603990.0
SLCA,2017-12-21,3,256059.0
SLCA,2018-10-02,5,367364.86
SLCA,2020-03-27,4,240270.0
SLCT,2018-08-31,19,785220.0
SLD,2016-11-30,4,1039415.45
SLDB,2018-02-01,3,37346600.0
SLDB,2025-02-21,3,26089240.200000003
SLE,2008-03-17,3,13930040.0
SLE,2010-05-10,3,501961.1
SLG,2006-01-04,4,1591967.6
SLG,2013-06-26,3,398500.0
SLGC,2021-09-20,3,592584.0
SLGD,2018-02-12,3,712222.72
SLGG,2019-05-24,5,206754.16
SLI,2006-04-26,3,360744.0
SLI,2010-05-14,3,418018.42000000004
SLI,2011-12-01,3,1139482.0
SLM,2008-05-02,3,1281577.6400000001
SLM,2008-08-27,3,649000.0
SLM,2009-03-09,4,336536.0
SLM,2015-11-18,4,253190.0
SLM,2016-11-07,3,211700.0
SLND,2023-09-08,5,214868.56
SLND,2023-12-26,3,315755.48000000004
SLNG,2022-03-15,3,973075.76
SLNH,2022-08-25,7,202380.1903
SLNO,2018-12-27,3,14355415.77
SLNO,2019-11-20,3,5535400.0
SLNO,2020-07-06,3,29029758.909999996
SLNO,2023-06-01,3,1044075.0
SLQT,2021-08-30,5,5936950.0
SLQT,2023-05-16,4,615000.0
SLQT,2023-09-18,4,760605.0
SLRC,2010-02-11,6,22769800.0
SLRC,2015-12-11,3,1594129.16
SLRC,2020-03-23,4,4102305.7199999997
SLRC,2022-12-05,3,2410614.2
SLRN,2023-05-11,9,47651976.0
SLS,2007-09-25,3,333321.0
SLTC,2008-05-09,4,201752.65
SLTC,2008-08-21,3,637727.3300000001
SLTC,2015-05-07,5,234990.59999999998
SLTM,2013-06-03,3,314300.0
SLVM,2021-11-16,4,1879293.6
SLVV,2008-09-09,4,1224021.5
SLXP,2006-05-22,3,250735.9
SLXP,2008-05-14,4,218812.11
SLXP,2008-12-31,3,7177873.5600000005
SM,2009-03-02,3,252177.8
SM,2014-02-25,3,395895.0
SM,2014-11-21,3,565310.0
SM,2017-02-28,4,660622.0
SM,2019-05-30,3,225070.0
SM,2020-03-05,5,248225.0
SM,2025-03-05,3,418775.0
SMA,2009-03-12,4,262284.0
SMA,2025-04-03,5,405000.0
SMAR,2022-01-11,3,11690289.0
SMBC,2011-11-21,14,586796.0
SMBC,2022-05-03,3,275240.0
SMBK,2015-10-26,3,612600.0
SMBK,2018-03-08,5,742620.0
SMBK,2018-11-05,4,342234.85
SMBK,2020-03-11,4,390225.5
SMBK,2023-05-15,6,349189.17
SMBL,2007-08-21,3,1840389.76
SMBL,2008-03-21,3,510029.81
SMBL,2008-08-14,5,321358.47
SMED,2011-01-31,6,309889.19999999995
SMED,2011-11-21,4,252254.66
SMFR,2022-05-03,4,111500000.0
SMHG,2011-03-23,3,1114050.0
SMHI,2020-03-11,4,613557.8300000001
SMHI,2020-08-14,3,377795.76
SMIT,2019-12-20,3,467363.0
SMLP,2016-01-06,3,8056145.43
SMLP,2016-04-05,4,28601747.34
SMLR,2014-02-21,3,1999991.0
SMMF,2006-08-04,6,212359.60000000003
SMMF,2011-12-19,4,308021.78
SMMF,2020-03-06,3,254998.24
SMMF,2021-04-21,3,700000.0
SMMF,2023-02-09,7,201180.29
SMMT,2022-08-18,3,97673713.5
SMMT,2023-03-08,3,420260504.75
SMMT,2025-10-23,3,10999948.979999999
SMMT,2026-06-04,3,3642250.0
SMPL,2018-02-13,7,9224670.0
SMPL,2020-01-16,3,625435.25
SMPL,2020-04-15,7,2059595.31
SMRT,2008-01-16,7,1153557.42
SMRT,2017-05-25,4,1504859.0
SMRT,2021-11-30,3,406736.82999999996
SMRT,2025-03-13,3,212399.26
SMRT,2025-08-18,3,1029850.0
SMRT,2026-06-10,3,283043.8
SMTB,2009-05-22,9,273456.28
SMTB,2010-02-05,13,206031.59
SMTI,2019-10-17,3,10000006.000000002
SMTK,2007-08-07,4,223001.6
SMTX,2013-08-27,3,202406.61
SMTX,2017-06-23,4,227377.22
SMTX,2017-09-22,3,246942.18000000002
SMTX,2019-12-13,3,350448.72
SMWB,2026-05-21,3,620136.0
SN,2017-09-15,3,2377940.0
SNAK,2016-02-05,3,1116006.05
SNAX,2021-08-23,5,231030.0
SNAX,2021-11-22,3,251800.0
SNAX,2022-06-02,3,425237.6
SNAX,2022-12-19,3,560852.44
SNBC,2007-02-09,3,508853.0
SNBC,2008-02-20,5,322512.0
SNBC,2009-02-23,6,292356.6
SNBC,2009-08-18,3,636272.41
SNBC,2010-09-24,5,328381656.0
SNBC,2011-03-23,6,4296997.8
SNBC,2011-08-11,3,2207482.95
SNBC,2014-08-22,3,218095.08000000002
SNBC,2014-12-01,3,310468.11
SNBC,2015-05-28,4,751377.07
SNBC,2017-03-24,3,920898.5
SNBR,2024-11-18,3,4777601.15
SNBR,2025-05-14,3,877355.4
SNCR,2006-08-08,4,485969.0
SNCR,2022-03-14,4,344209.1
SNCR,2022-06-13,3,674099.64
SNCR,2023-11-14,5,421628.6672
SND,2017-08-18,3,630660.0
SNDA,2021-12-30,3,2002459.69
SNDA,2024-04-22,3,5186940.17
SNDA,2024-11-19,5,3499163.7800000003
SNDX,2025-05-19,3,241935.0
SNEX,2021-12-08,3,541592.28
SNEX,2022-03-14,3,472132.5
SNFL,2008-01-09,13,1519140.0
SNFL,2009-01-23,5,822620.0
SNGX,2010-06-21,3,6038039.49
SNI,2015-01-28,4,58946190.00000001
SNIC,2008-11-26,3,1101000.3900000001
SNKI,2008-12-09,3,291972.87
SNMD,2007-01-30,3,14867486.64
SNMD.OB,2006-03-17,3,12697982.25
SNNA,2017-08-01,6,936000.0
SNNA,2019-02-26,6,16843500.0
SNPO,2021-08-03,3,423000.0
SNRV,2011-08-25,3,1130000.0
SNS,2008-05-23,3,723307.0
SNS,2008-11-20,3,224284.0
SNS,2009-09-03,6,4778172.23
SNS,2010-01-12,3,357260.8
SNSE,2021-12-20,3,364312.5
SNSS,2010-07-01,5,13608524.440000001
SNSTA,2006-01-05,6,667207.0
SNTA,2007-02-13,5,10005000.0
SNTA,2009-08-26,4,200609.13
SNTA,2010-01-12,4,3474999.0
SNTA,2011-04-18,3,7733500.77
SNTA,2012-07-02,4,5832170.0
SNTA,2013-06-06,4,9402068.0
SNTA,2013-11-15,4,19437498.75
SNTA,2015-04-08,3,12700000.25
SNV,2007-11-21,3,1690166.5
SNV,2009-07-30,3,663120.0
SNV,2009-11-12,5,205900.0
SNV,2010-05-05,13,1435775.0
SNV,2011-08-04,3,247200.0
SNV,2013-07-26,7,703284.0
SNV,2018-06-22,8,900000.0
SNV,2018-10-25,4,246251.90000000002
SNV,2020-03-09,4,516952.19
SNV,2023-05-04,3,281451.0
SNV,2025-07-29,3,346176.0
SNX,2018-10-24,3,37630364.11
SOA,2008-03-13,4,421026.0
SOA,2008-08-15,15,1373996.0
SOA,2009-06-24,10,310680.0
SOAP,2009-07-24,3,383743.82999999996
SOAP,2010-03-30,3,224668.08
SOC,2024-02-16,4,96200055.0
SOC,2024-05-22,3,3748000.0
SOCB,2007-03-12,5,562681.48
SOCB,2008-08-26,4,260402.94
SOCB,2008-12-02,6,224674.41
SODI,2017-02-14,3,282507.85
SODI,2019-01-24,3,238250.0
SOFI,2021-08-25,3,364925.5
SOFI,2022-03-17,3,1364189.6199999999
SOFI,2026-03-02,3,1206130.0
SOFO,2011-11-08,3,693000.0
SOFO,2012-08-28,4,333500.0
SOFO,2014-03-07,5,219806.72000000003
SOFO,2016-03-15,6,222263.19
SOFO,2017-03-09,5,306334.77999999997
SOFO,2017-08-29,3,539727.204
SOFT.OB,2009-08-06,3,373073.36
SOLI,2006-02-28,4,532410.0
SOLN,2008-05-22,3,3736620.34
SOMX,2009-07-09,4,4557437.85
SON,2007-07-26,3,481390.0
SON,2025-02-27,3,1261719.8
SONA,2006-11-06,9,4481008.0
SONA,2007-03-16,3,767178.0
SONA,2009-11-03,3,452196.0
SONA,2014-09-30,3,289734.26
SONA,2015-04-16,7,319711.36
SONA,2015-11-05,4,230010.30000000002
SONA,2017-02-03,6,430639.02999999997
SONA,2018-02-01,4,248400.0
SONA,2018-05-31,8,211211.25999999998
SONA,2019-02-13,7,211610.57
SONA,2020-02-18,3,311751.0
SONA,2020-12-16,4,1217352.56
SONA,2021-03-16,3,711680.0
SOND,2023-05-17,4,426356.4
SONE,2007-08-22,3,3130647.0
SONM,2020-06-11,4,246249.75
SONM,2022-08-10,3,21798599.759999998
SONO,2025-08-11,6,21136820.2275
SONO,2026-03-11,3,32280021.369999997
SONS,2007-06-22,3,27560472.5
SONS,2007-12-14,3,39987750.0
SONS,2012-06-25,3,2386000.0
SONX,2021-11-02,4,708000.0
SONX,2022-05-18,4,363757.64
SOPA,2024-02-14,4,628559.0
SOR,2008-10-14,3,216286.0
SOR,2020-09-23,3,233116.01
SOR,2021-07-02,3,205624.53999999998
SORC,2007-09-28,3,408418.8
SORC,2008-04-18,3,666357.6199999999
SORC,2008-07-21,3,4569000.0
SOV,2008-05-16,7,625474400.0
SOWG,2021-02-09,5,900000.0
SOWG,2021-07-07,5,905619.75
SOWG,2023-08-29,4,1450000.0
SOWG,2024-03-29,4,567515.5
SOYL,2007-02-15,3,4462072314602.2
SPA,2016-02-10,8,230064.0
SPAR,2017-03-10,3,382981.0
SPAR,2018-11-06,3,439200.0
SPB,2010-04-23,3,9670654.18
SPB,2010-07-23,4,19924948.0
SPB,2011-03-04,3,562803.84
SPB,2011-09-08,3,236732.46000000002
SPB,2011-12-22,3,3067569.14
SPB,2012-03-21,4,22197246.0
SPB,2012-11-13,3,1395984.0
SPCE,2020-05-14,4,241026.44
SPE,2015-01-21,3,377339.0
SPF,2007-08-17,5,222185.0
SPFI,2019-05-15,10,538300.0
SPFI,2020-03-13,3,303816.05
SPG,2020-03-18,7,20235832.69
SPG,2021-03-22,10,629193.28
SPG,2021-07-26,10,257897.34
SPG,2022-01-04,11,1306633.58
SPG,2022-04-04,11,314866.8
SPG,2022-07-05,11,357398.4699999999
SPG,2022-10-04,11,374750.13
SPG,2023-01-03,11,392568.24
SPG,2023-04-03,11,398726.51000000007
SPG,2023-07-05,10,306197.76
SPG,2023-10-03,11,359085.49
SPG,2024-01-02,10,325244.85
SPG,2024-04-02,11,338909.62
SPG,2024-07-02,11,380981.29000000004
SPG,2024-10-01,11,395664.5
SPG,2025-01-02,11,410348.06
SPG,2025-04-02,11,415625.60000000003
SPG,2025-07-01,10,380065.93999999994
SPG,2025-10-01,10,394399.95
SPG,2026-01-05,10,507970.2
SPGI,2026-05-04,3,2576775.02
SPGZ.PK,2011-02-18,3,876000.0
SPHS,2013-08-20,3,8062790.0
SPIR,2008-02-15,3,2941854.08
SPKE,2015-06-01,3,247054.15000000002
SPKE,2015-12-23,3,1034914.0
SPKE,2016-11-14,6,1159530.6199999999
SPKE,2017-05-22,3,1315204.9100000001
SPKE,2017-09-13,3,1217921.34
SPKE,2017-12-13,3,697091.45
SPKE,2018-09-26,3,285378.86
SPKE,2019-04-04,3,3079294.89
SPLP,2019-12-12,3,460338.24
SPLP,2020-04-08,3,200196.68999999997
SPLP,2020-12-29,3,1968599.3
SPMC,2024-06-18,3,2100040.0
SPMC,2024-11-22,3,341771.4
SPN,2018-12-14,3,610200.0
SPN,2019-09-30,5,346000.0
SPNC,2008-02-25,4,699500.0
SPNC,2012-03-14,3,278612.83999999997
SPNC,2015-05-26,3,221150.0
SPNC,2015-11-06,3,324089.6
SPNE,2015-08-21,3,2145060.7800000003
SPNG,2010-01-12,3,1574300.0
SPNW,2018-03-26,4,6541795.199999999
SPOK,2019-11-21,4,237150.9
SPOK,2020-03-16,6,266284.1
SPOK,2020-08-17,5,281098.43
SPOK,2020-11-19,5,428370.02
SPOK,2021-03-22,3,210915.03
SPOK,2022-05-04,4,753682.6300000001
SPOK,2022-08-22,4,222181.47
SPOK,2022-12-08,3,354921.43
SPOK,2023-03-14,3,253018.93
SPOR,2006-04-28,3,236897.70999999996
SPPI,2009-05-21,3,1017650.0
SPPR,2008-04-10,5,201091.0
SPRB,2020-10-16,8,29250000.0
SPRO,2017-11-07,6,21090972.0
SPRT,2011-12-27,3,435495.54000000004
SPRT,2015-10-09,4,1738597.4500000002
SPRU,2025-11-24,3,5845098.590000001
SPRU,2026-03-23,3,425739.24
SPRY,2023-08-31,3,29450000.0
SPT,2020-11-12,3,6384390.0
SPWH,2023-10-11,3,481188.73000000004
SPWH,2024-10-03,3,250350.05
SPWH,2025-10-06,3,390609.19999999995
SPWR,2020-03-12,3,39919120.83
SQA-A,2007-08-02,3,13298380.0
SQBG,2017-11-15,5,1156849.12
SQBG,2018-11-29,3,508430.86
SQBK,2014-03-31,9,603036.0
SQNM,2007-06-05,3,290533.82
SQNM,2008-06-13,4,7733216.140000001
SQNM,2009-03-04,4,244181.6
SQNM,2011-03-17,3,216421.5
SQNM,2011-11-16,4,364770.0
SQNM,2012-08-02,3,473853.5
SQZ,2020-11-03,4,25440000.0
SR,2023-09-08,3,450585.0
SRACU,2019-11-15,4,19800000.0
SRAD,2026-05-04,7,4668332.3
SRAM,2006-09-22,3,866039.6000000001
SRBK,2023-11-21,3,729028.26
SRBK,2024-06-18,4,275158.35000000003
SRBK,2024-09-18,4,230916.2
SRBK,2025-03-20,5,294938.63
SRC,2017-06-02,3,221548.0
SRC,2020-04-16,3,476688.5
SRCE,2007-05-04,3,513640.0
SRCE,2007-08-03,4,261391.88
SRCE,2007-11-07,5,245154.16
SRCE,2009-09-15,3,299902.5
SRCE,2020-03-13,3,203020.0
SRCH,2010-03-08,3,782456.8099999999
SRCH,2011-09-20,3,1732359.39
SRE,2020-08-12,3,713171.6799999999
SRE,2025-03-11,3,616994.6
SRE,2026-03-13,3,576978.6
SREV,2017-08-23,4,506707.71
SREV,2020-05-21,3,884459.75
SRFM,2024-12-26,3,2097831.41
SRG,2015-07-24,3,6669393.159999999
SRGA,2021-02-02,6,5487306.0
SRGA,2021-08-17,3,1079496.3800000001
SRGZ,2015-10-20,3,315000.0
SRGZ,2016-10-13,4,326700.0
SRGZ,2017-10-19,3,275000.0
SRI,2006-03-16,3,811730.0
SRI,2009-03-16,4,241765.0
SRLP,2013-10-29,5,590771.67
SRLS,2006-08-22,3,266660.0
SRLS,2007-05-18,3,2629357.75
SRLSQ,2006-10-06,3,1216606.9
SRNE,2015-08-21,3,572628.89
SRNE,2017-02-03,7,283250.0
SRP,2008-03-11,4,489642.0
SRPT,2013-08-23,3,285470.0
SRPT,2016-03-16,3,2470150.0
SRPT,2019-09-06,3,3329210.32
SRRA,2022-02-01,4,51300000.0
SRRK,2018-05-31,4,11299988.0
SRRK,2023-10-18,3,45086782.05
SRT,2011-08-08,6,208621.34
SRTI,2009-09-11,3,278747.92
SRV,2007-08-31,4,256345.5
SRYB,2010-12-02,8,790278.3600000001
SRYB,2011-09-13,3,208526.06
SRZ,2012-01-11,3,103130592.03999999
SRZN,2024-04-17,3,11999976.0
SRZN,2026-01-15,3,1315299.54
SSB,2015-09-21,3,421792.0
SSB,2021-07-26,3,246100.0
SSBI,2009-12-22,3,230100.0
SSBK,2021-08-13,9,2080500.0
SSBP,2018-01-26,7,1170000.0
SSBX,2007-07-24,12,4850000.0
SSBX,2008-03-05,3,648305.75
SSCC,2006-08-09,3,358850.0
SSE,2014-11-07,3,314220.0
SSE,2015-03-11,3,202758.0
SSI,2015-11-24,6,373060.0
SSI,2016-06-21,5,217560.0
SSIC,2022-02-08,3,189240058.0
SSII,2024-12-23,3,7041413.250000001
SSII,2026-03-10,3,5196999.0
SSKN,2023-08-18,3,1057523.48
SSKN,2024-07-17,3,1507972.44
SSMR,2026-06-08,5,804127.5
SSNC,2018-11-19,3,1225847.0
SSNF,2011-04-07,8,282550.0
SSP,2015-01-28,5,4302607.76
SSP,2018-09-19,3,247747.25
SSP,2018-12-18,5,4927032.94
SSP,2022-11-07,20,6555005.16
SSP,2026-03-05,5,1749822.8199999998
SSRC,2008-06-26,3,397539.66000000003
SSRG,2016-01-25,3,2763544.5
SSS,2008-11-26,3,284500.0
SST,2022-11-23,3,410953.60000000003
SSTI,2017-06-12,3,1250986.0
SSY,2011-08-01,5,3111510.3
SSYS,2008-08-18,3,1796200.0
STAA,2007-07-24,3,1372063.52
STAA,2008-05-20,3,212011.63999999998
STAA,2008-12-10,3,517109.82
STAA,2014-11-12,3,3112252.12
STAA,2015-08-25,4,1521109.3599999999
STAA,2016-02-09,3,5362421.3100000005
STAA,2023-09-22,3,19657620.15
STAA,2025-04-02,3,20682413.13
STAG,2011-08-22,3,230700.0
STAG,2011-11-22,4,353496.55
STAG,2015-07-29,3,242121.0
STAY,2014-11-17,3,985235.5
STAY,2019-08-14,3,446873.25
STAY,2020-03-11,3,541325.0
STBA,2009-02-17,3,267284.0
STBA,2009-07-27,5,308507.0
STBA,2019-06-11,3,203559.0597
STBC,2007-09-12,3,241848.52000000002
STBC,2008-08-07,5,721825.2
STBC,2010-08-11,4,268010.0
STCN,2024-06-17,3,317029.62
STDY,2016-08-08,3,5769582.21
STEI,2009-04-09,6,230216.18
STEL,2023-05-04,3,3161162.2399999998
STEM,2024-03-18,3,255410.0
STEP,2020-09-22,9,6248826.0
STEX,2026-01-27,3,3377468.33
STFC,2020-05-13,3,512903.16000000003
STFC,2020-12-01,3,333578.26
STGW,2025-06-03,3,1062548.28
STI,2008-07-30,3,3456710.0
STIM,2018-07-05,4,988839.0
STIM,2019-11-26,3,288500.91000000003
STIR,2011-04-19,4,374790.0
STJ,2006-04-27,3,1018045.0
STJ,2009-05-11,3,900218.5
STKL,2008-11-21,8,205632.43000000002
STKL,2013-09-04,3,954678.0
STKL,2015-11-18,3,544050.0
STKL,2016-05-20,4,315550.0
STKL,2017-03-07,3,24082010.41
STKL,2017-12-18,3,32584050.0
STKL,2018-03-19,3,385170.0
STKL,2019-03-04,6,575294.19
STKL,2019-08-16,3,596248.8
STKL,2019-11-14,8,741177.2
STKR,2007-11-29,3,359453.99
STKS,2014-09-10,4,220000.0
STKS,2018-07-24,3,534340.98
STL,2015-08-27,4,279881.67000000004
STL,2020-05-01,7,284662.45999999996
STLD,2008-10-20,3,1228841.66
STLD,2010-05-27,3,4397100.02
STLD,2011-08-26,3,296916.42
STLD,2019-06-07,3,336295.81
STLD,2020-03-02,3,793205.0
STLY,2015-03-09,3,205216.22999999998
STLY,2016-02-29,3,235527.38
STLY,2019-12-23,3,388167.85000000003
STMP,2008-03-03,3,795102.5
STNR,2009-09-22,3,2585451.96
STOK,2019-06-21,3,60000012.0
STON,2008-01-07,3,211315.0
STON,2012-09-06,4,381297.52
STON,2015-08-27,3,296728.52
STON,2018-02-07,3,1094462.3199999998
STON,2018-05-11,5,566755.74
STON,2018-10-05,3,1206059.41
STON,2019-02-28,3,936682.73
STOR,2017-03-13,3,502086.0
STOR,2018-02-28,3,295602.5
STOR,2020-03-06,3,491750.0
STOR,2020-06-11,5,380270.0
STRA,2012-11-20,3,2875203.0
STRA,2025-03-06,3,1130316.1
STRM,2011-12-30,8,387495.89999999997
STRM,2013-07-05,4,233870.78999999998
STRM,2014-08-25,9,252520.0
STRM,2016-01-13,6,344038.77
STRM,2019-10-18,4,2032999.74
STRN,2014-09-22,3,382840.35000000003
STRO,2020-05-14,3,574988.0
STRR,2022-01-24,5,1758349.0
STRR,2023-06-06,5,238154.76
STRR,2023-09-06,5,574953.67
STRR,2025-09-18,3,359582.48
STRR,2026-06-02,3,463104.62000000005
STRS,2017-05-30,3,503099.61
STRT,2026-05-14,3,286430.4064
STRUX,2023-10-02,3,1867569.8135000002
STRW,2024-12-11,3,2860195.7
STRW,2025-06-10,3,306462.12
STRZ,2025-06-09,3,5237577.449999999
STS,2006-09-15,4,1097360.0
STSA,2007-12-12,3,276485.31
STSA,2008-06-03,7,214919.0
STSA,2009-02-10,11,205084.21
STSA,2010-12-16,3,392501.4
STSA,2019-09-17,3,43499985.0
STSI,2007-08-28,3,261075.0
STSS,2022-04-28,4,205449.4
STSS,2025-08-26,7,5069483.92
STTA,2009-09-02,3,452174.47
STTAU,2009-08-26,3,440565.95999999996
STTC,2006-08-08,3,506837.58999999997
STTH,2014-03-20,3,1128000.0
STVI,2017-12-04,5,233343.1
STWD,2009-08-19,4,21198245.0
STX,2018-08-16,3,205657477.88
STXB,2018-05-08,6,571998.0
STXB,2019-07-31,5,949966.04
STXB,2019-12-23,3,756276.96
STXB,2020-04-09,4,762415.6
STXS,2006-06-08,5,210965.0
STXS,2007-03-19,3,326700.0
STXS,2008-03-11,5,2072505.0
STXS,2008-11-18,4,328825.05
STXS,2009-06-04,3,331971.80000000005
STXS,2011-06-16,3,212550.0
SUBK,2012-05-24,8,257128.92740000002
SUBK,2013-08-16,8,209788.79969999997
SUBK,2014-02-19,7,207467.0
SUBK,2014-09-02,12,218829.26979999998
SUGR,2007-04-04,7,356000.0
SUM,2015-03-19,6,1431000.0
SUME,2020-06-24,3,617641.2
SUMR,2009-02-27,3,197803675.0
SUMR,2012-06-19,3,257850.0
SUMR,2012-11-21,4,395933.89999999997
SUMR,2014-11-13,4,1761371.5
SUMR,2015-05-19,4,391745.39999999997
SUMR,2015-11-13,3,546455.25
SUMR,2016-08-16,3,660000.0000000001
SUMR,2016-11-21,3,1185409.18
SUMR,2017-03-10,4,261829.95
SUMR,2018-05-11,3,200433.5
SUMT,2007-11-07,3,206922.88
SUMT,2008-10-17,3,2048905.54
SUN,2020-03-13,3,406811.3
SUN,2024-05-29,3,502220.0
SUNE,2015-08-24,3,399528.0
SUNH,2011-08-24,10,225594.96000000002
SUNL,2021-09-13,3,916725.0
SUNS,2011-03-02,5,20325000.0
SUNS,2012-06-15,3,615515.8300000001
SUNS,2015-12-04,3,576117.46
SUNS,2024-07-12,4,1736528.62
SUP,2017-08-23,3,829724.12
SUP,2018-11-14,5,637121.5
SUP,2022-01-21,3,1868016.27
SUP,2022-07-07,3,965857.71
SUPG,2009-09-04,3,1433318.1
SUPN,2012-05-07,7,5667500.0
SUPN,2013-03-26,4,301950.0
SUPR,2007-06-14,3,697521.9300000002
SUPR,2007-11-20,3,361619.52
SUPR,2008-03-03,3,830960.24
SUPR,2009-03-24,10,275834.41000000003
SURF,2018-04-23,15,42479940.0
SURW,2006-06-06,5,268567.70999999996
SURW,2008-07-02,8,227679.12
SUSP,2012-09-26,9,9843280.0
SUSQ,2007-12-10,4,377590.97319999995
SUSQ,2008-05-12,3,384141.0
SUSQ,2009-11-24,5,272093.8
SUSQ,2010-03-15,11,642000.0
SUSS,2006-10-20,9,2558325.0
SUSS,2008-06-03,3,396250.0
SUSS,2011-12-08,6,1098375.0
SUWG.OB,2008-06-06,3,207476.9
SUWG.OB,2008-09-26,3,1761922.52
SVBI,2016-04-15,4,775500.0
SVCO,2025-11-20,3,224140.8
SVLF,2008-03-13,3,1800279.13
SVNT,2011-09-16,5,205320.0
SVRA,2017-06-09,6,1130975.0
SVRA,2021-03-15,4,1169936.85
SVRA,2021-12-09,3,364756.44
SVRA,2023-07-19,11,10019035.0
SVVC,2014-03-10,3,2632436.02
SVVC,2023-11-21,4,202334.59000000003
SVVS,2008-05-08,14,212647364.67999998
SVXA,2006-03-06,3,15725196.35
SVXA,2006-06-07,3,3251868.0
SWB,2006-03-30,3,248042.0
SWBK.U,2021-01-12,4,2300000.0
SWCC,2007-01-26,5,576411.55
SWCC,2008-06-19,5,220837.50000000003
SWCH,2019-02-14,3,2516025.0
SWFT,2011-08-23,7,2163940.0
SWIM,2021-04-28,11,2422500.0
SWKH,2014-12-05,5,24092256.65
SWKH,2017-05-22,3,454552.0
SWM,2021-11-12,4,1033041.06
SWM,2022-05-13,3,603278.28
SWN,2015-01-22,4,1014300.0
SWN,2019-08-27,3,240637.5
SWS,2007-11-29,3,579128.95
SWS,2010-05-06,4,504334.13999999996
SWS,2011-09-08,5,2291156.0
SWTX,2019-09-19,5,14400000.0
SWWC,2006-08-29,3,236198.21999999997
SWX,2020-03-11,3,277451.25
SWX,2023-09-28,3,10959788.91
SWZ,2008-03-12,4,203111.0
SWZ,2020-03-03,3,303269.27
SWZ,2026-02-10,3,228407.6
SXC,2011-07-26,7,912000.0
SXC,2012-01-09,3,295132.0
SXC,2015-02-11,3,609593.9199999999
SXC,2016-01-15,3,994216.89
SXCL.PK,2012-05-15,3,4419815.24
SXCP,2013-01-23,3,402800.0
SXT,2021-09-02,3,8041063.949999999
SXT,2022-03-29,3,4382585.210000001
SYA,2010-01-28,4,1405270.0
SYA,2010-08-20,3,672023.3
SYBT,2007-07-30,10,242836.45900000003
SYBT,2018-03-27,9,281327.3155
SYBT,2018-10-30,10,200144.6806
SYBT,2020-05-18,5,360526.336
SYF,2014-08-04,6,1104000.0
SYF,2018-07-31,3,738250.0
SYKE,2010-08-11,3,303930.02
SYNC,2012-02-24,3,536020.0
SYNC,2015-03-11,5,226680.0
SYNC,2020-03-12,4,209428.19999999998
SYNL,2015-08-28,5,217595.49
SYNL,2016-09-07,5,479456.0
SYNL,2017-04-05,3,1581561.6400000001
SYNL,2017-08-29,3,257753.61999999997
SYNL,2018-12-20,3,2121415.66
SYNL,2019-03-20,7,1207680.92
SYNL,2020-03-13,4,4171207.4000000004
SYNL,2020-12-10,3,544699.12
SYNL,2021-08-19,3,217941.1
SYNM,2011-07-14,5,235257.88
SYNT,2016-11-29,3,496845.0
SYNT,2017-04-26,4,234014.24
SYRG,2016-09-22,3,401170.0
SYRS,2016-07-06,3,15000000.0
SYTE,2017-02-02,3,3325000.0
SYX,2007-08-17,3,605910.12
SYX,2008-03-17,5,533710.0
SYY,2016-06-14,3,67938315.0
SZC,2016-08-29,3,429594.32
SZZLU,2021-11-10,3,21682500.0
T,2014-08-01,3,3956160.0
T,2018-07-27,5,4568508.48
T,2021-05-24,3,4566867.91
TACA,2007-01-26,3,3802600.0
TACO,2015-11-30,4,4943895.79
TACO,2017-10-25,3,4118071.2
TAKAX,2022-09-06,3,59000000.0
TALK,2025-03-05,3,342286.55
TALO,2021-11-22,4,1466030.0
TALS,2021-05-13,3,8500000.0
TALX,2006-08-28,3,562788.2000000001
TARG,2007-10-17,3,15500000.0
TARR,2006-05-15,3,699700.0
TARS,2020-10-20,4,14700000.0
TAST,2008-11-20,3,305658.5
TAST,2020-03-03,5,430160.7
TAX,2018-08-08,3,7587025.260000002
TAX,2018-12-26,3,2623871.62
TAXI,2016-03-02,3,257815.0
TAYC,2009-03-20,3,527780.0
TAYC,2009-12-16,3,2686172.0
TBBK,2006-02-14,3,209906.6
TBBK,2007-11-13,4,214347.95
TBBK,2014-06-16,4,377940.0
TBBK,2016-08-24,4,239270.5
TBBK,2017-06-15,4,688186.88
TBBK,2019-11-21,3,228080.0
TBBK,2024-05-06,3,833523.43
TBBK,2024-10-30,3,530649.33
TBBK,2026-02-12,3,548930.25
TBHS,2006-08-03,7,573988.0
TBI,2023-11-01,4,298284.0
TBIO,2018-07-05,3,7324980.0
TBK,2014-11-10,3,467240.15
TBK,2017-04-27,3,584772.0
TBK,2019-05-16,3,232589.72999999998
TBK,2020-03-12,3,401451.8
TBK,2022-05-04,4,499290.83
TBN,2024-07-02,8,13376400.0
TBNC.OB,2009-06-16,11,759144.44
TBPH,2015-08-18,4,1315982.4
TBPH,2017-08-14,4,1225400.0
TBRG,2025-02-27,3,9883196.16
TBRG,2025-12-03,3,6373962.74
TBSI,2008-12-09,3,1702501.44
TBSI,2009-08-25,3,1322560.0
TBUFF,2013-03-04,4,1629000.0
TC,2012-03-01,6,231940.0
TCAP,2007-02-23,7,2874750.0
TCAP,2015-09-29,3,437289.6
TCAP,2016-05-09,3,717799.0
TCB,2007-11-20,4,336263.628
TCB,2012-06-27,11,7735000.0
TCB,2012-12-21,3,350000.0
TCBC,2023-06-07,4,202501.13
TCBI,2021-10-25,4,653770.25
TCBI,2023-05-15,3,4923707.7
TCBK,2009-01-09,3,1070490.0
TCBP,2023-01-11,4,2100000.0
TCBS,2024-08-28,3,210069.9
TCBX,2021-11-16,5,1090000.0
TCBX,2023-05-10,5,520918.17000000004
TCBX,2025-04-29,3,389795.1
TCDA,2018-07-02,13,39440048.0
TCDA,2022-07-06,3,15052630.48
TCDA,2022-10-06,3,20475652.89
TCF,2019-11-18,3,611643.79
TCFC,2020-01-03,7,524895.45
TCFC.OB,2007-12-19,6,443205.0
TCFC.OB,2013-09-30,7,279375.0
TCHC,2008-11-26,3,230226.27999999997
TCHC,2009-03-12,5,477923.11
TCO,2006-03-02,3,19730868.45
TCO,2009-03-13,4,595938.75
TCON,2015-02-05,13,65000000.0
TCON,2016-11-29,11,54999986.25
TCON,2018-03-27,6,19115028.0
TCON,2020-09-14,3,1689025.9700000002
TCON,2020-12-30,3,5020546.4799999995
TCON,2022-04-25,3,263551.4
TCON,2023-01-03,3,245385.0
TCPC,2012-04-12,3,1369552.25
TCPC,2012-12-12,3,447145.95999999996
TCPC,2013-08-19,3,217754.4
TCPC,2014-05-14,3,257122.0
TCPC,2014-10-15,5,232090.0
TCPC,2016-01-22,4,205854.0
TCPC,2018-01-31,3,251831.0
TCPC,2018-11-16,4,232484.0
TCPC,2020-03-16,3,302790.0
TCPC,2024-09-10,3,381894.0
TCPC,2025-03-21,5,239243.08
TCPC,2026-03-10,3,337445.0
TCRD,2010-05-17,3,245999988.0
TCRD,2010-08-18,4,202560.3
TCRD,2010-11-19,4,385076.08999999997
TCRD,2013-03-19,4,208063.31
TCRD,2014-12-17,5,235829.5
TCRD,2015-03-20,4,274560.0
TCRD,2017-03-16,5,205550.0
TCRD,2018-06-15,3,4099695.98
TCRD,2020-03-16,4,350740.2
TCRR,2019-02-21,6,64799985.0
TCRX,2021-07-22,3,23389995.0
TCS,2013-11-07,9,10386000.0
TCS,2023-09-01,4,225317.59
TCX,2008-10-09,4,842831.0
TCX,2009-06-12,5,2022885.8599999999
TCX,2010-12-15,3,732744.28
TCX,2011-08-22,3,293408.0
TDBK,2006-10-11,9,835605.0
TDBK,2008-12-29,11,234411.31999999998
TDC,2014-02-13,4,571602.8
TDF,2018-05-03,3,3423434.8699999996
TDOC,2016-03-18,3,318538.0
TDSC,2006-08-29,3,2480253.64
TDSV.OB,2007-02-06,3,230000.0
TDUP,2021-04-01,4,7649978.0
TDUP,2023-04-06,4,202203.86
TDUP,2024-09-10,3,403300.0
TDW,2014-12-09,3,523950.0
TDW,2019-05-10,3,396754.52
TDY,2011-06-14,3,622260.0
TDY,2021-03-04,3,4842701.29
TE,2009-03-05,3,462084.0
TEAF,2019-03-28,8,276000.0
TEAF,2019-06-26,7,201880.12
TEAM,2006-08-15,3,2114785.37
TEAM,2007-08-14,3,366694.88
TEAR,2011-07-05,3,449729.28
TEAR,2014-11-25,3,885924.04
TEC,2007-11-30,3,213148.0
TEC,2008-08-21,6,224931.0
TECR,2019-04-24,3,1639093.2600000002
TECTP,2019-05-15,6,375000.0
TECUA,2008-05-14,3,2400366.24
TECUATECUB,2008-06-09,3,253230.0
TEGN,2007-04-19,3,509989.7
TEGP,2015-05-12,5,19604000.0
TEGY,2006-03-31,3,224919.0
TEL,2007-08-14,4,2587868.4
TEL,2008-08-06,3,758120.0
TEL,2008-12-01,3,2054583.0
TELA,2019-11-13,5,11239137.0
TELA,2021-05-18,3,2012032.5199999998
TELA,2021-09-15,3,467195.78
TELA,2021-12-14,4,589824.43
TELA,2022-03-16,3,9312940.510000002
TELA,2022-06-15,5,1101100.0
TELA,2024-10-24,4,409995.0
TELK,2006-08-14,3,12322604.4
TELK,2008-12-31,4,360578.01
TELK,2010-06-30,3,612020.66
TELOZ,2013-04-05,3,2460000000.0
TEN,2019-08-12,3,848480.0
TEN,2021-09-16,3,736742.21
TENB,2018-07-30,3,1362497.0
TENX,2025-12-10,4,204509.37
TEP,2013-05-20,6,6106000.0
TEP,2014-03-17,3,299365.105
TEP,2014-09-16,3,580254.0
TEP,2014-12-15,5,1542282.6400000001
TEP,2015-08-26,3,3131675.25
TERN,2021-02-09,4,35530000.0
TERN,2022-08-18,4,31820088.8
TERN,2022-12-28,4,12999989.5
TERP,2014-07-23,8,46975000.0
TESO,2009-09-08,3,11283434.8
TESS,2006-03-02,3,210400.0
TESS,2007-08-10,4,241105.0
TESS,2008-07-28,5,1125625.53
TESS,2009-03-23,3,221972.7
TESS,2009-06-22,3,220706.65999999997
TESS,2020-11-27,3,340681.32
TEX,2006-01-04,8,412556.75999999995
TEX,2007-03-26,10,239181.43
TEX,2007-07-31,11,928372.25
TEX,2007-11-20,11,1152060.31
TEX,2008-10-27,8,504349.82
TEX,2009-02-18,9,201071.28999999998
TEX,2009-06-04,9,668113.38
TEX,2011-08-05,11,398544.03
TEX,2012-06-20,11,237798.19
TEX,2014-09-22,7,336055.16
TEX,2015-01-08,7,275771.83
TEX,2015-08-25,7,579459.15
TEX,2018-03-27,4,391646.79000000004
TEX,2020-02-26,3,462364.41000000003
TEX,2023-11-02,3,437369.30000000005
TFFP,2019-10-30,7,265000.0
TFFP,2022-05-17,5,647570.75
TFFP,2023-08-15,6,205000.0
TFIN,2023-01-31,7,3781520.53
TFIN,2023-05-12,3,1065557.7100000002
TFIN,2025-04-25,3,610739.62
TFM,2014-04-03,3,1028570.0
TFSL,2007-04-24,14,4607680.0
TFSL,2008-05-22,3,653679.0
TFSL,2008-12-12,3,481834.17999999993
TFSL,2011-02-16,4,297394.66000000003
TFX,2007-12-07,3,705844.6
TFX,2025-08-07,5,633590.0
TGE,2018-11-05,3,1147315.7
TGE,2019-03-18,4,22594442.95
TGE,2020-04-17,4,13718751477.8
TGI,2016-02-05,3,6932228.09
TGI,2016-11-09,3,1583260.0
TGIC,2007-08-01,3,2434334.84
TGIC,2007-11-01,8,243892.07660000003
TGT,2017-03-09,3,1073750.0
TH,2019-05-23,3,443496.0
TH,2019-08-21,6,2345940.65
TH,2019-12-03,3,227896.37
THAR,2025-06-23,3,592422.92
THC,2007-08-30,5,789507.8
THC,2008-11-05,3,368221.82
THC,2020-03-17,6,1209327.2
THFF,2007-08-02,3,30436965.0
THFF,2020-03-12,4,431896.14
THFF,2023-05-12,7,248776.0
THFF,2025-03-13,4,262064.76
THG,2011-09-06,3,578160.3300000001
THI,2006-03-28,12,8665035.0
THLD,2008-09-03,4,3649994.5199999996
THLD,2009-10-06,3,655223.0399999999
THLD,2011-03-15,13,3579252.5999999996
THO,2022-01-05,3,1294025.0
THOR,2018-12-13,7,148000017.0
THQI,2010-08-16,4,235950.0
THR,2024-02-08,4,239853.9
THRD,2022-09-21,3,15300000.0
THRM,2006-11-14,6,3560004.0
THRM,2025-05-12,3,215370.83000000002
THRX,2008-03-17,3,1025822.49
THRX,2021-10-14,5,27010000.0
THRX,2022-01-13,4,930872.746
THRX,2022-11-14,3,2017640.0
THRX,2023-07-19,3,5006585.2
THRY,2026-03-06,3,6158732.79
THS,2007-08-14,3,317080.0
THS,2007-11-23,3,328274.0
THS,2020-02-28,3,338930.0
THST,2013-06-20,5,1024200.0
TICC,2008-06-24,4,410251.89
TICC,2008-11-24,3,218802.15999999997
TICC,2011-12-21,3,563386.0
TICC,2016-05-09,3,530807.9999999999
TIE,2007-06-28,3,1618983.0
TIE,2007-11-05,3,1967032.25
TIE,2008-02-06,3,2125251.0
TIE,2008-10-09,3,955384.0
TIE,2011-08-09,3,9435836.75
TIER,2009-03-06,3,1832106.4
TIER,2015-09-08,3,945107.0
TIF,2017-09-27,3,13892281.12
TIF,2018-03-29,3,5364045.34
TIG,2021-11-16,3,234375.0
TIK,2009-10-01,3,359480.0
TIK,2014-07-25,4,460082.2
TIL,2021-03-25,6,45000000.0
TIME,2015-03-03,3,268976.0
TIME,2015-06-03,3,490534.5
TIN,2008-11-07,3,438322.6
TIPT,2015-04-15,3,2450701.8200000003
TIPT,2021-03-17,3,484765.0
TIS,2008-12-02,3,210725.0
TIS,2017-05-17,3,218070.0
TISI,2017-08-17,3,265658.0
TISI,2024-03-21,4,380059.58
TISI,2025-06-12,3,525906.61
TISI,2025-12-08,3,315561.69999999995
TISI,2026-04-01,3,289151.30000000005
TIV,2008-02-06,3,2170200.0
TKAI,2014-09-24,4,16125000.0
TKNO,2023-09-21,5,16749996.2
TKNO,2024-07-16,3,15149997.600000001
TKO,2023-11-14,5,2849817.6
TKO,2024-12-13,3,144400147.04999998
TKO,2025-06-06,3,500166089.4
TKO,2026-05-13,3,4499696.5
TKR,2008-11-12,4,249100.0
TLAB,2012-06-01,3,847240.0
TLCC,2015-06-04,3,10000000.96
TLCO,2014-09-02,3,248635.8
TLCV,2007-12-03,3,3246434.0
TLF,2010-06-10,4,295194.72000000003
TLF,2010-09-09,4,2369181.63
TLF,2011-08-31,3,1064832.8499999999
TLF,2012-06-07,3,223842.28
TLGD,2009-01-26,4,640815.0800000001
TLGD,2009-04-27,8,1529074.12
TLGD,2009-07-27,5,540983.28
TLIS,2021-02-19,8,106224000.0
TLLP,2011-06-02,4,275822.0
TLMR,2014-02-14,10,2099500.0
TLMR,2016-02-02,4,2118298.0
TLN,2015-12-21,3,409140.0
TLOG,2013-12-19,9,26006771.0
TLOG,2014-11-19,4,231800.0
TLRD,2016-06-13,3,437358.78
TLRD,2019-10-10,3,250238.03
TLRS,2020-01-23,3,769000.0
TLRY,2018-07-25,3,749972.0
TLS,2020-11-23,3,1171701051233.0
TLS,2022-11-22,3,3294300.0
TLS,2023-05-12,3,1316295.6
TLS,2024-05-14,4,441777.32
TLS,2024-08-14,4,1029373.24
TLSI,2025-01-29,3,337102.83999999997
TLSI,2026-02-23,5,1785488.5
TLSS,2022-09-20,4,42750389185.57
TLXT,2006-02-23,3,1679566094144.0
TLYS,2012-11-30,4,226941.0
TLYS,2020-03-26,3,396933.63999999996
TLYS,2023-01-10,3,21481232.92
TLYS,2023-06-07,4,4489877.130000001
TLYS,2024-02-02,3,4507063.819999999
TMA,2006-09-12,3,2533423.32
TMA,2007-03-14,4,5299693.6
TMA,2007-08-01,3,8306331.2
TMC,2022-04-01,4,5151110.0
TMCI,2022-11-21,3,664293.78
TMCI,2024-05-13,5,3653297.62
TMCV,2006-11-22,13,919249.4700000001
TMCVP,2010-08-03,3,223071.5
TMEN,2012-07-12,3,252500.0
TMEN.OB,2008-01-02,3,208125.0
TMHC,2016-02-10,5,7623890.25
TMK,2006-06-05,4,235040.0
TMNG,2014-03-19,4,2113478.1799999997
TMO,2010-08-12,3,327311.99
TMRK,2009-01-22,3,51538069.54000001
TMST,2015-02-24,4,202281.0
TMST,2015-08-14,3,1012205.0
TMST,2019-09-04,3,239740.0
TMTF,2011-04-29,3,602250.0
TMUS,2018-02-16,3,66825600.0
TMWD,2007-08-29,4,256675.64
TMY,2007-07-31,3,214662.5
TNAV,2018-12-07,4,414381.09
TNC,2026-03-02,3,1261662.0
TNCC,2009-12-22,7,286525.0
TNCC,2010-08-13,8,286000.0
TNDM,2018-02-13,5,3870000.0
TNDM,2022-05-10,3,510974.83
TNDM,2023-05-22,3,483981.55
TNDM,2023-11-29,3,220094.4
TNET,2019-11-05,3,30588344.64
TNET,2020-03-13,3,35788345.77
TNFG,2008-04-09,3,317475.0
TNGN,2010-04-13,4,10239140.0
TNGO,2015-12-01,3,58295785.440000005
TNLX,2011-12-21,3,250000800.0
TNRO,2007-08-16,3,4475864.0
TNS,2006-03-09,3,1145050.0
TNS,2007-05-11,5,231850.0
TNS,2008-11-13,6,280278.5
TNTR,2017-07-10,5,44041998.0
TNTY,2020-03-10,3,202958.32
TNVF,2007-06-21,3,1050830.0
TNXP,2015-02-09,3,234000.0
TNXP,2015-07-17,5,360000.0
TNXP,2016-06-21,7,504000.0
TNYA,2022-11-25,3,56479306.0
TOA,2006-03-14,3,304491.0
TOBC,2009-08-31,14,1816084.25
TOBC,2009-11-30,5,519275.0
TOCA,2017-04-21,5,1425000.0
TOCA,2019-06-03,4,266271.9
TOFC,2006-10-05,3,1383683.0
TOFC,2007-05-25,5,292735.48
TOFC,2007-08-29,3,487999.62
TOFC,2008-08-07,4,581679.49
TOFC,2008-11-06,4,328900.0
TOFC,2010-01-15,3,512696.81
TOFC,2010-08-25,5,2214994.3000000003
TOI,2025-03-28,8,1605861.9200000002
TONE,2008-05-15,3,513389.65
TONS,2008-03-04,3,223000.7
TONS,2008-11-13,3,529271.2
TOO,2007-12-17,3,1036683203.17
TORC,2018-01-30,3,19499985.0
TORM,2008-09-17,5,1141200.0
TORM,2012-05-03,6,145429434405.0
TORM,2013-05-22,5,256110.9
TOST,2021-09-27,3,200040.0
TOTG.OB,2008-02-12,3,1435199.1800000002
TOWR,2010-10-18,4,260000.0
TOWR,2016-06-30,3,252723.0
TPB,2017-09-15,3,3415450.96
TPB,2019-08-22,3,214332.73
TPB,2020-04-09,3,5678962.100000001
TPC,2020-05-26,4,2010487.9
TPGI,2007-12-07,3,626040.0
TPGI,2008-11-24,3,1336620.0
TPGY,2021-03-22,3,20930417.64
TPGY,2021-07-22,3,5748395.120000001
TPHS,2017-06-13,4,277692.54
TPHS,2018-01-16,3,353841.70999999996
TPHS,2018-12-12,5,223018.42
TPIC,2016-07-29,6,750002.0
TPIC,2019-06-03,4,255165.0
TPIC,2021-12-16,4,1563639.5
TPL,2019-03-26,3,220933.44000000003
TPL,2021-03-12,3,1218822.21
TPL,2021-06-10,5,1363034.27
TPL,2022-03-02,3,587344.5599999999
TPL,2023-11-20,3,229201.06
TPL,2024-03-06,3,1101347.3199999998
TPL,2025-02-26,3,403460.55000000005
TPLM,2008-06-05,3,330400.0
TPLM,2011-08-22,3,218100.0
TPP,2008-09-10,3,7634716.0
TPRE,2013-08-20,4,1687500.0
TPRE,2020-03-04,3,888750.0
TPTX,2019-04-24,7,26006400.0
TPTX,2019-09-11,3,8549955.0
TPTX,2020-05-26,3,10249920.0
TPUB,2014-11-12,3,475845.0
TPVG,2014-11-06,3,494960.0
TPVG,2017-10-27,3,1008120.7500000001
TPX,2016-02-11,4,91450268.13
TPX,2016-05-17,3,2500944.96
TPX,2017-05-15,3,59414187.3
TQNT,2011-12-01,3,610661.0
TQNT,2012-05-14,3,213670.0
TQNT,2012-11-13,4,681850.0
TRBN,2006-10-19,5,2049008.0
TRC,2010-06-22,6,367241.0
TRC,2014-10-01,3,278332.6
TRC,2015-05-29,3,222157.52000000002
TRC,2015-09-04,3,655163.85
TRC,2015-12-14,3,1230035.2799999998
TRC,2017-11-03,11,20314026.0
TRC,2019-07-01,3,2025048.16
TRCK,2015-07-09,3,19508129.15
TRDA,2021-11-04,5,31000000.0
TREC,2016-01-06,3,316505.27
TREE,2016-05-16,4,428808.0
TREE,2024-12-09,3,665913.6799999999
TRGL,2007-05-01,3,401313.45
TRGL,2007-11-21,3,246706.5
TRGL,2008-06-04,4,627665.06
TRGL,2010-06-03,4,201190.1
TRGT,2006-04-14,10,31500000.0
TRGT,2012-11-20,3,8480795.29
TRH,2009-06-10,4,380000.0
TRHC,2016-10-05,3,288000.0
TRHC,2021-11-12,3,475388.83999999997
TRIDQ,2012-11-30,4,242016.5
TRIN,2021-02-02,6,855400.0
TRIN,2022-05-16,5,305534.97
TRIN,2022-12-13,6,465395.5
TRIN,2024-11-06,4,392798.26
TRIN,2025-11-12,3,216734.8
TRIN,2026-03-16,3,492560.91
TRIV,2014-04-24,5,46787934.0
TRMA,2008-09-11,3,7621644.0
TRMA,2009-06-16,3,208245.0
TRMB,2015-08-18,3,1709940.0
TRMK,2007-11-06,3,352572.68
TRML,2023-10-26,3,277402.0
TRMR,2013-09-03,5,235902.0
TRMS,2007-08-23,3,1581140.26
TRN,2017-08-14,3,16398088.9
TRN,2017-11-15,3,41613018.59
TRN,2018-03-22,3,85384544.71000001
TRN,2020-01-23,3,10199034.280000001
TRNC,2016-11-09,3,22812185.28
TRNF,2020-04-01,4,386413.2
TRNF,2020-10-26,3,541063.9199999999
TRNO,2012-01-13,3,771637.5
TRNO,2013-02-22,5,1294800.0
TRNO,2013-07-17,4,547500.0
TRNS,2012-11-08,4,220047.47999999998
TRNS,2022-02-16,3,228492.3
TROV,2012-04-16,3,350000.0
TROV,2015-08-12,4,1476050.0
TROX,2012-08-21,4,2054765.0
TROX,2015-05-14,3,483555.0
TROX,2018-12-10,3,259287.0
TROX,2019-06-05,3,250264.56
TROX,2020-03-18,3,231120.6
TROX,2025-08-01,3,473112.0
TRS,2007-08-08,3,1370244.0
TRS,2007-11-30,4,338720.0
TRS,2009-03-18,5,225301.96
TRS,2015-08-12,3,220930.0
TRS,2022-11-14,4,213306.1103
TRS,2024-03-11,3,260311.4609
TRS,2025-03-03,4,763250.28
TRS,2025-06-06,5,21644704.432
TRSSF,2022-03-24,3,2348500.0
TRSSF,2022-06-24,4,244070.4
TRSSF,2023-03-29,4,243994.5
TRST,2007-05-17,3,759179.7000000001
TRST,2008-03-07,3,841217.0
TRST,2008-06-16,3,276311.5
TRST,2009-02-26,3,225872.7
TRST,2009-06-08,3,531891.4199999999
TRST,2010-02-12,3,231049.55
TRST,2011-07-07,13,1491761.6
TRST,2013-05-13,3,568716.07
TRST,2020-04-28,4,522964.87
TRST,2021-09-07,5,321217.47
TRST,2023-01-30,8,286366.232
TRST,2023-05-05,5,245012.6176
TRSX,2010-08-10,3,8288070.0
TRT,2006-10-11,3,1320087.3
TRTC,2018-07-10,3,377110.0
TRTL,2016-12-09,4,18230009.0
TRTX,2020-03-20,3,516255.0
TRU,2007-07-16,4,208380.0
TRU,2007-10-15,5,11775607.91
TRU,2008-01-15,3,5605221.36
TRU,2008-04-14,4,882514.3599999999
TRU,2015-07-02,5,1020375.0
TRUE,2008-09-04,8,251013.55
TRUE,2014-05-30,5,2738327.11
TRUE,2014-11-14,3,519900.0
TRUE,2015-02-26,3,1439840.55
TRUED,2006-11-21,3,201299.0
TRUL,2021-06-15,3,1114692.5
TRUL,2022-05-25,6,376187.0
TRUL,2024-11-14,4,221615.0
TRVI,2019-05-13,23,323730000.0
TRVI,2022-04-13,9,57620992.2
TRVN,2014-02-07,5,14999978.0
TRVN,2014-12-10,10,6432965.0
TRX,2007-11-15,6,272344.0
TRXC,2014-04-23,4,9700000.0
TRXI,2007-03-07,9,2196150.0
TRXI,2007-09-10,4,933966.62
TRXO,2016-05-18,3,276058.25
TRY/TRYB,2008-09-24,8,54160040.0
TSAI,2007-03-21,3,1681534.0
TSBX,2023-07-27,4,15399984.0
TSC,2013-05-14,4,737133.0
TSC,2014-02-04,3,216710.0
TSC,2014-08-26,4,239221.0
TSC,2015-12-08,3,214220.75
TSC,2018-03-19,3,221845.0
TSC,2018-10-31,3,383791.0
TSC,2019-05-23,3,650000.0
TSC,2019-08-22,3,235073.1
TSC,2020-03-06,4,440460.0
TSC,2020-06-10,3,439312.0
TSCM,2010-06-17,4,411409.14
TSE,2015-03-24,5,766880.0
TSE,2020-03-11,4,588510.32
TSE,2023-09-13,4,269630.0
TSE,2024-08-20,3,748084.0
TSFG,2007-05-23,3,266104.0
TSFG,2008-02-22,3,370845.0
TSFG,2009-03-16,3,207084.93
TSHA,2022-02-04,3,1675249.68
TSHA,2023-08-16,4,16020000.0
TSI,2006-03-13,3,635545.4
TSI,2006-08-15,3,273086.0
TSI,2007-08-27,3,832080.0
TSI,2010-04-22,3,758356.6300000001
TSI,2018-03-12,3,654323.96
TSLA,2010-07-02,3,206788.0
TSLF,2013-09-23,7,411200.0
TSLF,2014-08-14,3,202140.0
TSLX,2014-11-12,6,255916.5244
TSLX,2015-11-20,3,528231.52
TSLX,2018-03-05,5,247772.11119999998
TSLX,2020-03-16,5,596609.1
TSLX,2020-08-13,3,233911.4
TSLX,2022-08-22,3,209470.0
TSLX,2026-03-03,3,334015.6
TSM,2026-03-31,3,387130.0
TSM,2026-06-30,31,432510.54000000004
TSN,2023-05-12,4,1345499.26
TSNDF,2023-09-13,3,308400.0
TSO,2008-05-14,3,365178.0
TSO,2016-05-17,3,344545.0
TSON,2010-05-28,3,306255.0
TSON,2011-09-23,5,11711248.25
TSPT,2011-09-22,3,5124479.04
TSQ,2014-07-29,7,6139270.0
TSRA,2013-08-28,3,10939599.45
TSRE,2014-01-21,5,2587760.5999999996
TSRO,2012-07-03,12,179999982.0
TSRO,2016-03-18,11,429999911.82000005
TSRO,2018-03-06,9,62107399.96000001
TSRX,2010-08-10,9,41975460.0
TSS,2016-01-29,4,836650.6
TST,2012-12-13,3,246860.61
TST,2015-11-10,3,254855.47999999998
TST,2016-03-21,4,244122.87000000002
TST,2016-08-22,5,200346.93
TST,2017-12-01,7,214326.3
TSTF,2007-03-26,3,410470.0
TSTF,2008-03-18,3,1531527.84
TSTF,2011-04-04,8,224998.69
TSTR,2007-09-19,3,27479854.2
TSTY,2008-05-07,6,215871.0
TTES,2009-03-26,3,387550.0
TTGT,2010-05-24,3,1816561.34
TTGT,2016-08-17,3,1116357.45
TTI,2008-11-21,3,1241391.27
TTI,2009-03-23,3,237400.59999999998
TTI,2012-05-23,3,275785.0
TTI,2012-11-15,3,425250.0
TTI,2013-03-12,3,699354.0
TTI,2014-12-15,3,383073.76
TTI,2017-03-30,3,258130.0
TTI,2018-12-28,3,481997.10000000003
TTI,2020-06-25,4,268839.24
TTI,2023-03-08,4,256240.0
TTNP,2018-09-25,3,200000.0
TTO,2007-02-06,5,558000.0
TTOO,2014-08-14,8,35681965.0
TTOO,2015-12-11,5,23572497.0
TTP,2011-10-28,6,217500.0
TTPH,2013-03-27,8,30922619.0
TTRX,2025-11-21,3,206837.5
TTS,2014-03-04,3,2275574.0
TTS,2014-08-04,4,3977010.6100000003
TTS,2014-11-03,3,1920617.57
TTS,2017-07-25,3,2818381.92
TTS,2017-10-23,4,1197121.7
TTS,2018-02-26,3,3683051.25
TTS,2018-11-29,3,880635.94
TTSH,2024-02-26,3,2266239.0
TTSH,2024-06-05,3,2245309.5
TTSH,2024-09-05,3,1369519.1600000001
TTSH,2024-12-26,3,14455053.77
TTSH,2025-03-26,3,4341190.859999999
TTWO,2010-02-04,3,26067449.400000006
TTWO,2010-09-14,3,8140178.0
TUBE,2014-07-25,11,60395482.0
TUEM,2021-09-16,4,1871238.4900000002
TUES,2015-11-12,3,796550.5
TUES,2016-11-18,7,857248.65
TUES,2017-05-30,3,514248.92
TUES,2017-11-17,7,282708.25
TUES,2019-09-03,3,256300.0
TUP,2018-04-19,3,434827.6
TUP,2019-02-08,3,277273.96
TUP,2021-03-15,5,1179318.48
TUP,2022-06-14,7,2154640.0
TURN,2020-05-22,4,211850.0
TURN,2020-12-23,4,250522.1
TURN,2021-03-23,5,343369.47
TURN,2021-08-26,4,223172.4
TURN,2021-12-02,4,294113.65
TURN,2022-09-20,4,204424.2
TURN,2022-12-20,4,226536.18
TURN,2023-05-25,3,200962.83
TUSK,2022-06-21,3,456088.69999999995
TUX,2006-03-21,4,389928.0
TUX,2008-10-01,4,10144486.0
TVTY,2019-03-22,6,606174.14
TVTY,2020-02-28,8,710525.5
TW,2019-04-08,8,2389500.0
TWC,2007-05-15,3,655238.0
TWC,2007-12-06,3,273846.0
TWFG,2024-07-19,9,17406929.0
TWI,2007-03-20,3,10599303.0
TWI,2015-11-16,3,678170.0
TWMC,2007-08-28,3,436941.78
TWMC,2008-05-14,3,656424.8500000001
TWMC,2008-08-12,3,372617.66000000003
TWNK,2018-08-15,3,339341.25
TWO,2010-05-20,4,208502.7
TWO,2010-08-20,3,241418.65
TWO,2010-11-18,4,244832.48
TWO,2011-02-18,3,466750.0
TWO,2011-06-02,4,408142.0
TWO,2011-11-10,3,228985.0
TWO,2012-02-15,4,664774.0
TWO,2012-05-18,5,337056.0
TWO,2012-11-20,4,448750.0
TWO,2013-02-21,3,354364.0
TWO,2017-11-20,3,279780.0
TWOA,2023-01-04,4,25150000.0
TWOU,2019-08-12,4,2822090.06
TWOU,2022-02-15,3,1692211.8
TWP,2008-03-07,3,521122.0
TWPG,2008-02-27,3,669622.0
TWTR,2015-08-10,4,1524443.8900000001
TWW,2007-02-16,3,952094441100.0
TXCC,2006-05-16,3,2426460.4
TXCC,2010-02-26,3,532247.0
TXCC,2011-03-15,3,1050631.22
TXCC,2012-05-10,6,333580.5
TXCO,2007-03-15,4,301165.0
TXCO,2007-12-11,3,320535.0
TXCO,2008-05-29,4,477212.5
TXCO,2008-08-28,3,202581.0
TXI,2010-08-18,3,58528547.33
TXI,2011-12-12,3,20688042.830000002
TXI,2012-04-13,3,11458490.030000001
TXMD,2015-05-13,3,312890.0
TXMD,2019-08-14,5,256416.72
TXMD,2020-06-10,4,275091.0
TXMD,2021-08-19,4,799153.75
TXO,2023-11-14,6,8901448.0
TXO,2025-01-02,3,2174170.0
TXO,2025-05-15,4,44595540.0
TXT,2008-08-06,3,643320.0
TXTR,2013-06-24,3,7850025.0
TXTR,2014-12-08,9,714795.45
TY,2013-03-28,3,345960.8
TY,2015-03-19,3,350747.61
TY,2017-02-10,3,363107.7
TYCB,2006-08-23,3,973250.0
TYCB,2011-08-25,6,233658.0
TYG,2006-08-15,5,268063.43279999995
TYG,2014-10-31,3,7619556.04
TYG,2018-11-09,3,9012440.4
TYG,2022-02-15,10,1795148.3
TYL,2007-04-03,3,224263.6
TYL,2007-09-13,3,1175292.0
TYL,2009-11-04,4,282726.54000000004
TYL,2010-05-20,3,3915180.9299999997
TYL,2011-11-01,5,397063.64
TYRA,2021-09-17,4,35000000.0
TYRA,2025-06-16,3,15320005.67
TYW,2010-06-08,3,461590.0
TZACU,2018-08-24,3,9300000.0
TZOO,2008-03-05,4,238600.0
TZOO,2008-06-13,4,2039422.48
TZOO,2008-09-15,5,1247490.2999999998
TZOO,2008-12-16,5,4402455.57
TZOO,2010-08-17,3,1614065.03
TZOO,2015-07-07,3,6534000.0
TZYM,2011-04-06,4,12000000.0
TZYM,2012-03-14,3,3477720.27
UA,2008-01-23,3,6746996.29
UA,2025-08-19,3,1023000.05
UAHC,2010-03-22,3,1124616.01
UAL,2012-08-13,6,2226735.0
UAL,2016-04-25,3,199503594.0
UAN,2011-04-13,7,5094000.0
UAN,2024-11-18,3,6790903.32
UAN,2025-04-01,3,2455554.9000000004
UBCP,2009-11-03,4,1046871.22
UBCP,2026-05-28,9,201301.18999999997
UBET,2008-05-15,3,625397.63
UBFO,2006-01-30,4,203180.56
UBFO,2006-07-21,3,333037.69
UBFO,2007-01-24,3,231493.46000000002
UBFO,2007-05-16,7,204078.5
UBFO,2007-11-07,3,721506.73
UBFO,2008-11-14,3,244546.30000000002
UBFO,2012-10-22,8,371239.12
UBFO,2023-09-21,3,270381.0
UBI,2008-04-30,4,16193077298763.602
UBI,2014-05-14,3,1517208500.0
UBI,2017-12-29,3,2120724.5399999996
UBI,2018-05-11,3,221773.64
UBMI,2010-12-21,11,606100.0
UBMI.OB,2007-02-01,13,588196.461
UBMI.OB,2007-06-04,3,422881.25
UBNK,2007-12-05,13,366000.0
UBSH,2006-02-15,5,227986.59
UBSH,2006-06-26,5,212453.66
UBSH,2007-02-08,6,234119.15
UBSI,2009-02-18,3,376564.0
UBSI,2012-03-06,3,551495.0
UBSI,2016-02-08,3,714714.92
UBSI,2017-08-15,5,468588.81
UBSI,2023-05-26,5,437460.0
UCBA,2006-03-31,17,4829080.0
UCBA,2013-01-11,9,207864.0
UCBH,2008-03-10,4,312518.65
UCBH,2008-06-09,8,261840.5197
UCBH,2009-02-24,3,206382.0
UCBI,2007-05-02,4,691152.3968000001
UCBI,2007-07-31,3,1276248.176
UCBI,2007-12-27,4,976644.3700000001
UCBI,2008-06-03,4,376001.97849999997
UCBI,2010-11-18,6,220626.5
UCBI,2015-05-27,3,285980.8
UCFC,2014-05-12,3,268796.55000000005
UCFC,2015-08-04,3,229839.0
UCLP,2006-10-20,7,5265120.0
UCTT,2015-04-29,3,232250.0
UCTT,2025-03-11,5,543290.0
UDRY,2010-10-12,6,347941.44
UDW,2007-09-05,6,280000.0
UEC,2023-03-24,3,367185.0
UEIC,2023-12-06,3,1590798.9900000002
UEPS,2018-09-24,3,336880.79
UEPS,2020-09-24,3,324519.44
UEPS,2021-02-17,4,501568.18999999994
UEPS,2021-12-16,4,2329196.01
UEPS,2022-03-31,3,3318268.95
UFAB,2019-08-19,3,220964.0
UFAB,2021-09-23,5,498773.25
UFCS,2011-09-01,10,248836.89999999997
UFCS,2013-02-04,7,475759.19
UFCS,2023-05-30,4,271925.0
UFI,2007-08-27,3,255750.0
UFI,2008-02-19,3,2781219.0
UFI,2009-02-18,3,1148763.0
UFI,2009-12-10,3,347171.16000000003
UFI,2018-11-08,3,1260887.1400000001
UFI,2019-02-07,3,1059500.0
UFI,2019-09-05,3,3575292.18
UFI,2020-02-06,3,1941023.0
UFI,2020-05-08,3,647439.1
UFI,2022-05-19,3,890355.0
UFI,2022-11-21,3,1111393.82
UFI,2023-08-30,3,656225.0
UFS,2007-12-05,4,515430.0
UGI,2007-08-17,3,200350.0
UGI,2013-09-10,3,261973.3
UGI,2020-08-10,3,581667.85
UGRO,2023-05-18,3,426312.2
UHAL,2008-02-29,4,222198.0
UHAL,2009-01-06,3,1144086.0
UHAL,2017-05-30,4,2822960.0
UHAL,2020-02-12,3,3130380.0
UHAL,2020-12-16,3,6428228.399999999
UHAL,2021-06-16,3,135417922.10999998
UHAL UHALB,2023-03-27,3,4213827.0
"UHAL,UHALB",2022-11-18,3,97339019.57999998
UHG,2023-12-11,3,227343.16
UHG,2024-06-11,4,12903230.0
UHG,2024-12-13,4,4840550.0
UHG,2025-05-27,4,1167858.62
UIHC,2011-09-30,3,220182.0
UIHC,2012-09-05,6,213707.8
UIHC,2012-12-13,9,5052983.360000001
UIHC,2013-08-26,3,486950.0
UIHC,2014-03-03,3,425419.25
UIHC,2014-08-04,3,1613207.48
UIHC,2015-03-10,5,955237.0700000001
UIHC,2015-08-28,4,388408.43999999994
UIHC,2017-02-27,3,982899.11
UIHC,2019-02-26,3,263081.0
UIHC,2019-08-07,4,201846.0
UIHC,2020-03-10,6,263683.86
UIHC,2020-12-23,5,268250.3041
UIHC,2021-03-29,3,244392.0
UIHC,2021-09-21,3,265841.2
UIHC,2022-05-16,3,230890.76
UIHC,2022-12-20,4,277278.77
UIS,2008-02-04,8,560431.0
UIS,2008-11-12,3,254677.0
ULBI,2009-05-14,3,636558.02
ULBI,2009-11-04,4,917438.3300000001
ULBI,2011-05-11,4,411683.0
ULBI,2022-12-15,3,297248.52
ULBI,2025-05-15,4,213503.21000000002
ULBI,2025-11-26,3,287735.5
ULGX,2012-07-02,3,315000.0
ULS,2024-04-18,22,16538732.0
ULTA,2014-09-23,3,2714979.0
ULTI,2008-11-03,4,902077.87
UMAC,2024-10-31,3,249998.96
UMBF,2011-02-10,3,302114.1346
UMBF,2011-08-22,3,206493.236
UMBF,2023-03-14,3,303907.0
UMH,2010-03-31,3,272455.465
UMH,2011-06-08,3,5119999.98
UMH,2012-02-23,3,1043186.0
UMH,2015-11-05,3,2624639.63
UMH,2016-11-14,3,463019.3421
UMH,2018-11-16,4,212085.6178
UMH,2020-03-26,6,330369.03
UMPQ,2007-08-06,3,216250.2
UMPQ,2008-02-13,11,218656.2
UMRX,2018-04-03,3,8857248.0
UNASSIGNED,2007-03-16,4,231388.5
UNASSIGNED,2007-08-09,3,327981.0
UNCA,2006-08-11,3,2710958.0
UNCL,2007-11-26,3,4237419.6000000015
UNH,2025-05-16,5,31607768.4
UNIS,2011-03-21,3,763798.8400000001
UNIT,2017-08-22,3,272256.0
UNNF,2008-05-30,4,408500.0
UNS,2010-03-03,5,233748.76
UNT,2015-08-18,3,513540.0
UNTK,2012-12-21,6,356493.6
UNTY,2007-12-03,4,207374.47
UNTY,2012-12-07,3,318600.0
UNTY,2014-09-02,9,4664624.8999999985
UNTY,2020-04-30,3,614563.3
UNTY,2023-05-03,3,911987.5
UNVR,2015-06-25,6,1232000.0
UNVR,2018-11-09,4,426695.0
UNVR,2019-08-08,5,455565.92
UPB,2024-10-17,3,48025000.0
UPFC,2008-08-15,3,394555.22
UPFC,2009-02-12,4,223625.48
UPIP,2014-03-26,3,349250.0
UPLD,2014-11-14,5,6923076.0
UPS,2025-08-26,3,1477381.94
UPXI,2025-04-25,3,2150003.52
UPXI,2025-07-30,3,997768.8400000001
URBF,2014-05-05,4,655990.54
URBF,2014-10-02,3,250500.0
URG,2014-06-02,3,228165.0
URI,2016-02-04,3,362420.0
URI,2019-08-20,3,842073.24
URNZ,2006-03-22,3,221334.0
UROV,2018-10-03,8,299999952.0
UROV,2019-05-20,8,1222332.22
URZ,2008-04-17,3,611050.0
USAK,2013-11-14,3,2524053.63
USAK,2017-02-09,4,398926.8
USAK,2017-05-12,4,223715.0
USAK,2019-05-03,6,390424.5
USAK,2019-08-01,4,207071.62
USAP,2013-03-15,3,1768194.61
USAP,2016-02-03,10,500003.81
USB,2008-07-17,5,2697200.0
USB,2009-02-17,3,515700.0
USB,2023-05-05,3,1948688.3
USBE,2006-12-19,8,525800.0
USCB,2024-03-12,3,384045.4
USCR,2013-06-20,3,3167888.25
USCR,2018-09-05,4,289277.5
USCR,2018-12-18,3,1859396.82
USCR,2019-12-17,3,1622116.28
USCR,2020-03-16,3,960579.0
USDP,2014-10-17,9,4423400.0
USDP,2015-12-17,3,551368.8099999999
USEL,2014-09-09,4,261575.66999999998
USER,2022-02-11,3,12764169.45
USFD,2022-03-16,3,1726752.0
USG,2006-08-10,3,346906771.0
USG,2007-09-12,3,19616605.85
USGO,2023-04-21,4,2223375.2800000003
USIO,2020-12-18,3,1444050.66
USMO,2011-03-16,5,224021.65
USNA,2007-08-14,3,1094215.0
USPH,2008-03-13,3,452800.0
USPH,2022-09-07,3,260861.0
USPR,2008-06-05,3,307990.0
USQIX,2017-11-01,4,216649.97250000003
USQIX,2019-03-25,5,1016500.2192
USS,2006-08-09,6,2923288.2800000003
USS,2007-11-30,3,405372.25
UST,2006-03-03,3,699289.5
USX,2018-07-02,3,28190527.2
USX,2018-11-14,3,201750.0
USX,2019-09-03,3,204669.44
USX,2019-12-02,4,257013.3
USX,2020-06-02,3,407531.10000000003
USX,2020-10-29,3,222574.56
USX,2022-02-16,3,248277.6
USX,2022-05-18,3,1065410.94
UTG,2012-08-20,8,264262.66
UTG,2015-12-29,6,222387.3
UTG,2017-10-13,5,331953.63
UTGN,2007-02-23,7,216493.5
UTGN,2019-03-28,3,825067.5000000002
UTGN.OB,2009-01-06,3,3297987.25
UTI,2016-01-11,3,4201915.24
UTR,2007-08-14,3,6357375.0
UTR,2008-02-25,4,291913.0
UTR,2008-09-09,6,1030905.0
UTZ,2021-08-18,3,213775.02
UTZ,2022-03-08,8,749518.73
UTZ,2023-11-21,3,316973.73
UTZ,2025-05-05,4,354344.14
UTZ,2025-11-04,6,1475072.94
UUUU,2024-05-07,11,211435.5
UVE,2015-11-27,3,489360.5
UVE,2019-11-12,3,686471.02
UVE,2020-10-29,3,240403.5
UVE,2022-09-29,4,216063.0
UVIC,2010-04-29,3,689642.52
UVIC,2010-09-08,3,509447.55000000005
UVIH,2006-06-13,5,212629.46
UVSP,2012-02-13,4,311452.75
UVSP,2013-02-08,5,208306.084
UVSP,2014-02-07,6,285353.39999999997
UVSP,2020-03-12,3,213405.28
UWBK,2007-08-16,4,431592.0
UWBK,2008-04-04,5,308050.80000000005
UWKI.OB,2007-11-09,3,12016125000.0
UXG,2009-01-13,3,718760.0
UXG,2009-05-21,5,16087400.0
UXG,2011-02-25,4,39760500.0
V,2008-03-25,20,20882796.0
VABK,2014-09-10,3,855478.5
VABK,2015-09-02,3,214012.5
VABK,2019-02-05,3,345426.5
VAC,2018-11-30,3,1156757.7
VAC,2025-03-06,3,523127.4
VAC,2025-11-14,4,1710010.0
VACC,2021-05-06,8,12371875.0
VANI,2023-09-22,3,208129.13
VAPO,2019-08-06,3,792600.0
VAPO,2022-06-02,5,222990.14
VAPO,2022-11-29,5,843788.5
VAXX,2021-11-15,3,489550.0
VAXX,2022-04-28,3,320278.11
VBFC,2015-03-31,15,1112665.27
VBFC,2020-12-16,5,297125.83999999997
VBIV,2017-10-31,3,19825000.0
VBIV,2019-06-19,3,731040.0
VBIV,2019-09-30,3,15075000.0
VBTX,2019-04-25,3,217463.16
VBTX,2020-03-18,4,264543.51
VBTX,2020-11-03,3,257676.17
VBTX,2022-03-09,3,1524978.0
VC,2007-12-18,4,591187.0
VC,2008-08-12,3,210321.05
VC,2012-12-06,3,422024.77
VC,2018-10-31,3,687077.0
VCBI,2007-01-08,3,212931.8
VCBI,2007-07-31,3,284860.0
VCBI,2008-04-28,3,271050.0
VCLK,2008-07-23,4,1111585.0
VCLK,2010-05-18,3,6116102.56
VCMIX,2019-05-30,3,2002971.37
VCNX,2019-07-31,3,8254198.2
VCNX,2020-01-27,3,5699990.69
VCNX,2022-01-31,3,6099997.23
VCRA,2012-04-04,4,342000.0
VCRDX,2024-06-27,3,26499970.064
VCRRX,2019-05-30,3,2002977.74
VCST.OB,2010-04-30,3,211259.34
VCST.OB,2012-02-02,6,556983.6799999999
VCTR,2018-02-12,3,4623315.0
VCTR,2021-11-23,3,1777978.9
VEC,2018-05-15,3,257355.0
VEC,2018-12-10,7,297490.3
VEC,2022-05-24,6,222004.0
VECO,2017-12-18,4,877472.0
VECO,2018-08-10,3,335740.0
VECO,2022-05-17,3,259450.0
VEH,2006-07-20,5,10810800.0
VEH,2006-12-22,4,102669056.0
VEI,2021-03-24,5,284952500.0
VER,2015-08-27,3,1381506.0
VER,2017-05-16,3,442020.0
VERA,2021-05-18,6,53214607.12
VERA,2023-02-08,5,26139981.0
VERI,2019-06-18,3,915167.9400000001
VERI,2020-06-17,3,739537.34
VERO,2021-06-16,3,278200.0
VERO,2021-12-17,7,14039960.0
VERO,2022-11-22,4,363200.0
VERU,2017-09-18,3,234506.64
VERV,2021-06-22,7,41771500.0
VERX,2026-02-25,3,6367139.2
VERY,2019-08-07,8,16604880.0
VETS,2009-04-07,3,391023.2
VEXP,2007-06-29,5,541179.7000000002
VFC,2022-12-15,3,1030580.0
VFC,2024-02-27,3,1514941.1600000001
VFC,2025-05-27,3,2198403.2
VFLEX,2021-05-14,5,2276029.77
VG,2006-08-29,3,3359384.6
VG,2025-03-13,3,19505062.84
VGR,2006-01-31,3,9297750.0
VGR,2010-01-05,4,445764.5
VGR,2011-11-23,3,109768740.62
VHI,2008-11-03,3,250037.0
VHI,2011-04-20,3,548813.75
VHI,2011-07-26,4,3996021.8499999996
VHI,2011-10-25,4,9893136.28
VHTI,2007-06-11,3,345000.0
VIA,2026-06-16,3,487275.02
"VIA, VIAB",2006-03-06,3,1148416.4300000002
"VIA, VIAB",2006-09-13,4,9815738.16
"VIACA,VIAC",2020-02-24,3,1269880.0
VICI,2018-02-05,8,2229000.0
VICI,2020-03-03,4,1512035.62
VICL,2012-01-18,4,10315851.25
VICL,2013-01-15,4,1704409.34
VICL,2014-01-14,4,823600.0
VIDA,2026-05-18,5,4466523.0
VIDE,2006-02-28,3,266234.24
VIDE,2006-07-12,3,363385.3
VIDE,2008-09-11,3,201917.0
VIE,2019-10-09,3,23275000.0
VIGL,2022-01-11,6,70560000.0
VII,2017-11-09,3,3006000.0
VINC,2021-06-30,6,381172.6
VION,2007-03-14,5,216769.0
VIR,2019-10-18,7,139000000.0
VIRL,2007-05-22,3,529800.0
VIRL,2007-09-05,3,255074.0
VIRT,2016-12-15,3,2020834.63
VIRT,2017-04-07,3,2855324.58
VISI,2014-12-29,3,338895.03
VISI,2015-07-02,4,376307.74
VISI,2019-01-17,7,218463.74
VISL,2025-02-25,4,213033.06
VITL,2026-05-18,6,231468.12
VIVE,2016-06-21,4,2037500.0
VIVE,2017-03-21,4,8550000.0
VIVMF,2015-05-14,6,3339999.62
VIVMF,2015-11-25,4,3200998.5999999996
VIVO,2019-05-20,3,343650.0
VIVO,2020-03-13,4,324350.0
VKTX,2018-05-31,4,540147.3
VLCM,2006-08-02,4,278028.59
VLCY.PK,2008-12-03,3,1259295.5
VLCY.PK,2009-12-02,3,252420.0
VLDR,2022-03-09,3,209400.0
VLNC,2007-10-01,3,1033782.26
VLRX,2017-03-30,6,40169000.0
VLRX,2018-11-28,4,290400.0
VLY,2007-11-29,5,216084.97999999998
VLY,2010-01-29,3,859609.3
VLY,2012-11-16,9,218254.0
VLY,2015-06-23,3,268500.0
VLY,2020-03-13,4,2522676.0
VLY,2023-03-14,5,750724.0
VM,2007-11-26,4,240047.0
VM,2008-12-23,4,916259.5
VMED,2008-12-09,4,209345.0
VMEM,2014-09-29,3,666289.0
VMEM,2015-03-12,5,562153.0
VMEM,2015-09-10,4,282880.0
VMEO,2024-08-09,3,265009.41
VMEO,2025-02-24,4,353144.12
VMO,2016-07-26,3,385879.5
VNBC,2007-08-20,3,255843.0
VNCE,2015-03-25,5,14644867.16
VNCE,2016-04-25,4,4304586.0
VNCE,2017-09-12,6,32096244.6
VNE,2018-09-10,3,2703736.76
VNOM,2014-08-25,6,3965000.0
VNOM,2017-07-25,8,11474816.75
VNR,2007-10-31,3,237500.0
VNR,2008-09-08,3,266280.0
VNR,2009-09-01,4,1308740.0
VNR,2015-03-25,3,962466.48
VNRX,2014-09-29,3,182058664.8
VNRX,2022-08-30,4,697295.0
VNRX,2022-12-20,4,228811.94
VNRX,2024-12-10,4,254019.36
VNTR,2019-08-12,3,294200.0
VOCS,2012-05-07,3,1223610.0
VOCS,2013-05-08,3,1350438.09
VOR,2021-02-09,3,73632168.0
VOXW,2009-07-02,3,2999998.75
VOXX,2011-08-01,3,204520.0
VOXX,2022-06-02,3,1108802.3
VOXX,2022-09-20,3,1014632.23
VOYA,2013-05-07,12,859950.0
VOYA,2015-08-24,3,223230.0
VOYA,2017-06-06,3,573394.16
VPCO.OB,2013-10-31,5,697275.24
VPF,2010-08-19,3,209324.0
VPFG,2006-09-29,12,1760000.0
VPFG,2010-07-08,11,323000.0
VPFG,2013-02-14,5,209760.0
VPHM,2007-08-17,4,334878.27
VPHM,2008-01-10,3,2224113.1
VPHM,2009-03-13,5,306690.68000000005
VPHM,2010-05-04,3,51472286.0
VPHM,2011-08-25,3,4802558.55
VPHM,2011-12-16,3,9554229.0
VPRT,2011-08-23,3,2214910.9299999997
VQ,2006-11-27,5,272000.0
VQ,2008-12-09,4,2160599.0
VQ,2009-03-09,3,3377520.01
VR,2008-02-14,3,376628.77
VR,2008-06-30,3,1316428.0
VR,2008-12-10,3,4829323.0
VRA,2012-04-02,4,407470.0
VRAY,2016-08-24,4,7948946.1
VRAY,2017-01-20,5,3422109.44
VRAY,2022-05-12,7,4835873.58
VRAZ,2008-08-18,3,257788.68
VRCA,2018-08-15,6,20170140.0
VRCA,2019-01-17,3,658787.16
VRCA,2020-08-17,4,1337695.58
VRCA,2022-07-05,6,13611994.200000001
VRCA,2025-11-25,5,17962107.04
VRDN,2024-09-30,3,30616312.0
VREO,2025-03-21,3,20311028.58
VREX,2018-08-17,3,578774.0
VRM,2025-06-12,3,399484.21
VRML,2014-12-29,6,3421546.5599999996
VRML,2015-07-21,3,3003512.01
VRML,2017-02-15,8,4157449.8
VRML,2019-07-02,3,7830000.0
VRNM,2010-08-24,4,229136.0
VRNM,2011-08-22,5,212167.5
VRNS,2022-11-07,4,1630344.4300000002
VRNS,2026-02-10,4,1178309.85
VRRM,2020-03-16,4,297058.60000000003
VRS,2020-11-18,3,251840.0
VRSK,2025-11-03,3,314662.5
VRSK,2026-02-24,3,449280.0
VRTB,2006-08-16,3,16352876.0
VRTB,2007-08-28,3,245597.31
VRTS,2010-11-12,3,648193.0
VRTV,2014-12-23,7,637137.9
VRTV,2017-05-12,4,708431.0
VRTV,2017-11-17,3,708300.0
VRUS,2007-05-04,7,14999967.0
VRX,2006-08-07,3,23513364.0
VRX,2008-07-08,3,4374978.78
VRX,2009-03-09,3,268766.6
VRX,2009-06-09,8,62593141.650000006
VRX,2009-09-08,3,439673.28
VRX,2011-06-13,3,1004840.0
VRX,2011-09-14,4,6487306.04
VRX,2012-05-14,3,21889650.0
VRX,2012-11-08,3,1138218.2
VRX,2013-08-23,3,1304132.6
VRX,2014-12-03,3,30255045.0
VRX,2015-06-16,3,5020004.0
VRX,2017-03-16,3,32830280.0
VRX,2018-03-13,4,109702486.6
VSAR,2014-03-27,4,5040000.0
VSAR,2015-01-27,3,2941125.0
VSAR,2017-01-04,3,3111597.33
VSAT,2012-10-15,3,25689194.879999995
VSB,2014-01-31,5,1521262.1800000002
VSB,2014-05-06,6,1733262.18
VSCP,2008-10-07,5,510729.1
VSE,2006-06-16,10,3133790.0
VSE,2007-06-04,3,738965.0
VSEC,2011-08-22,7,1296171.9100000001
VSEC,2012-05-18,3,258970.03999999998
VSEC,2020-03-19,3,210282.0
VSF,2006-03-22,4,1750000.0
VSH,2025-05-13,7,413290.3
VSI,2018-02-02,3,5979460.0
VSM,2016-12-06,3,789440.0
VSM,2018-11-13,4,1088177.0
VSNT,2026-03-10,3,5679039.0
VST,2017-12-14,3,392568.0
VST,2019-06-17,3,939689.5
VST,2020-03-04,3,707780.5
VST,2020-09-21,3,8041782.88
VST,2020-12-23,3,718770.0
VST,2021-05-10,5,3220093.4
VST,2022-06-17,3,1624002.5
VSTH,2006-02-06,4,1999998.0
VSTM,2012-02-03,5,8000000.0
VSTM,2013-05-03,3,307813.0
VSTM,2014-12-24,6,205144.0
VSTM,2018-10-02,6,218269.0
VSTNQ,2010-05-19,3,1872950.0
VSTO,2017-02-15,3,616700.0
VSTO,2017-12-06,3,235640.0
VSTO,2018-05-10,4,724152.3
VSTO,2021-12-03,3,373110.0
VSTS,2024-05-08,3,35624469.64
VSTS,2025-05-12,5,6759664.110000001
VSTS,2025-12-17,3,7965801.659999999
VSUL-OB,2010-03-05,5,220606.25
VSYS,2015-01-07,3,250238.8
VTAE,2014-10-01,5,24539576.0
VTG,2011-06-23,4,1806499.0
VTG&VTG.WS,2009-06-09,6,4638548.6
VTIV,2008-08-19,3,1349177.52
VTKT-OB,2007-10-19,3,700500.0
VTKT.OB,2008-05-14,3,2000000.2000000002
VTL,2014-04-23,7,4924872.0
VTL,2014-10-09,6,1547595.0
VTL,2015-10-29,3,2289017.6
VTL,2017-06-14,3,237128.0
VTL,2017-09-15,3,985548.0
VTS,2023-03-22,4,928894.28
VTS,2023-09-14,3,674940.0
VTSS,2012-12-13,7,5372786.24
VTSS,2013-06-25,8,8693740.0
VTVT,2015-08-05,4,26374990.0
VTYX,2021-10-27,3,20000000.0
VVI,2020-02-26,4,584074.7
VVIT,2008-05-09,3,5622828.6
VVTV,2007-08-29,5,1481687.46
VVTV,2009-03-19,7,248003.56000000003
VVTV,2009-06-18,5,608507.33
VVTV,2009-12-22,6,268210.94999999995
VVTV,2011-08-24,5,215288.91999999998
VVTV,2012-05-30,3,204375.0
VVTV,2012-09-13,4,200882.75
VVTV,2013-01-22,3,337218.75
VVUS,2016-03-31,3,1323448.0
VVV,2016-09-30,13,2284700.0
VVV,2023-08-31,3,601606.24
VVV,2026-05-18,3,450877.0
VVX,2022-09-14,5,30077434.7
VVX,2024-09-09,5,582960.0
VWE,2021-11-22,3,1325200.0
VWE,2022-11-18,3,221600.0
VWE,2023-12-15,4,218535.90000000002
VXGN,2007-11-15,4,904650.0
VXRT,2019-10-07,3,2546830.5000000005
VYFC,2007-05-09,3,204946.03999999998
VYFC,2007-10-02,23,1920807.0
VYFC,2008-08-06,3,262857.06
VYGO.OB,2006-05-02,3,894489.05
VYST,2014-11-06,4,200000.0
VYX,2024-08-15,3,490025.48
WAAS,2016-10-13,3,1585980.0
WAAS,2020-04-01,3,2599288722.3
WAB,2019-05-24,3,1349650.0
WAC,2009-05-06,4,388896.6
WAC,2009-12-01,3,274222.56000000006
WAC,2010-05-12,3,248676.5029
WAC,2016-05-11,3,239218.15
WAFD,2015-02-05,3,385725.0
WAFD,2020-03-11,3,461404.0
WAFD,2023-05-12,3,585505.88
WAIR,2016-02-17,3,4787009.03
WAIR,2017-08-21,3,4357735.45
WAL,2006-05-09,3,3861823.0
WAL,2006-10-25,3,3860538.0
WAL,2007-05-22,3,3963865.0
WAL,2007-08-22,10,6427591.0
WAL,2008-06-30,12,8544583.36
WAL,2009-11-16,3,748060.0
WAL,2011-06-15,3,240175.0
WAL,2020-03-12,3,578550.0
WASH,2026-04-28,3,1147321.02
WAUW,2006-03-10,3,884014.3999999999
WAUW,2006-06-13,4,732534.94
WB,2007-08-30,3,9195990.0
WB,2008-03-03,3,2177091.05
WBA,2017-10-30,3,1531983.0
WBB,2013-04-10,12,1546940.0
WBB,2016-09-21,3,209917.64
WBCO,2006-11-06,3,342443.65
WBD,2022-04-28,4,2625591.7800000003
WBD,2022-08-11,3,1288093.4
WBI,2026-01-07,4,263841.53
WBMD,2006-03-07,3,1033438.0
WBMD,2008-03-13,3,1774081.14
WBNK,2010-08-31,10,799385.0
WBNK,2011-02-09,3,204652.7667
WBS,2009-03-04,3,467669.88
WBS,2020-05-14,4,661522.0
WBSN,2008-03-14,4,499113.91000000003
WBT,2018-11-28,3,522897.46
WBT,2020-03-11,3,342009.63
WBTN,2024-08-20,3,814324.91
WCBO,2008-01-28,3,246901.5
WCBO,2008-04-28,5,325892.68
WCC,2007-12-31,3,2409533.0
WCC,2008-10-30,3,236597.0
WD,2010-12-22,4,540170.0
WD,2026-03-06,3,744130.0
WDFC,2023-04-14,4,267366.44
WDFC,2024-05-10,3,226909.83
WDFC,2025-10-29,4,323053.82
WEAV,2021-11-15,3,9689671.14
WEBK,2012-01-26,11,2498290.0
WEDC,2010-02-02,3,4571817.699999999
WEN,2008-12-09,5,1024954425.5
WEN,2012-02-03,6,63023750.0
WEN,2016-12-06,7,335241396.55999994
WES,2008-05-14,9,3133350.0
WES,2009-12-09,3,2374008.0
WES,2010-05-21,4,1467165.0
WES,2010-11-16,5,2730948.0
WES,2011-03-07,4,4965394.449999999
WES,2013-05-14,4,1749380.92
WES,2024-02-29,4,584777.0
WESFX,2018-02-16,3,287686.8324
WEST,2008-12-16,3,3348416.49
WEST,2023-03-20,3,867695.12
WEST,2023-08-30,3,50488083.400000006
WEST,2023-11-29,3,891432.75
WEST,2024-12-06,3,747651.45
WEST,2025-03-18,3,1910555.8
WEST,2025-11-12,3,570127.8200000001
WETF,2019-02-04,3,686285.0
WETF,2020-02-04,4,1042719.41
WFBC,2007-03-09,4,229423.5
WFBI,2013-02-06,7,1127728.7
WFBI,2015-06-15,5,200086.76
WFBI,2015-12-07,13,1933945.7
WFC,2009-02-19,3,963348.0
WFC,2017-05-05,3,5526821.8
WFC,2020-03-16,3,6008959.0
WFD,2007-01-05,16,1030000.0
WFR,2010-08-09,5,637154.8200000001
WFR,2011-08-09,9,1846464.6099999999
WFR,2012-12-06,3,7567979.84
WFSL,2007-02-01,5,235724.59
WFSL,2008-02-04,8,266616.1
WFT,2009-02-19,3,3367260.0
WFT,2012-11-15,3,418250.0
WG,2008-10-08,3,2241339.0
WG,2011-08-30,3,208900.0
WG,2014-12-18,4,311130.76
WGBS,2009-10-19,3,1158750.0
WGBS,2010-07-09,5,1518001.2
WGNB,2006-05-30,5,592000.0
WGNB,2007-10-31,10,471500.0
WGO,2017-04-12,4,240448.06
WGO,2020-04-13,3,208581.4
WGOV,2009-03-06,5,222771.0
WGP,2012-12-10,9,11451000.0
WGS,2023-02-02,3,44999999.45
WGS,2026-06-08,3,93141723.81
WH,2019-08-19,3,1102840.0
WHF,2012-12-10,6,5523280.0
WHF,2014-11-17,3,316251.5
WHF,2015-11-12,3,2515091.2999999993
WHF,2020-03-10,3,1100401.0
WHF,2025-11-20,3,298694.0
WHF,2026-03-24,3,397578.03
WHG,2006-02-21,4,225988.0
WHG,2006-08-02,3,648402.0
WHG,2021-11-05,3,315779.5
WHI,2006-08-09,3,266600.0
WHLR,2013-12-02,5,1521151.0
WHLR,2020-06-04,4,357894.1
WHLR,2020-09-18,5,257065.11000000002
WHLRD,2024-12-16,3,1771512.3900000001
WHR,2006-08-17,3,330155.0
WHR,2007-11-13,3,1112985.0
WHR,2011-08-30,3,438630.0
WHRT,2010-01-28,5,10000012.5
WHRT,2010-10-21,4,19482223.77
WIA,2008-07-15,3,10290945.07
WIA,2014-04-21,3,603890.62
WIA,2014-12-17,3,6316655.0
WIA,2015-04-06,3,1598974.0
WIBC,2008-02-26,7,352170.99
WIBC,2009-12-02,3,257735.36
WIBC,2011-05-19,12,4198975.0
WIN,2011-06-07,3,292298.4
WIN,2012-05-11,6,851840.0
WIN,2013-04-01,4,410270.0
WIN,2015-07-01,3,374900.0
WIN,2017-08-10,3,201290.0
WINA,2007-03-01,3,200737.7
WINA,2007-06-13,3,494337.62999999995
WINA,2008-10-17,4,935305.0
WINA,2009-06-04,3,349678.26
WINA,2011-01-19,3,311196.0
WING,2015-06-17,5,729600.0
WINT,2019-12-10,3,14999998.74
WINT,2020-05-27,10,2115376.0
WINT,2021-04-02,4,369785.0
WISH,2019-08-30,3,497953.54999999993
WIW,2014-04-18,3,931380.94
WIW,2014-12-11,3,1572132.0
WIW,2015-04-06,3,5757525.54
WIZP,2021-03-11,4,3000000.0
WKHS,2018-04-30,3,249997.92
WKHS,2022-03-29,3,363718.0
WKHS,2022-12-13,3,241118.8
WL,2007-08-10,3,459938.0
WL,2008-08-06,7,295755.0
WLB,2009-06-15,4,531747.5
WLDN,2007-12-12,3,264692.58999999997
WLDN,2010-09-01,3,205167.91999999998
WLFC,2007-12-28,3,608243.17
WLFC,2008-08-12,6,356810.9
WLFC,2009-02-11,5,208365.88
WLH,2015-12-14,3,634300.0
WLK,2006-03-22,3,584350.0
WLKP,2014-08-06,9,8340000.0
WLKP,2017-12-05,3,838360.91
WLKP,2018-03-05,3,218740.0
WLKP,2018-11-15,3,729640.25
WLKP,2020-03-17,4,294229.65
WLL,2007-03-09,3,404580.0
WLL,2011-08-05,3,239136.8
WLMS,2018-11-16,3,293543.0
WLMS,2020-05-26,3,474200.0
WLMS,2020-08-27,3,253256.0
WLMS,2021-12-06,3,387089.27
WLMS,2022-03-23,4,246680.24
WLT,2008-11-20,3,789245.0
WLT,2011-08-09,4,1143526.5
WLT,2012-08-09,3,426967.5
WLT,2013-05-07,7,686238.45
WLVT,2007-12-28,3,895729.56
WMB,2008-09-11,3,582920.0
WMB,2017-06-20,3,1076480.0
WMB,2018-11-02,4,993325.0
WMB,2019-08-08,3,706400.0
WMB,2020-03-10,6,1544340.0
WMB,2023-03-15,3,359869.0
WMC,2012-05-14,3,1590971.0
WMC,2012-12-05,3,717462.0
WMCO,2008-12-22,3,286013.3
WMGI,2009-03-06,3,246470.0
WMGI,2011-12-14,3,12030325.52
WMGI,2019-08-13,3,1708809.06
WMK,2009-03-12,4,203148.24
WMK,2017-11-08,4,347529.0
WMPN,2021-03-26,10,881745.0
WMPN,2021-08-25,5,200533.57
WMS,2011-08-10,3,1134708.0
WMS,2014-12-16,3,777776.0
WMS,2019-09-12,3,120993250.0
WMSI.PK,2008-10-09,3,216716.45
WMZ,2008-01-28,7,1082050.0
WNR,2006-01-23,3,306000.0
WNR,2006-09-05,3,1337653.1400000001
WNR,2009-06-10,4,4000005.0
WNR,2016-05-16,3,14543750.0
WNRL,2013-10-18,8,18216000.0
WNRL,2015-08-11,3,1387295.0
WNRL,2016-05-18,3,9999950.43
WNRL,2016-09-09,6,10528946.64
WOLF,2022-06-02,3,836541.9500000001
WOLF,2024-02-05,4,789297.65
WOLF,2024-11-21,4,816943.6799999999
WON,2008-06-30,4,297160.93000000005
WON,2008-10-03,3,750000.0
WOR,2015-01-16,5,1344050.0
WOW,2017-12-20,6,752093.6199999999
WOW,2018-03-22,3,10630473.700000001
WOW,2018-08-01,3,4945570.0
WOW,2019-03-19,3,3744605.19
WOW,2019-09-12,5,449524.33
WPC,2009-03-06,4,292332.0
WPC,2020-03-18,3,277723.15
WPF,2021-06-28,3,1197800.0
WPG,2015-06-23,3,1713650.0
WPG,2017-04-04,3,349149.23
WPG,2018-12-21,3,520526.31
WPP,2010-08-10,3,384860.0
WPP,2011-05-03,3,209560.0
WPP,2012-09-14,3,4434544.8
WPRT,2010-02-26,3,6830844.0
WPRT,2012-07-24,3,27246882.0
WPSC,2006-12-15,3,7854925.71
WPT,2013-08-13,5,6173210.999999999
WPT,2014-03-04,3,6178740.0
WPT,2015-12-11,3,988813.21
WPX,2014-06-10,3,575580.0
WPX,2014-12-10,3,490600.0
WPX,2015-07-20,11,1846593.1
WPX,2017-01-17,3,467250.0
WPX,2020-03-13,3,240325.0
WRAP,2022-11-17,4,232899.5
WRD,2017-05-22,4,3390926.18
WRES,2008-11-14,3,328925.05
WRES,2009-03-09,4,220996.0
WRES,2014-12-09,5,263949.61
WRI,2007-08-29,3,798708.0
WRI,2007-11-27,3,2486326.06
WRI,2008-11-07,3,921926.484
WRI,2009-03-06,5,1594292.0
WRS,2006-04-20,5,272320.0
WSB,2010-09-01,3,201359.5
WSBC,2007-07-31,6,222904.5
WSBC,2020-08-06,8,782000.0
WSBC,2023-05-09,3,696980.0
WSBC,2025-09-18,13,1440000.0
WSBC,2026-04-28,3,236504.0
WSC,2019-03-22,4,1315284.0
WSC,2024-11-18,3,707200.0
WSCC,2006-06-05,5,601216.0
WSFG,2006-12-21,9,790350.0
WSII,2006-04-06,3,811860.77
WSII,2008-03-26,3,51619301.06
WSII,2008-07-25,4,755234.41
WSII,2008-10-29,3,210142.07
WSII,2009-03-11,3,427188.66
WSIID,2006-07-18,3,2235420.0
WSMO,2008-07-25,3,483780.0
WSR,2010-08-31,6,438000.0
WSSI,2006-08-09,4,2312576.0
WSTC,2015-08-10,3,4972207.1
WSTG,2018-05-24,3,388791.36
WSTG,2020-11-25,5,252717.7
WSTG,2022-08-25,3,231575.99
WSZZ,2006-05-23,4,215500.0
WSZZ,2006-12-06,3,1430044.5
WTBA,2019-05-23,3,305612.02
WTBA,2020-02-28,4,225070.81
WTBA,2020-06-01,5,392762.85
WTBA,2023-05-25,4,226204.04
WTI,2011-11-23,5,249153.19999999998
WTI,2012-05-17,5,218916.3
WTI,2016-12-14,3,4036023.32
WTI,2017-09-15,3,2802683.8
WTI,2019-08-28,3,735670.71
WTI,2020-07-09,3,703577.2000000001
WTM,2008-03-13,3,1514963.0
WTM,2009-03-10,5,840201.58
WTNY,2006-11-09,3,434995.06999999995
WTNY,2007-07-30,3,1495313.8
WTNY,2007-11-16,3,703420.3200000001
WTNY,2008-08-06,3,320380.0
WTNY,2009-10-28,8,1176000.0
WTNY,2010-08-12,3,969480.0
WTR,2018-11-16,5,1465441.7483
WTRE,2019-05-08,4,652875.2499999999
WTRE,2019-08-06,6,2185067.4
WTRE,2020-02-14,3,285698.5
WTRH,2019-05-24,3,2076181.0
WTSLA,2012-09-21,4,337864.0
WTW,2014-08-19,3,15545265.980000002
WTW,2016-03-03,7,3345008.55
WU,2009-02-09,3,342190.0
WU,2012-11-13,3,498545.6
WULF,2022-04-13,3,9033422.68
WVE,2015-11-18,3,33220000.0
WW,2022-11-15,3,487447.49999999994
WW,2026-05-21,3,310820.0
WWAT,2007-06-29,4,3996900.0
WWAY,2010-05-25,6,209002.6
WWD,2016-02-05,3,258619.98
WWD,2022-08-31,3,3064221.0
WWR,2022-05-23,6,223571.78
WWVY,2007-12-27,9,202141.37999999995
WWW,2022-12-13,3,1152125.0
WWW,2025-03-03,3,931814.0
WWW,2025-11-10,3,524572.5
WWWW,2016-06-14,3,112480982.69999999
WXCO,2009-12-08,3,1056378.27
WXCO,2010-04-26,3,2126871.8200000003
WXS,2008-02-12,3,695452.65
WXS,2008-11-14,3,275012.0
WYN,2016-02-10,3,2362132.0
WYND,2020-04-07,3,321474.53
X,2015-02-06,3,1044899.09
X,2017-05-19,3,278415.0
X,2017-09-18,3,1133880.9000000001
XAIR,2019-11-14,4,565491.61
XAIR,2021-06-21,3,2015380.0
XAIR,2023-03-09,3,404930.0
XAN,2020-03-12,3,292925.86000000004
XBKS,2011-04-06,13,3471247.0
XCLIX,2019-03-15,3,1611000.0139
XCLIX,2023-03-20,9,379290.6848
XCO,2008-11-20,3,335076.51
XCO,2010-06-03,3,326411.6
XCO,2011-08-10,4,143205347.16
XCO,2011-11-09,3,209842.0
XCO,2012-06-20,3,26720083.560000002
XCOM,2015-11-18,10,17929675.0
XCPIX,2025-11-04,3,650000.095
XCR,2008-04-04,5,1095000.0
XCSIX,2020-11-02,5,14700000.0
XCUR,2017-09-28,3,1054995.0
XCUR,2019-08-06,3,2550000.0
XCUR,2020-03-16,3,399487.06
XE,2026-04-29,4,282900.0
XEC,2020-03-12,3,422460.0
XEL,2007-03-01,3,366982.6
XELA,2021-12-13,4,355176.8
XELB,2024-03-19,3,211250.0
XENE,2017-06-29,3,1890937.4100000001
XERS,2018-06-27,3,23500020.0
XERS,2019-02-22,3,5955000.0
XERS,2020-03-16,5,207482.55000000002
XERS,2021-11-12,3,675600.0
XFEYX,2017-06-23,3,1200000.0545
XFLT,2018-03-21,3,132471025.82
XFLT,2021-07-27,3,338245.68999999994
XGTI,2014-12-01,5,651295.2
XHFIX,2025-08-01,3,3100003.02
XHR,2015-11-24,3,316420.0
XHR,2017-03-08,3,636153.65
XHR,2020-03-09,3,236430.0
XIDE,2007-11-19,3,38648757.65
XIVYX,2024-03-21,3,1859999.9955
XL,2008-08-01,4,2589504.0
XL,2016-05-04,4,1173432.0
XLO,2021-10-26,4,20000000.0
XLS,2011-12-22,3,313880.0
XM,2021-12-08,3,32772455.689999998
XM,2022-03-09,3,23724563.960000005
XNAFX,2017-07-05,3,10500000.0876
XNL,2008-06-16,4,286003.81
XNPT,2014-05-27,5,230017.0
XOHO,2008-11-14,3,1991598000.0
XOM,2020-03-19,3,2507299.2888
XOMA,2018-11-21,3,1508223.68
XOMA,2020-03-23,3,2202361.4899999998
XOMA,2020-09-23,3,2300560.2600000002
XOMA,2025-04-07,3,910556.3300000001
XON,2013-08-15,5,31316800.0
XON,2014-05-13,7,1807946.17
XON,2016-12-14,3,1443621.4
XON,2017-08-14,5,2692743.02
XONE,2020-03-19,5,209061.09
XOS,2023-01-19,3,829876.2200000001
XPEPX,2017-11-02,3,510000.22320000007
XPER,2017-11-27,4,212627.0
XPER,2020-08-28,4,274500.38
XPER,2024-09-03,4,214138.0
XPL,2013-07-26,5,509598.6
XPMIX,2021-02-01,3,350000.0
XPMIX,2021-06-15,3,541766.77
XPO,2012-08-13,3,840625.0
XPOF,2021-09-17,3,423350.70999999996
XPOF,2023-08-15,3,694214.1
XRAY,2019-05-30,3,1274951.96
XRAY,2023-11-27,3,908400.0
XRAY,2026-06-15,4,450980.3304
XRIT,2006-08-07,3,286700.0
XRM,2011-08-16,4,15388671.6
XRM,2012-05-18,4,2031880.0
XRM,2012-08-31,4,2000828.4
XRN,2026-05-12,5,374815.98
XRX,2007-08-03,3,429470.0
XRX,2020-08-14,3,52612223.67
XRX,2021-11-03,3,17558155.86
XRX,2025-05-27,4,364254.0
XSIIX,2011-04-08,8,8438145.576599998
XSONF,2007-10-17,3,398244.26
XSPIX,2022-11-03,7,1675000.0
XTEX,2009-03-10,3,219641.65
XTEX,2010-05-24,3,4901094.0
XTEX,2010-12-01,5,3649640.0
XTLB,2008-01-11,3,25068900.0
XTLB,2008-04-16,4,20153249.0
XTLY,2015-07-01,3,6000800.0
XTNT,2018-02-26,3,20429690.4
XTXI,2007-08-23,3,1584500.0
XZO,2025-11-07,8,1869000.0
XZO,2026-03-24,3,284375.0
YAVY,2009-11-23,6,222751.3
YAVY,2011-05-09,5,1039493.25
YAYO,2020-06-09,3,991360.93
YAYO,2021-01-25,3,696142.8
YAYO,2022-03-10,3,882847.3
YCB,2015-12-04,3,387799.15
YCBD,2020-01-16,8,455000.0
YELL,2021-12-06,3,1082650.0
YELL,2022-05-16,4,399218.3
YEXT,2022-03-10,3,494095.0
YHOO,2012-06-01,4,26706976.0
YMAB,2018-09-26,3,15382784.0
YONG,2011-08-31,3,5875812.0600000005
YRCW,2012-09-04,5,202048.0
YRCW,2014-02-04,3,131999985.0
YSI,2006-06-14,3,942139.0
YSS,2026-02-03,3,25734974.0
YUII,2011-02-14,3,75304844.0
YUII,2011-06-14,3,298044.5
YUM,2006-08-04,3,603110.0
YUMA,2017-10-05,4,862754.0
YUMC,2024-08-15,3,390172.0
YUME,2015-12-09,3,2807040.54
Z,2011-07-27,8,5091980.0
ZAGG,2014-11-10,5,360982.39999999997
ZAZA,2012-12-14,4,518652.66
ZBB,2008-05-30,3,2345697.0
ZBB,2010-03-23,7,259997.49999999997
ZBB,2010-12-30,3,215199.8
ZBB,2011-06-14,7,217500.88
ZBB,2011-09-22,6,210314.22999999998
ZBB,2011-12-22,7,982116.1799999999
ZBB,2012-06-15,6,636858.7199999999
ZBB,2014-10-14,4,249366.0
ZBH,2019-02-06,4,1286306.45
ZBH,2023-08-29,3,382574.14
ZBIO,2024-09-16,4,65579982.0
ZBIO,2025-10-09,3,12778140.8
ZBIO,2026-02-13,3,2108128.1
ZBRA,2015-12-16,3,648177.2
ZBRA,2023-08-07,3,1508453.0
ZD,2023-06-02,4,814890.37
ZD,2025-03-06,7,774003.8799999999
ZEN,2014-05-21,6,12589000.0
ZETA,2024-11-18,6,2644689.04
ZEUS,2011-08-11,6,239767.2
ZEUS,2012-05-14,3,231848.0
ZEUS,2013-03-01,3,441704.2
ZFC,2013-02-12,4,419595.0
ZFC,2013-09-05,7,877268.0
ZFC,2014-08-19,4,222403.5
ZGEN,2007-08-14,3,374120.0
ZGEN,2008-02-25,4,1889096.4800000002
ZGNX,2010-11-29,6,19946056.0
ZGNX,2011-09-20,9,56000000.0
ZGNX,2020-03-24,3,245530.0
ZGNX,2021-06-03,3,380668.88
ZHNE,2007-03-05,4,3316320.0
ZHNE,2007-07-31,4,1796496.0
ZHNE,2007-11-13,4,236374.64
ZHNE,2008-02-13,4,2900126.4
ZIGO,2009-09-01,3,791306.74
ZIMV,2023-03-14,3,512645.75
ZINC,2011-08-15,3,284800.0
ZINC,2015-09-08,3,1380323.82
ZION,2007-08-16,3,280999.7994
ZION,2008-02-20,4,459956.8934
ZION,2008-07-07,9,3770500.0
ZION,2009-02-10,5,1370440.0
ZION,2009-12-01,3,1914497.0
ZION,2010-06-14,7,13475000.0
ZION,2012-03-05,3,745780.0
ZION,2013-02-04,3,5450000.0
ZION,2013-08-12,4,3137000.0
ZION,2016-02-08,3,3868536.9400000004
ZION,2023-05-03,3,2046915.0
ZIOP,2009-12-11,3,1699041.78
ZIOP,2011-08-22,3,6341004.4799999995
ZIOP,2021-09-03,4,434085.19999999995
ZIPR,2006-10-04,3,1132328.25
ZIPR,2012-08-31,3,380774.08999999997
ZIVO,2021-06-04,3,575846.0
ZIVO,2025-10-20,3,799406.6099999999
ZIVO,2026-01-28,4,229976.40000000002
ZIXI,2006-02-17,5,2468004.56
ZIXI,2013-05-14,4,989128.0
ZLC,2008-01-14,5,77802706.52
ZLC,2008-12-01,8,6681220.0
ZLTQ,2012-08-09,3,7416800.0
ZMTP,2020-01-28,4,554983.4
ZMTP,2020-08-26,3,16742838.149999999
ZNRG,2019-10-07,3,3534000.0
ZNT,2007-08-03,3,266476.0
ZNTL,2020-11-25,3,382284.0
ZNTL,2025-02-12,4,223097.0
ZOES,2014-04-16,8,660960.0
ZOLT,2008-08-15,3,1304723.97
ZOLT,2010-12-20,3,513913.64999999997
ZOLT,2011-06-14,3,255554.58999999997
ZOM,2024-06-13,4,220749.93
ZOM,2025-03-18,7,255208.95
ZONE,2024-05-14,3,1327000.0
ZQK,2008-11-05,3,314864.83
ZQK,2014-06-09,3,714417.0
ZS,2018-03-20,4,5000000.0
ZSAN,2015-02-02,3,808027.0
ZSAN,2016-08-22,6,363599.28
ZSPH,2014-06-25,4,17910000.0
ZTHO,2011-04-11,3,6227524041.0
ZTS,2013-02-08,14,1114964.8
ZTS,2026-05-13,3,886383.5
ZUMZ,2023-06-13,3,1237850.1
ZURA,2024-04-24,4,4249998.509999999
ZVRA,2025-09-16,3,228383.25
ZYNE,2018-08-22,5,216444.46
[EXP],2006-10-06,3,14223911.0
[N/A],2007-05-21,5,390102.75
